tree
version=v4
num_class=1
num_tree_per_iteration=1
label_index=0
max_feature_idx=9
objective=binary sigmoid:1
feature_names=report_lat report_lng route_centroid_lat route_centroid_lng driver_lat driver_lng distance_report_to_route distance_report_to_driver route_load driver_status
feature_infos=[18.402223384012942:18.699865374792687] [73.700755594427406:73.999270041756247] [18.408602136415865:18.67826540463728] [73.702581177261507:73.99743939448328] [18.407198691898522:18.665889926544157] [73.709330232554677:73.984967113760717] [0.2922014232458468:39.923188081854683] [0.29554219723262332:41.440503352864511] [1:9] [-1:1]
tree_sizes=2859 2803 3347 3346 3347 3361 3348 3347 3360 3339 3360 3365 3368 3372 3376 3370 3383 3372 3384 3369 3377 3381 3391 3372 3381 3375 3370 3365 3365 3371 3381 3365 3381 3372 3373 3384 3377 3388 3394 3357 3360 3362 3392 3368 3377 3371 3363 3390 3360 3383 3391 3393 3375 3367 3380 3376 3392 3387 3377 3379 3392 3395 3383 3375 3376 3405 3413 3377 3379 3418 3404 3417 3398 3387 3405 3415 3389 3389 3398 3418 3399 3387 3418 3431 3391 3403 3413 3400 3408 3401 3422 3406 3425 3438 3405 3408 3394 3397 3417 3413

Tree=0
num_leaves=27
num_cat=0
split_feature=6 0 6 6 0 4 0 6 6 7 6 3 1 2 0 6 0 6 7 0 6 0 0 0 0 2
split_gain=1474.36 311.422 215.846 102.395 190.855 64.1605 59.5036 51.8579 49.378 32.7404 27.8081 14.4231 10.8293 9.47971 4.0282 16.0281 2.47716 0.975735 1.91718 0.515354 0.362504 0.441732 1.13687e-13 2.84217e-14 8.88178e-16 8.88178e-16
threshold=6.1978922637714797 18.535016790210147 3.8449982720071083 8.7593409946772969 18.530043969435656 18.447253701234249 18.624070271868508 7.9441325198846906 5.3763403707074664 19.272473119026508 3.0350754803297613 73.774649923850944 73.95155458577706 18.498151194926887 18.695119111257256 22.035595906372489 18.568479130654886 6.9412750327836124 15.753783547187739 18.50000636086618 9.1260030626041058 18.523913744027229 18.653229002336804 18.690216700466106 18.692492579701099 18.465250354431955
decision_type=2 2 2 2 2 2 2 2 2 2 2 2 2 2 2 2 2 2 2 2 2 2 2 2 2 2
left_child=1 2 10 4 17 19 7 13 9 -7 11 -1 -13 -6 20 -16 -3 18 -2 -4 21 -5 -18 -22 -25 -17
right_child=3 16 5 14 6 8 -8 -9 -10 -11 -12 12 -14 -15 15 25 22 -19 -20 -21 23 -23 -24 24 -26 -27
leaf_value=-2.1862061351436761 -2.6205759893427003 -1.9727023085034765 -2.7015601994476031 -2.7015601994476031 -2.3776233590279912 -2.0941786236608317 -2.045973736693627 -2.6090068164705711 -2.6205759893426999 -2.4108476503530798 -2.2741435350050598 -1.8917180983985742 -2.0941786236608313 -2.1862061351436752 -2.4990996741853455 -2.7015601994476031 -1.8917180983985737 -2.7015601994476031 -2.7015601994476031 -2.6610680943951515 -2.7015601994476031 -2.6610680943951515 -1.8917180983985742 -2.7015601994476031 -2.7015601994476031 -2.7015601994476031
leaf_weight=1.3582895025610948 1.234808638691905 1.2348086386919011 2.1609151177108274 1.4817703664302819 1.2348086386919015 1.2348086386919024 1.296549070626497 2.1609151177108288 1.852212958037853 2.4078768454492092 2.2226555496454239 1.4200299344956877 1.2348086386919019 1.3582895025610922 1.2348086386919011 2.4078768454492092 2.7783194370567799 8.5201796069741231 1.7904725261032579 1.2348086386919019 172.07058380171657 1.2348086386919019 1.2348086386919019 1.4817703664302819 2.0991746857762337 2.284395981580019
leaf_count=22 20 20 35 24 20 20 21 35 30 39 36 23 20 22 20 39 45 138 29 20 2787 20 20 24 34 37
internal_value=-2.64802 -2.24265 -2.35779 -2.68893 -2.57369 -2.51597 -2.34622 -2.42811 -2.41038 -2.3035 -2.13227 -2.05369 -1.98589 -2.27736 -2.69993 -2.65938 -1.91077 -2.6929 -2.66851 -2.68684 -2.70128 -2.68315 -1.89172 -2.70156 -2.70156 -2.70156
internal_weight=222.266 20.3743 15.1264 201.891 17.596 8.89062 6.05056 4.75401 5.4949 3.64269 6.23578 4.01313 2.65484 2.5931 184.295 5.92708 5.24794 11.5455 3.02528 3.39572 178.368 2.71658 4.01313 175.652 3.58095 4.69227
internal_count=3600 330 245 3270 285 144 98 77 89 59 101 65 43 42 2985 96 85 187 49 55 2889 44 65 2845 58 76
is_linear=0
shrinkage=1


Tree=1
num_leaves=26
num_cat=0
split_feature=6 6 0 0 6 7 6 0 6 5 4 4 7 0 6 7 6 7 0 6 7 8 1 7 0
split_gain=941.488 92.1623 125.842 73.1029 91.0265 34.7204 31.876 24.3173 22.8353 20.6121 19.5259 19.0209 6.03764 4.01783 13.4522 2.85095 0.978037 1.80503 0.478014 0.371087 0.455542 0.202642 0.200488 2.84217e-14 8.88178e-16
threshold=6.1978922637714797 8.7593409946772969 18.530043969435656 18.536220212526626 4.7799243670370677 25.168328339853343 3.0350754803297613 18.49458570297276 7.9441325198846906 73.846549693948546 18.603004466192118 18.507565862073033 12.107326605801719 18.695119111257256 22.035595906372489 17.693024436103055 6.9412750327836124 15.753783547187739 18.504695669197481 9.1260030626041058 15.674718426794273 5.5000000000000009 73.842982181384158 25.495836853515637 18.698680761134838
decision_type=2 2 2 2 2 2 2 2 2 2 2 2 2 2 2 2 2 2 2 2 2 2 2 2 2
left_child=3 2 16 4 5 6 15 11 10 -6 -4 -8 -10 19 -15 -1 17 -2 -11 20 -3 22 -5 -21 -16
right_child=1 13 8 21 9 -7 7 -9 12 18 -12 -13 -14 14 24 -17 -18 -19 -20 23 -22 -23 -24 -25 -26
leaf_value=0.36304132794564958 0.025443943697290961 -0.053419797083209701 0.20637737014053603 0.36337245736568985 0.148367356182833 0.43543529075687365 -0.028650442697315089 0.28257470879038615 0.17961200756582849 -0.053776638257723143 0.41651795142929321 0.20711060589798322 0.043118001198715665 0.12406317601830859 -0.053355039589272429 0.29086701021773964 -0.05335503958927245 -0.053355039589272416 -0.014409885631006559 -0.05335503958927245 -0.01166855700295702 0.38908753200755236 0.38394358125346939 -0.05335503958927245 -0.053355039589272402
leaf_weight=2.7385343760252052 1.2645104527473479 1.4375463947653764 2.8671505600213996 2.2574462294578534 2.7100866809487334 2.8536250889301291 1.9492844864726069 2.3690362721681595 1.7049158066511156 1.9808642342686655 1.7990615516901014 1.5246715247631071 1.5437858477234838 1.4031454920768727 3.2410009577870369 2.7344604432582855 8.1319660395383817 1.708891414105892 1.2626496776938436 134.41314881294966 1.1976024284958837 4.3675967529416084 2.4918802529573441 33.234991639852524 1.237473092973232
leaf_count=26 20 24 34 20 37 34 28 29 22 31 19 18 23 20 55 27 138 29 19 2281 20 39 22 564 21
internal_value=-0.000731992 -0.0403696 0.0641925 0.263859 0.210645 0.279577 0.240273 0.159055 0.216534 0.0465885 0.287397 0.0748218 0.11475 -0.051659 -0.0110294 0.326981 -0.0443826 -0.0198439 -0.0384518 -0.0530624 -0.034445 0.381314 0.374166 -0.053355 -0.053355
internal_weight=224.425 195.185 19.0203 29.2401 20.1232 14.1696 11.316 5.84299 7.91491 5.9536 4.66621 3.47396 3.2487 176.165 5.88162 5.47299 11.1054 2.9734 3.24351 170.283 2.63515 9.11692 4.74933 167.648 4.47847
internal_count=3600 3270 285 330 249 162 128 75 98 87 53 46 45 2985 96 53 187 49 50 2889 44 81 42 2845 76
is_linear=0
shrinkage=0.05


Tree=2
num_leaves=31
num_cat=0
split_feature=6 0 6 5 0 0 6 0 0 6 6 1 1 6 0 0 0 7 8 1 0 7 0 2 6 6 7 0 7 6
split_gain=721.647 89.3352 127.771 24.065 19.4959 17.6761 17.0712 79.311 13.9806 19.3789 11.1321 8.00049 5.49996 7.78804 4.13785 3.82581 2.11415 1.96846 1.70574 0.911884 0.676149 0.404081 0.000226116 0.000687062 8.08529e-05 2.39047e-05 1.10153e-05 2.42947e-06 6.20281e-07 6.84832e-07
threshold=7.9441325198846906 18.542157124668254 4.7799243670370677 73.846549693948546 18.434933989761774 18.520168003625823 10.034239841943679 18.651319002954704 18.49458570297276 3.0350754803297613 6.0215309568934048 73.927318425425526 73.891273865394751 6.0215309568934048 18.533574095116844 18.542157124668254 18.481069748663728 20.877728819494859 4.5000000000000009 73.793912384771616 18.524168457542348 11.830893071402267 18.695607282191347 18.524078808438642 5.5609490510183113 6.7877291330552376 15.984789299168428 18.521895324678272 15.674718426794273 8.7593409946772969
decision_type=2 2 2 2 2 2 2 2 2 2 2 2 2 2 2 2 2 2 2 2 2 2 2 2 2 2 2 2 2 2
left_child=1 2 4 5 -1 10 7 14 9 -6 -4 -11 19 -14 27 -16 -12 -10 -17 21 24 -3 -8 -24 -5 26 -26 28 -2 -30
right_child=6 12 3 20 8 -7 22 -9 17 11 16 -13 13 -15 15 18 -18 -19 -20 -21 -22 -23 23 -25 25 -27 -28 -29 29 -31
leaf_value=0.33011843209210845 -0.053180687283413498 0.26305457774066709 0.11556696975060786 -0.053716459375316175 0.21933370532437638 0.22740318728096881 -0.053180720813133756 0.38407804716413024 0.26738942691473389 0.12326734673885409 -0.05326857715756405 -0.021864281589809409 0.27607512104955162 0.15649217905732946 0.065173893944187822 0.016681024386415944 0.030309509935697261 0.20892180635156318 -0.053877372974771791 0.30500833016917395 -0.011641811981570743 0.28918167609531276 -0.053180720813133756 -0.05452143750687493 -0.053498982772095555 -0.053180720813133735 -0.053288685648177014 -0.053268809213728785 -0.0531807208131337 -0.05322990569265465
leaf_weight=2.9576841816306141 4.4985551387071592 3.2450915127992612 2.6344306990504247 1.3808581195771692 4.4903246909379941 1.5811889395117757 155.08912424743176 1.2484067007899273 3.9949872791767111 2.5108442679047585 2.065097071230412 1.5271307080984113 3.2627755105495444 2.3365810289978981 1.6834901049733151 1.4103085845708849 1.1941883862018583 2.250553585588932 2.1814989522099495 4.3824310526251793 1.1402942575514314 2.7205425053834915 3.7675748094916335 1.2802875488996504 1.2785942777991297 2.6429256126284599 1.2138331495225427 1.2080872803926466 1.1808816567063334 1.7662655040621755
leaf_count=24 80 23 32 22 35 16 2758 13 35 28 36 21 22 21 27 21 20 20 34 32 14 20 67 17 21 47 21 21 21 31
internal_value=-0.00104739 0.168988 0.121867 0.0151421 0.212942 0.078959 -0.0483881 0.00229216 0.189484 0.14786 0.0391338 0.0683797 0.266091 0.226174 -0.0319257 0.00297833 -0.0226459 0.246321 -0.0261729 0.287691 -0.0471612 0.274969 -0.0531914 -0.0535208 -0.0533768 -0.0532855 -0.0533966 -0.053203 -0.0531924 -0.0532102
internal_weight=224.125 48.8104 32.8629 15.1314 17.7315 7.47491 175.314 15.1775 14.7738 8.5283 5.89372 4.03797 15.9474 5.59936 13.9291 5.2753 3.25929 6.24554 3.59181 10.3481 7.65651 5.96563 160.137 5.04786 6.51621 5.13535 2.49243 8.65379 7.4457 2.94715
internal_count=3600 510 392 229 163 104 3090 248 139 84 88 49 118 43 235 82 56 55 55 75 125 43 2842 84 111 89 42 153 132 52
is_linear=0
shrinkage=0.05


Tree=3
num_leaves=31
num_cat=0
split_feature=6 0 6 6 0 0 5 6 6 1 2 3 1 0 6 1 0 1 6 6 1 0 2 6 6 7 0 7 6 0
split_gain=599.622 57.5316 99.6392 16.6681 56.7117 12.4784 10.6369 10.8465 8.9575 16.0875 6.84489 6.69403 8.60121 5.00968 4.01507 2.44438 1.83875 1.63063 3.30413 0.645633 0.588907 0.000192739 0.000584908 9.17349e-05 2.00451e-05 9.38817e-06 2.07201e-06 5.28769e-07 5.83898e-07 1.09938e-08
threshold=7.9441325198846906 18.525951680078702 4.7799243670370677 10.034239841943679 18.668853961813802 18.441112884714837 73.846549693948546 6.0215309568934048 3.8449982720071083 73.909042254245236 18.498151194926887 73.774649923850944 73.955017102037246 18.533574095116844 9.1260030626041058 73.879182465600877 18.482330734710494 73.891273865394751 4.7799243670370677 6.0215309568934048 73.747808243712129 18.695607282191347 18.524078808438642 5.5609490510183113 6.7877291330552376 15.984789299168428 18.521895324678272 15.674718426794273 8.7593409946772969 18.50000636086618
decision_type=2 2 2 2 2 2 2 2 2 2 2 2 2 2 2 2 2 2 2 2 2 2 2 2 2 2 2 2 2 2
left_child=1 2 5 4 13 -1 7 -4 11 -10 -3 -7 -13 26 15 -15 -9 19 -19 20 -12 -5 -23 -8 25 -25 27 -2 -29 -26
right_child=3 10 6 21 -6 8 23 16 9 -11 17 12 -14 14 -16 -17 -18 18 -20 -21 -22 22 -24 24 29 -27 -28 28 -30 -31
leaf_value=0.24535347757091916 -0.053015956461450166 0.13858845496043501 0.1051603411227553 -0.053015985246033341 0.31112977658457019 0.11790362471312132 -0.05356703174593256 -0.053127741661175315 0.1719840705509349 -0.026646414753994555 0.23274578109936611 0.25028737972785103 0.14263263952365046 0.067054054437798299 -0.053195543928214566 -0.016969121046430623 0.022266413002977405 0.22811203196971311 0.15766324809739357 0.24612834110724086 0.20655121365063051 -0.053015985246033341 -0.054281822045842747 -0.053316803083286873 -0.053015985246033293 -0.053118063982204547 -0.05309926678806387 -0.053015985246033272 -0.053062480090406733 -0.053022608040210022
leaf_weight=4.4022211208939579 4.2921181842684728 3.3055730834603336 3.102684833109377 147.97215347737074 1.3507036417722691 3.6648364141583425 1.4538940265774725 2.0945755578577523 2.3911157250404349 1.7769090831279752 4.548740006983282 4.0055153071880341 3.4564147740602493 2.4560588188469406 1.8025600165128706 1.3366690799593923 1.3173016086220739 3.7631470113992682 2.9842517673969269 3.3979070633649817 4.0615318194031715 3.5946824811398974 1.2230871245265005 1.2202871814370158 1.502255365252495 1.1582489162683485 1.1527446769177911 1.1266915239393713 1.685290928930044 1.0750462114810941
leaf_count=31 80 30 34 2758 11 28 24 38 21 24 27 27 26 33 32 19 21 22 22 21 24 67 17 21 28 21 21 21 31 20
internal_value=-0.00124669 0.142565 0.100389 -0.0480581 0.00187094 0.171174 -0.0074883 0.0375053 0.149823 0.0873041 0.204929 0.173242 0.200421 -0.0282845 0.00824237 0.0374418 -0.0240186 0.216622 0.196954 0.227673 0.22039 -0.0530261 -0.0533373 -0.0532178 -0.0531154 -0.05322 -0.0530371 -0.053027 -0.0530439 -0.0530187
internal_weight=222.675 54.6825 32.6213 167.993 15.2028 19.697 12.9243 6.51456 15.2948 4.16802 22.0612 11.1268 7.46193 13.8521 5.59529 3.79273 3.41188 18.7556 6.7474 12.0082 8.61027 152.79 4.81777 6.40973 4.95584 2.37854 8.25685 7.1041 2.81198 2.5773
internal_count=3600 510 364 3090 248 157 207 93 126 45 146 81 53 237 84 52 59 116 44 72 51 2842 84 114 90 42 153 132 52 48
is_linear=0
shrinkage=0.05


Tree=4
num_leaves=31
num_cat=0
split_feature=6 0 6 6 0 6 1 0 5 1 1 0 9 0 1 1 6 1 6 5 1 0 0 0 2 6 7 0 7 6
split_gain=512.722 41.2825 75.3841 16.2831 42.16 8.32213 12.6423 14.7054 6.6655 7.04967 18.9867 6.45575 6.18649 4.82338 4.20307 5.57372 3.65508 2.00716 4.02636 1.80912 1.20323 1.06608 0.000960568 0.000164372 0.00049823 1.58563e-05 5.95058e-06 1.76804e-06 4.51163e-07 4.98051e-07
threshold=7.9441325198846906 18.538909514911385 5.3763403707074664 10.034239841943679 18.668853961813802 4.3858722353422595 73.905010303666856 18.479379792821359 73.846549693948546 73.82093938253324 73.887663132119698 18.441112884714837 -1.0000000180025095e-35 18.533574095116844 73.935890259306603 73.786390000700678 9.1260030626041058 73.891273865394751 6.0215309568934048 73.779948143422118 73.793912384771616 18.600801902891977 18.516475119798915 18.695607282191347 18.524078808438642 6.7877291330552376 15.042965338999318 18.521895324678272 15.674718426794273 8.7593409946772969
decision_type=2 2 2 2 2 2 2 2 2 2 2 2 2 2 2 2 2 2 2 2 2 2 2 2 2 2 2 2 2 2
left_child=1 2 5 4 13 11 7 -7 9 -4 -11 -1 -13 27 15 -14 19 20 -19 -15 21 -3 25 -5 -25 26 -10 28 -2 -30
right_child=3 17 8 23 -6 6 -8 -9 22 10 -12 12 14 16 -16 -17 -18 18 -20 -21 -22 -23 -24 24 -26 -27 -28 -29 29 -31
leaf_value=0.20666831350208315 -0.052860224723969618 0.1554046404033681 -0.054815258838947202 -0.052860255469179607 0.23970085917026235 0.02419432443347147 -0.026809232380825457 0.2088587669567625 -0.053133354957214801 0.19321344420747047 -0.032316977238624527 0.092799344452013904 0.14078739342342797 0.077288599845823328 0.11931258434778028 0.2323292636554104 -0.053030048054846124 0.18787524413973508 0.11169174543579928 0.0074503754582179033 0.20600556186930127 0.1916796504883107 -0.054612180302388361 -0.052860255469179607 -0.054055866005805676 -0.052860249276822369 -0.052977572605407475 -0.052939014274741507 -0.052860255469179544 -0.052904220179059581
leaf_weight=4.6048918291926446 4.0945133976638299 3.3991982489824313 1.9314648769795875 141.15966308861971 1.6557615399360646 1.8330968879163254 1.7202025689184663 2.6174562200903893 1.1054649353027346 1.6081180535256865 2.223567184060812 4.9000773951411256 3.4523607641458476 1.5110252797603609 3.861408069729805 3.2078990489244461 1.7198640108108518 4.2963642328977576 2.9083517044782639 2.4004175662994385 6.2334747388958922 5.0115751028060913 1.0912151001393793 3.4291868843138209 1.1681766584515569 2.0984537228941917 1.3760527111589906 1.099760055541992 1.0748197697103026 1.6077727228403089
leaf_count=27 80 20 27 2758 11 19 22 23 20 23 33 38 24 20 28 20 32 22 21 32 34 26 16 67 17 41 26 21 21 31
internal_value=-0.00137529 0.124061 0.0923209 -0.0477398 0.00157095 0.139074 0.0883055 0.132799 -0.0147956 0.0230737 0.0623358 0.154717 0.139204 -0.0276178 0.160816 0.184878 0.00771838 0.178728 0.157122 0.0344295 0.189358 0.177019 -0.053279 -0.0528698 -0.0531641 -0.0529614 -0.053047 -0.0528802 -0.0528707 -0.0528866
internal_weight=220.402 59.4807 37.6317 160.921 15.1639 26.1974 6.17076 4.45055 11.4343 5.76315 3.83169 20.0266 15.4217 13.5082 10.5217 6.66026 5.63131 21.849 7.20472 3.91144 14.6442 8.41077 5.67119 145.757 4.59736 4.57997 2.48152 7.87687 6.77711 2.68259
internal_count=3600 510 387 3090 248 201 64 42 186 83 56 137 110 237 72 44 84 123 43 52 80 46 103 2842 84 87 46 153 132 52
is_linear=0
shrinkage=0.05


Tree=5
num_leaves=31
num_cat=0
split_feature=6 0 6 6 0 6 4 1 7 1 2 0 0 8 5 8 6 6 0 6 7 6 0 2 5 7 4 0 7 6
split_gain=446.277 32.4999 61.2772 15.9093 34.185 8.09227 14.4219 9.01343 18.4264 15.5319 3.91197 3.75477 3.25938 2.83558 6.49283 2.11867 1.59414 1.15888 0.582586 0.171599 0.370913 0.00039679 0.000140246 0.000424625 7.23068e-05 3.14053e-05 6.52501e-06 1.5095e-06 3.85039e-07 4.25082e-07
threshold=7.9441325198846906 18.525951680078702 5.3763403707074664 10.034239841943679 18.651319002954704 3.0350754803297613 18.425073633879659 73.80331633181224 25.070624101384578 73.918520095259879 18.498151194926887 18.533574095116844 18.542157124668254 4.5000000000000009 73.799148083326656 3.5000000000000004 2.1216903326982175 6.2770418785418016 18.446289511238572 5.1901810810604898 18.479841001819707 6.1978922637714797 18.695607282191347 18.524078808438642 73.828247422589854 17.521051657559664 18.425073633879659 18.521895324678272 15.674718426794273 8.7593409946772969
decision_type=2 2 2 2 2 2 2 2 2 2 2 2 2 2 2 2 2 2 2 2 2 2 2 2 2 2 2 2 2 2
left_child=1 2 5 4 11 16 -7 8 -8 -9 -3 27 -13 14 -4 -14 -1 19 -16 20 -12 -15 -5 -24 -23 -20 -26 28 -2 -30
right_child=3 10 13 22 -6 6 7 9 -10 -11 17 12 15 21 18 -17 -18 -19 25 -21 -22 24 23 -25 26 -27 -28 -29 29 -31
leaf_value=0.16870907762627987 -0.052712958208231277 0.10574852460744251 0.092318602387526427 -0.052712986101636043 0.18245763240762364 -0.016121764330750719 -0.038190927076363346 0.21973208826243168 0.14750539911958152 0.069903983275615367 0.16321909068762863 0.056775625082359255 0.027561947267315614 -0.054021057885297014 -0.0082990668513163862 -0.05385869529654827 0.13217828471595963 0.13956482975561291 -0.053159056706877372 0.15916792470642105 0.18205868566362246 -0.053240979459760578 -0.052712986101636043 -0.053842680233089371 -0.052896071139139259 -0.052775787204231872 -0.052717945380979236 -0.052787497093154126 -0.052712986101635974 -0.052754573964224533
leaf_weight=5.5165258496999758 3.9054278060793859 3.9054086208343533 1.3625143654644469 134.64088556170464 2.2216855734586707 2.4859792254865161 2.3462324589490873 3.8999316319823265 3.1022894307971001 3.1083905734121799 7.6493664681911522 1.8048490472137926 1.2191571332514288 1.2955656535923479 1.1077743098139765 2.3182326257228851 6.5113480091094971 5.3634093254804602 1.0940871536731722 5.8749495372176161 3.967720091342926 1.8018310032784941 3.2708264440298072 1.1154924258589742 1.0296688713133337 1.044974513351917 1.0268307738006113 1.0490509942173956 1.0251844078302386 1.533589359372854
leaf_count=30 80 30 19 2758 13 31 19 26 21 29 36 27 18 20 20 37 35 31 20 29 20 32 67 17 20 21 21 21 21 31
internal_value=-0.00146888 0.110084 0.0795521 -0.0474315 0.00135254 0.118406 0.0938344 0.115778 0.0675412 0.153279 0.151995 -0.029946 0.00209964 -0.0277812 0.000712017 -0.0257972 0.148933 0.159897 -0.0377301 0.166132 0.169654 -0.053264 -0.0527221 -0.0530003 -0.0530097 -0.0529718 -0.0528071 -0.0527319 -0.0527228 -0.0527379
internal_weight=217.599 63.4948 36.7339 154.104 15.0772 26.9707 14.9428 12.4568 5.44852 7.00832 26.7609 12.8555 5.34224 9.76325 4.60935 3.53739 12.0279 22.8554 3.24684 17.492 11.6171 5.1539 139.027 4.38632 3.85833 2.13906 2.0565 7.51325 6.4642 2.55877
internal_count=3600 510 364 3090 248 191 126 95 40 55 146 235 82 173 80 55 65 116 61 85 56 93 2842 84 73 41 41 153 132 52
is_linear=0
shrinkage=0.05


Tree=6
num_leaves=31
num_cat=0
split_feature=6 2 6 5 7 1 0 1 6 0 1 1 8 7 0 7 0 6 8 7 1 1 6 0 6 0 2 6 7 6
split_gain=395.796 31.0955 41.0808 22.6968 18.0831 23.3898 15.7674 17.5402 7.60218 22.8918 5.25825 4.04868 6.22599 3.49259 2.02397 1.87051 1.26011 1.61 1.08636 0.816128 2.32629 0.814921 0.141502 0.00648066 0.00215909 0.000119717 0.000362084 3.2757e-05 1.33866e-06 1.09462e-06
threshold=8.3668327803521638 18.524078808438642 4.3858722353422595 73.846549693948546 21.221682988212006 73.781058482087687 18.502249002665661 73.853350056363254 10.034239841943679 18.668853961813802 73.771701713731701 73.934377183642667 6.5000000000000009 23.835482679118709 18.557118580305481 26.515251557584495 18.533574095116844 9.1260030626041058 5.5000000000000009 18.479841001819707 73.879182465600877 73.962604316291291 5.7664173076843026 18.535016790210147 5.3763403707074664 18.695607282191347 18.524078808438642 6.4998050756016044 21.792847383791649 7.0243822119501678
decision_type=2 2 2 2 2 2 2 2 2 2 2 2 2 2 2 2 2 2 2 2 2 2 2 2 2 2 2 2 2 2
left_child=1 2 10 4 5 -4 7 -7 9 16 13 -12 -13 -1 -3 21 28 -18 -6 20 22 23 -16 24 -5 -10 -27 -26 -2 -29
right_child=8 14 3 15 18 6 -8 -9 25 -11 11 12 -14 -15 19 -17 17 -19 -20 -21 -22 -23 -24 -25 27 26 -28 29 -30 -31
leaf_value=0.044228651791953406 -0.052585184199118576 0.10465481108610844 -0.023059622027786997 -0.054907355804931335 -0.0025370894122318404 0.17033885005683391 0.21733987902529545 -0.053570310442788684 -0.052573681499278026 0.17674892611334164 0.16338506541591374 0.067640259755483115 0.15221181730789429 0.11460609726792431 0.14659721046324653 0.015636405421755126 0.012360825631110373 -0.052906678604131931 -0.056115738792846426 0.16011071598362392 0.10730950068127199 -0.007084465925766119 0.15826040573269456 -0.05731022441092657 -0.052933140187728336 -0.052573681499278026 -0.053641474032599334 -0.052653684780755432 -0.052648973220090468 -0.052586649553234333
leaf_weight=3.2249542847275761 4.5800260752439481 3.5275949351489571 2.8487550057470816 1.5848301500081996 1.8691726848483077 1.9554975032806399 3.7500922307372093 1.5824236795306204 128.40515612065792 1.4378189593553532 6.8415693491697303 4.147973492741583 4.5780341923236847 3.8884070217609406 6.5169218927621859 1.3787096180021761 2.2172159142792229 1.6465492919087408 1.9157553128898144 6.6287431567907324 4.1701891571283332 1.0689545683562753 4.3274086937308311 1.2878956496715543 1.1250587701797488 3.1193420812487593 1.0649687051773069 0.95414374768734012 1.0024922229349611 1.6833686977624891
leaf_count=21 98 27 33 22 23 20 28 27 2758 8 35 28 28 22 29 19 29 32 25 31 21 19 21 13 22 67 17 20 21 36
internal_value=-0.00153529 0.09515 0.070564 0.0234855 0.063601 0.0984219 0.145907 0.0701899 -0.0492847 -0.0091138 0.118314 0.134588 0.11201 0.0826994 0.139774 -0.0380006 -0.037404 -0.015453 -0.0296561 0.145498 0.139047 -0.0475992 0.151251 -0.0541262 -0.0533593 -0.0525823 -0.0528455 -0.0527073 -0.0525966 -0.0526109
internal_weight=214.33 70.8565 45.6856 23.0047 13.9217 10.1368 7.28801 3.53792 143.474 10.8841 22.6809 15.5676 8.72601 7.11336 25.1709 9.08296 9.44628 3.86377 3.78493 21.6433 15.0145 7.70425 10.8443 6.6353 5.3474 132.589 4.18431 3.76257 5.58252 2.63751
internal_count=3600 570 441 307 156 108 75 47 3030 188 134 91 56 43 129 151 180 61 48 102 71 132 50 113 100 2842 84 78 119 56
is_linear=0
shrinkage=0.05


Tree=7
num_leaves=31
num_cat=0
split_feature=6 2 6 5 0 1 1 6 0 0 4 0 6 6 6 0 0 0 6 1 1 5 0 6 6 0 2 6 7 7
split_gain=353.727 25.7623 33.5379 19.8501 15.2259 9.12105 23.103 7.48093 19.449 4.2148 5.76541 2.86837 4.17106 2.34806 2.12428 4.41742 1.76237 1.25237 1.53052 0.853823 0.493954 0.0694027 0.00697588 0.000815521 0.000418992 0.000102236 0.000308902 6.67802e-06 1.14345e-06 1.08687e-06
threshold=8.3668327803521638 18.524078808438642 4.3858722353422595 73.846549693948546 18.530043969435656 73.821754006160404 73.853350056363254 10.034239841943679 18.668853961813802 18.441112884714837 18.556650015897734 18.50000636086618 2.6699638003383241 4.7799243670370677 5.8601300934005858 18.59649222817761 18.504695669197481 18.533574095116844 9.1260030626041058 73.962196876888513 73.74589070238396 73.817477667796027 18.535016790210147 6.2770418785418016 5.7664173076843026 18.695607282191347 18.524078808438642 6.7877291330552376 21.792847383791649 18.738059196825706
decision_type=2 2 2 2 2 2 2 2 2 2 2 2 2 2 2 2 2 2 2 2 2 2 2 2 2 2 2 2 2 2
left_child=1 2 9 4 5 -4 -7 8 17 -1 11 12 -11 -5 20 -16 23 28 -19 22 -3 -22 24 -8 -15 -9 -27 -26 -2 -29
right_child=7 14 3 13 -6 6 16 25 -10 10 -12 -13 -14 19 15 -17 -18 18 -20 -21 21 -23 -24 -25 27 26 -28 29 -30 -31
leaf_value=0.14354252030913622 -0.052452755457229931 0.14886390898387972 -0.055474176978305624 0.030549675508060221 0.12973999995267535 0.15675446695963771 -0.054625532785268507 -0.052441867675691312 0.1540345471896889 0.12130360616895296 0.036497399887502634 0.13410515164476086 0.051333316943643383 -0.053481012540584121 0.051444424461382032 0.12767199437411525 0.017316660423778465 0.011622429464964286 -0.052757039294126298 -0.0045221933802191338 0.13447178031649556 0.12627369829441751 -0.05679351384969681 -0.052800119801983326 -0.052621054670344725 -0.052441867675691312 -0.05345147923370857 -0.05244897287753323 -0.05251312689877579 -0.052519780348900147
leaf_weight=5.7426774054765728 4.3673770241439325 5.9757860451936784 2.7568441443145293 1.1126627884805183 4.886798530817031 2.9785462021827698 1.403544373810292 122.44201547652483 1.5637079775333393 4.6704406440258044 3.4765684455633155 6.1613703817129126 3.9155307039618492 1.7235853895545004 2.5549810230731946 7.4203476160764694 1.3387237228453157 2.239582154899836 1.5705763548612592 1.0181379839777944 5.8375219702720624 4.6285860203206539 1.419438488781452 1.0847442857921121 1.2726547829806807 2.974479708820581 1.0165393501520155 1.3352129831910136 0.95600463822484005 0.9122110754251479
leaf_count=27 98 27 39 10 32 27 20 2758 8 23 21 33 30 30 20 36 16 29 32 19 25 21 15 22 27 67 17 30 21 20
internal_value=-0.00158904 0.0868128 0.0646884 0.0218948 0.0579422 0.0212504 0.0523306 -0.0490531 -0.008904 0.10619 0.0944197 0.108074 0.0893945 -0.0373344 0.126351 0.108148 -0.0289421 -0.0367999 -0.0149153 -0.0471677 0.137395 0.130846 -0.053684 -0.0538298 -0.0528423 -0.05245 -0.052699 -0.0525295 -0.0524636 -0.0524777
internal_weight=210.757 73.6269 47.2097 23.2431 14.4492 9.5624 6.80556 137.13 10.6972 23.9666 18.2239 14.7473 8.58597 8.7939 26.4172 9.97533 3.82701 9.13354 3.81016 7.68124 16.4419 10.4661 6.6631 2.48829 5.24366 126.433 3.99102 3.52008 5.32338 2.24742
internal_count=3600 570 441 307 156 124 85 3030 188 134 107 86 53 151 129 56 58 180 61 141 73 46 122 42 107 2842 84 77 119 50
is_linear=0
shrinkage=0.05


Tree=8
num_leaves=31
num_cat=0
split_feature=6 2 6 5 7 1 0 1 6 0 6 1 1 8 6 6 7 0 6 8 1 1 1 0 6 0 2 6 7 7
split_gain=318.704 21.8949 27.903 17.5169 13.9762 16.3979 9.39433 11.6632 7.35411 17.5471 3.86876 5.61735 4.14417 6.1776 2.22317 1.91283 3.80822 1.76944 1.82992 1.01873 0.888933 0.363819 0.0630174 0.00596711 0.000359837 8.73425e-05 0.000263652 5.62169e-06 9.77033e-07 8.47861e-07
threshold=8.3668327803521638 18.524078808438642 4.3858722353422595 73.846549693948546 21.221682988212006 73.781058482087687 18.502249002665661 73.853350056363254 10.034239841943679 18.680838103495795 1.8333063912795591 73.771701713731701 73.934377183642667 6.5000000000000009 4.7799243670370677 5.8601300934005858 10.07849719107883 18.533574095116844 9.1260030626041058 5.5000000000000009 73.962604316291291 73.74589070238396 73.874385717270755 18.535016790210147 5.7664173076843026 18.695607282191347 18.524078808438642 6.7877291330552376 21.792847383791649 18.738059196825706
decision_type=2 2 2 2 2 2 2 2 2 2 2 2 2 2 2 2 2 2 2 2 2 2 2 2 2 2 2 2 2 2
left_child=1 2 10 4 5 -4 7 -7 9 17 -1 -12 -13 -14 -5 21 -17 28 -19 -6 23 -3 -23 24 -16 -10 -27 -26 -2 -29
right_child=8 15 3 14 19 6 -8 -9 25 -11 11 12 13 -15 20 16 -18 18 -20 -21 -22 22 -24 -25 27 26 -28 29 -30 -31
leaf_value=0.14054986566122557 -0.052327421334696027 0.13565850023190901 -0.023014101601765705 0.028401242191998112 -0.0041914933310227146 0.12730427388424162 0.16562480145020345 -0.053209246851631753 -0.052317113944963516 0.16672512052940824 0.047382425358489022 0.13574744003570594 0.035394852332245867 0.1204479587760809 -0.053301249811087394 0.12985384011587001 0.069217033883822568 0.016424217503121979 -0.052615487999451149 -0.056110719794901787 -0.0021243249913996997 0.1159860779955386 0.12372846278907788 -0.056427175499512164 -0.052486753874413129 -0.052317113944963502 -0.053272014010330299 -0.052327265808646287 -0.052384571677538044 -0.052390875205596869
leaf_weight=4.1518647670745876 4.164076726883648 6.2226115018129411 2.8067420832812813 1.1363534145057181 1.9132447279989713 2.3613083548843847 4.5047000385820866 1.4408377781510351 116.74116872996092 1.2551412433385838 6.1100883260369327 6.1481236889958373 3.8948438093066198 4.7246865928173065 1.6449147909879682 5.0529438257217389 5.3108408637344837 2.6716825775802135 1.4978961795568464 1.8665399067103861 0.97001460194587696 4.5306301414966565 6.2587853223085403 1.3587554618716238 1.2136060073971751 2.8359892331063743 0.97013738006353367 1.3171897530555727 0.91155504062771786 0.86980307102203358
leaf_count=19 98 27 33 10 23 20 28 27 2758 6 35 29 25 26 30 24 32 31 32 25 18 20 26 15 27 67 17 31 21 20
internal_value=-0.00162535 0.0799731 0.0597713 0.0205245 0.0532238 0.0814709 0.116775 0.058898 -0.048829 -0.00869642 0.0964691 0.0877029 0.104385 0.0820156 -0.0366984 0.115714 0.098781 -0.0325119 -0.00837788 -0.0298303 -0.04673 0.12603 0.120477 -0.0534861 -0.0526941 -0.0523248 -0.0525605 -0.0524005 -0.0523377 -0.0523526
internal_weight=206.857 75.8094 48.4336 23.404 14.8934 11.1136 8.30685 3.80215 131.048 10.5004 25.0296 20.8777 14.7677 8.61953 8.51064 27.3758 10.3638 9.24521 4.16958 3.77978 7.37428 17.012 10.7894 6.40427 5.04551 120.547 3.80613 3.4006 5.07563 2.18699
internal_count=3600 570 441 307 156 108 75 47 3030 188 134 115 80 51 151 129 56 182 63 48 141 73 46 123 108 2842 84 78 119 51
is_linear=0
shrinkage=0.05


Tree=9
num_leaves=31
num_cat=0
split_feature=6 2 6 0 6 0 5 6 1 7 1 5 2 8 1 1 8 0 0 6 7 1 6 6 1 5 7 6 0 2
split_gain=288.863 18.9457 23.7161 15.083 7.22745 15.1821 5.2089 7.8938 5.70395 5.6028 5.1382 5.06655 3.61649 2.61295 3.64616 11.6516 2.50688 1.98474 1.73892 1.72329 0.759567 1.77162 0.326387 0.295802 0.150297 0.000853143 0.000250227 0.000218331 7.46475e-05 0.000225128
threshold=8.3668327803521638 18.524078808438642 5.3763403707074664 18.530043969435656 10.034239841943679 18.680838103495795 73.864508296918558 3.0350754803297613 73.757482743625616 25.330545318314034 73.905010303666856 73.799148083326656 18.486282009488828 4.5000000000000009 73.853350056363254 73.819204256649513 5.5000000000000009 18.557118580305481 18.533574095116844 9.1260030626041058 14.040078586064581 73.856844289156058 5.019130639256665 3.8449982720071083 73.768433281146955 73.846549693948546 17.521051657559664 6.5992960681105428 18.695607282191347 18.524078808438642
decision_type=2 2 2 2 2 2 2 2 2 2 2 2 2 2 2 2 2 2 2 2 2 2 2 2 2 2 2 2 2 2
left_child=1 2 6 13 5 18 8 -8 -1 12 23 -5 -9 14 15 -4 -12 -3 -2 -20 21 24 -22 -10 -19 26 -15 -16 -6 -30
right_child=4 17 3 11 28 -7 7 9 10 -11 16 -13 -14 25 27 -17 -18 20 19 -21 22 -23 -24 -25 -26 -27 -28 -29 29 -31
leaf_value=0.020485378070150106 -0.052218486957488576 0.074852002373020296 -0.052965364373087166 0.11032135826645667 -0.052199005989248974 0.14905186058698186 0.10063085554437129 -0.057360200404250578 0.12242769382197978 0.086813419068049055 0.049582121317049407 0.02112819400985556 0.032815515748626317 -0.054159639293966326 -0.053527693523269242 0.15325417517006723 0.10066918009383835 0.11092380906619503 0.015410153781570055 -0.052481548253080545 0.11441685992057048 0.07974972031850712 0.13289540719653517 0.14050014637186348 0.12330837852254242 -0.052396672097517499 -0.053234708452894741 -0.052502034840579831 -0.05219900598924896 -0.053102427222864956
leaf_weight=2.2842984870076206 4.8388329520821554 4.1068265028297928 1.6196244023740312 3.3497347459197035 111.29254701733589 1.331578955054282 4.9510406106710416 2.3343809731304646 4.6079006195068377 1.9717684164643285 4.15158738568425 3.0345072597265244 2.1230620667338371 1.2973460182547571 1.1112573929131033 1.1869321987032888 5.6959192454814911 4.7826852798461932 2.7042511701583862 1.4283873885869978 4.9189866334199888 4.6335448324680319 4.6473944485187531 4.4514323547482491 5.0223573744297028 2.5875187329947948 1.6757425516843794 0.97331062704324711 2.7036260515451427 0.92569583654403675
leaf_count=14 119 27 33 20 2758 6 24 27 20 12 27 27 18 21 20 13 30 20 31 32 20 21 20 22 21 60 31 22 67 17
internal_value=-0.00165253 0.0742022 0.055557 0.00737389 -0.0486096 -0.00849198 0.0804625 0.0531774 0.0951154 0.0166342 0.104132 0.0679268 -0.0144099 -0.0296137 -0.0029575 0.0342478 0.0791315 0.106972 -0.0318752 -0.00805564 0.112467 0.105227 0.123394 0.131308 0.117267 -0.0530605 -0.0536383 -0.0530488 -0.0522063 -0.0524294
internal_weight=202.744 77.5192 49.4074 16.836 125.225 10.3031 32.5714 11.3803 21.1911 6.42921 18.9068 6.38424 4.45744 10.4517 4.89112 2.80656 9.84751 28.1118 8.97147 4.13264 24.005 14.4386 9.56638 9.05933 9.80504 5.56061 2.97309 2.08457 114.922 3.62932
internal_count=3600 570 441 247 3030 188 194 81 113 57 99 47 45 200 88 46 57 129 182 63 102 62 40 42 41 112 52 42 2842 84
is_linear=0
shrinkage=0.05


Tree=10
num_leaves=31
num_cat=0
split_feature=6 2 6 5 7 1 6 0 0 6 0 4 4 0 6 6 0 2 7 1 8 1 1 7 0 0 6 0 2 5
split_gain=262.989 16.6695 20.6027 14.1837 11.203 12.5816 7.09641 13.3316 6.59073 7.42667 3.50225 4.36722 2.0396 2.93165 2.02254 2.00736 3.50875 1.72242 2.45676 5.62856 0.990178 0.913828 0.282527 0.0809475 0.00567221 0.000460504 0.000457191 6.38199e-05 0.00019231 2.87497e-05
threshold=8.3668327803521638 18.524078808438642 4.3858722353422595 73.846549693948546 21.221682988212006 73.781058482087687 10.034239841943679 18.680838103495795 18.502249002665661 6.0215309568934048 18.438973453631764 18.556650015897734 18.447253701234249 18.510231373261927 4.7799243670370677 5.8601300934005858 18.59649222817761 18.494225675594834 9.1283117612580451 73.867469794320684 5.5000000000000009 73.962604316291291 73.74589070238396 14.867383731998201 18.535016790210147 18.533574095116844 5.3763403707074664 18.695607282191347 18.524078808438642 73.973558453011108
decision_type=2 2 2 2 2 2 2 2 2 2 2 2 2 2 2 2 2 2 2 2 2 2 2 2 2 2 2 2 2 2
left_child=1 2 10 4 5 -4 7 17 9 -7 -1 12 13 -12 -5 22 -17 25 -19 -20 -6 24 -3 -24 26 -2 -16 -8 -29 -28
right_child=6 15 3 14 20 8 27 -9 -10 -11 11 -13 -14 -15 21 16 -18 18 19 -21 -22 -23 23 -25 -26 -27 29 28 -30 -31
leaf_value=0.11684964872607025 -0.052108008005461573 0.1183867088344301 -0.023284976603376605 0.024938097450400931 -0.0046573062252586311 0.11119954756132044 -0.052087167947252183 0.13553265287745317 0.13644504637468341 -0.026098643773165904 0.045510574950554938 0.027137494487461923 0.10504658821114864 0.10049282272794882 -0.053471911833238739 0.035184345686929699 0.099582489523084822 -0.056002975382738809 0.096388198517230572 -0.053217674247261398 -0.056164185869662944 -0.00016819131604351898 0.10906944206954564 0.10049604090010032 -0.056209318874045539 -0.053416654461649164 -0.052158550069441173 -0.052087167947252169 -0.052942118802852024 -0.052467625521955968
leaf_weight=5.6788179129362133 3.7635128945112211 6.4891325831413331 2.7806586325168636 1.1705475300550441 1.9229129254817956 2.2240551896393286 106.08631778508425 1.3895381540060032 5.0284677222371101 1.7678059004247186 5.5550735369324737 4.221341408789157 6.8370449617505065 4.3019041121006012 0.9579184018075465 2.8554537259042254 8.1588002592325193 1.6118278019130228 1.2827795371413233 1.2329861372709272 1.8126939907670019 0.93516923487186421 6.2049858421087247 4.9491815716028214 1.3219372294843195 0.81843844428658474 2.6495083346962929 2.5771513022482391 0.88314804434776295 1.0507898703217509
leaf_count=24 97 27 33 10 23 17 2758 6 28 30 33 23 33 21 17 20 36 26 19 25 25 18 25 21 15 15 67 67 17 24
internal_value=-0.00167106 0.069208 0.0518436 0.0178624 0.0458128 0.0697008 -0.0483968 -0.0082917 0.0983652 0.0503967 0.0820276 0.072573 0.084062 0.0695066 -0.0358428 0.0996357 0.0828872 -0.0312377 -0.0078106 0.0230658 -0.0296509 -0.0461311 0.110091 0.105265 -0.0533187 -0.0523418 -0.0524984 -0.0520941 -0.0523054 -0.0522463
internal_weight=198.52 78.8742 50.2166 23.6225 15.5366 11.801 119.646 10.0991 9.02033 3.99186 26.5942 20.9154 16.694 9.85698 8.08587 28.6576 11.0143 8.70954 4.12759 2.51577 3.73561 6.91532 17.6433 11.1542 5.98015 4.58195 4.65822 109.547 3.4603 3.7003
internal_count=3600 570 441 307 156 108 3030 188 75 47 134 110 87 54 151 129 56 182 70 44 48 141 73 46 123 112 108 2842 84 91
is_linear=0
shrinkage=0.05


Tree=11
num_leaves=31
num_cat=0
split_feature=6 2 6 5 7 1 6 0 5 0 6 3 1 6 7 6 6 0 0 8 1 1 6 0 0 6 0 2 5 6
split_gain=240.505 14.8675 17.6889 12.7393 9.76208 10.6785 6.95463 11.925 5.71547 3.18099 3.90184 3.16102 4.01655 1.98233 2.89687 1.92085 1.85927 1.21221 1.34209 0.962146 0.902291 0.579116 0.459825 0.277948 0.00484089 0.000391385 5.45824e-05 0.000164342 2.46263e-05 2.32827e-06
threshold=8.3668327803521638 18.524078808438642 4.3858722353422595 73.846549693948546 21.221682988212006 73.781058482087687 10.034239841943679 18.668853961813802 73.799148083326656 18.438973453631764 3.8449982720071083 73.774649923850944 73.955017102037246 6.2770418785418016 7.8655313505578617 4.7799243670370677 6.0215309568934048 18.533574095116844 18.588015428855041 5.5000000000000009 73.962604316291291 73.854559165435177 5.1901810810604898 18.599041963981481 18.535016790210147 5.3763403707074664 18.695607282191347 18.524078808438642 73.973558453011108 6.7877291330552376
decision_type=2 2 2 2 2 2 2 2 2 2 2 2 2 2 2 2 2 2 2 2 2 2 2 2 2 2 2 2 2 2
left_child=1 2 9 4 5 -4 7 17 -7 -1 11 -11 -13 22 -15 -5 -10 -2 21 -6 24 -19 23 -3 25 -17 -8 -28 29 -27
right_child=6 13 3 15 19 8 26 -9 16 10 -12 12 -14 14 -16 20 -18 18 -20 -21 -22 -23 -24 -25 -26 28 27 -29 -30 -31
leaf_value=0.10898362217698195 -0.052010398102337534 0.1164322526692418 -0.022498242155694542 0.023293859962503487 -0.0044408132689933866 0.12146578213254444 -0.051981233764834947 0.10649406190832134 0.073060393693849132 0.044738182589590211 0.022164346389067151 0.11610853788473507 0.058399659560176745 0.11049393368784313 0.048204183447702664 -0.053292999577112858 0.0018738791726078498 -0.014319083124092741 -0.055417704038532162 -0.055848538391390173 -0.00015980617502674819 0.034915225163811008 0.091048131930272294 0.10161663093607715 -0.055877269175521195 -0.052107922183004265 -0.051981233764834933 -0.052790535235646599 -0.052341844450688874 -0.052009843722556584
leaf_weight=5.7813563644886043 4.4166511073708516 4.8141013979911866 2.7351785190403488 1.1899941265583027 1.9160043671727174 5.6525895185768587 101.11288478970528 1.845862254500388 2.0798354782164101 5.2292749509215417 3.9292834475636473 6.9728493988513929 5.3122115731239319 3.0278210639953604 4.8666148111224174 0.914181888103485 1.6409381404519079 1.2729998826980597 1.2324602901935575 1.7337866872549055 0.93503271415829647 1.1251870542764661 7.0570768862962714 9.2449621558189374 1.2647488377988336 1.0051699988543989 2.4563318639993663 0.84242761880159367 1.0018835552036764 1.5202965810894964
leaf_count=24 119 20 33 10 23 34 2758 8 16 27 27 30 26 13 28 17 25 23 19 25 18 19 31 37 15 26 67 17 24 41
internal_value=-0.00168381 0.0649122 0.0486079 0.016916 0.0428186 0.0644246 -0.0481914 -0.00812486 0.089789 0.076068 0.0671937 0.0772959 0.0911545 0.0934707 0.0720947 -0.0352059 0.0416657 -0.0344158 -0.013012 -0.0288614 -0.0456879 0.00878079 0.101462 0.10669 -0.0531482 -0.052371 -0.0519878 -0.0521879 -0.0521321 -0.0520489
internal_weight=194.13 79.8252 50.8146 23.5896 15.7583 12.1085 114.305 9.89316 9.37336 27.225 21.4436 17.5143 12.2851 29.0106 7.89444 7.83131 3.72077 8.0473 3.63065 3.64979 6.64131 2.39819 21.1161 14.0591 5.70628 4.44153 104.412 3.29876 3.52735 2.52547
internal_count=3600 570 441 307 156 108 3030 188 75 134 110 83 56 129 41 151 41 180 61 48 141 42 88 57 123 108 2842 84 91 67
is_linear=0
shrinkage=0.05


Tree=12
num_leaves=31
num_cat=0
split_feature=6 6 0 0 6 4 1 7 1 0 1 1 6 0 6 7 5 6 5 6 0 6 2 6 2 5 0 0 2 0
split_gain=220.932 15.5539 23.5251 7.58959 6.02127 11.6318 6.08709 12.8368 6.495 4.23209 4.43012 6.51855 3.61019 10.9599 2.14598 1.11398 1.04277 1.03709 1.68905 0.98983 0.356573 0.00580261 0.00259831 0.00180284 0.00123955 0.000389334 0.000311607 4.66981e-05 0.000140497 1.12369e-05
threshold=8.7593409946772969 6.1978922637714797 18.530043969435656 18.521367085018159 3.0350754803297613 18.447253701234249 73.80331633181224 25.867348462876414 73.886366288444705 18.655763039774687 73.891273865394751 73.824040706206446 10.034239841943679 18.695119111257256 3.8449982720071083 22.174420970848029 73.956151110660059 6.9412750327836124 73.799148083326656 2.1216903326982175 18.56371443224954 3.6478927920151816 18.614595319707451 4.7799243670370677 18.494225675594834 73.828247422589854 18.533574095116844 18.695607282191347 18.524078808438642 18.438973453631764
decision_type=2 2 2 2 2 2 2 2 2 2 2 2 2 2 2 2 2 2 2 2 2 2 2 2 2 2 2 2 2 2
left_child=1 3 17 4 19 14 7 -7 -8 10 11 -4 13 16 -6 20 22 18 -3 -1 -5 -22 26 -16 25 -19 -2 -14 -29 -27
right_child=12 2 9 15 5 6 8 -9 -10 -11 -12 -13 27 -15 23 -17 -18 24 -20 -21 21 -23 -24 -25 -26 29 -28 28 -30 -31
leaf_value=0.096382993144088963 -0.051906795085333982 0.029630195082261657 0.03515264775412999 0.11391655671354746 0.015249257524823652 -0.046164781683796362 0.12891792761750553 0.086949622563202877 0.042417019984292009 0.1109367043946326 0.0063280205420756233 0.12800179701988218 -0.051880871242047912 0.12232038259320287 -0.055550422033690178 0.07492404805611326 0.0079551163194265303 -0.053025353726089464 -0.052620752718560232 0.070443033984605247 0.096110713083337795 0.09813066590115313 -0.055043691990631832 -0.053063136027603368 -0.05401788453191169 -0.052186296384809198 -0.052940220311649244 -0.051880871242047905 -0.05264716053894547 -0.051973532800294243
leaf_weight=7.0755939036607725 2.7577865906059738 1.1626387760043164 5.0867211669683439 4.0734811984002652 1.7800232842564607 3.2617449462413814 4.7631424106657487 4.0723436810076237 3.9862105958163738 3.420445203781127 4.1913775615394107 3.0082350298762321 96.362908646464348 1.2083786725997923 1.5498331747949126 5.3435640893876544 0.82996463030576695 1.5322059430181978 1.3476721718907354 7.6577257513999939 6.9869589507579786 7.2388581186532974 1.0043659172952173 1.3747587911784647 1.5650698877871034 0.90090645477175746 0.99176356941461552 2.3409408554434772 0.80346915498375882 1.9943122938275335
leaf_count=30 78 17 36 20 10 27 23 26 29 14 30 18 2758 5 19 26 21 32 32 33 28 29 19 30 28 23 20 67 17 55
internal_value=-0.00168877 0.0592434 0.0254828 0.0730581 0.0584479 0.0411173 0.0613456 0.0277486 0.0895081 0.061747 0.0480529 0.0696571 -0.0494797 -0.0142109 -0.0280361 0.0950085 -0.0437569 -0.0415063 -0.0145266 0.0829006 0.100873 0.0971386 -0.0527851 -0.0543812 -0.0528084 -0.0523808 -0.0521801 -0.0518871 -0.0520767 -0.0520397
internal_weight=189.673 83.3738 24.2096 59.1642 35.5214 20.7881 16.0834 7.33409 8.74935 15.7068 12.2863 8.09496 106.3 6.79226 4.70462 23.6429 5.58388 8.50281 2.51031 14.7333 18.2993 14.2258 4.75392 2.92459 5.99249 4.42742 3.74955 99.5073 3.14441 2.89522
internal_count=3600 615 285 330 227 164 105 53 52 98 84 54 2985 143 59 103 138 187 49 63 77 57 117 49 138 110 98 2842 84 78
is_linear=0
shrinkage=0.05


Tree=13
num_leaves=31
num_cat=0
split_feature=6 6 0 0 6 1 1 7 0 1 1 6 0 6 1 1 1 6 5 5 5 6 2 2 5 0 0 2 0 6
split_gain=203.53 13.7366 21.0582 7.06713 6.00962 10.3794 7.15168 5.49765 3.89825 3.78758 5.38558 3.5351 9.90959 2.07034 3.70428 4.36416 1.3626 1.03075 1.58071 1.02153 0.108566 0.0666778 0.00227062 0.0010651 0.000334174 0.000266859 3.99631e-05 0.000120147 9.63045e-06 4.05858e-06
threshold=8.7593409946772969 6.1978922637714797 18.530043969435656 18.535016790210147 3.8449982720071083 73.909042254245236 73.819204256649513 24.494385280016832 18.655763039774687 73.891273865394751 73.781058482087687 10.034239841943679 18.695119111257256 1.8333063912795591 73.80331633181224 73.955017102037246 73.962196876888513 6.9412750327836124 73.799148083326656 73.956151110660059 73.817477667796027 4.0636066783038824 18.614595319707451 18.494225675594834 73.828247422589854 18.533574095116844 18.695607282191347 18.524078808438642 18.438973453631764 7.9441325198846906
decision_type=2 2 2 2 2 2 2 2 2 2 2 2 2 2 2 2 2 2 2 2 2 2 2 2 2 2 2 2 2 2
left_child=1 3 17 4 13 6 7 -6 9 10 -4 12 19 -1 -15 -16 -7 18 -3 22 21 -5 25 24 -19 -2 -13 -28 -26 -30
right_child=11 2 8 20 5 16 -8 -9 -10 -11 -12 26 -14 14 15 -17 -18 23 -20 -21 -22 -23 -24 -25 28 -27 27 -29 29 -31
leaf_value=0.10294429043431218 -0.051810350851891875 0.027487496265624856 0.015861969791515673 0.091809194578593489 -0.025925143624854253 -0.056750482257820194 0.10334969987721708 0.062848187988954682 0.10475117514880593 0.0059900780759693691 0.097610673087433444 -0.051785784615164289 0.11399375964748337 0.033338316971006372 0.11112014835603344 0.050490949631026995 0.0022395081245165783 -0.052871502235829128 -0.052489565488978256 0.0075012627159626996 0.088260358282852336 0.099380859117314424 -0.054809136331103264 -0.053813557081428223 -0.052075400503340433 -0.052789673945098529 -0.051785784615164282 -0.052511501664351437 -0.051938289552067488 -0.051791061236588255
leaf_weight=4.5780268162488964 2.6280476935207839 1.1898732855916043 3.4079772680997831 5.9506196379661578 3.0577635280787963 2.6286643445491782 4.8685121946036816 4.0592593140900135 3.4406767338514319 4.2060636691749087 4.9280006512999535 91.827296555042267 1.2311627715826032 6.0267778635025051 6.0683216601610166 5.8096649646759033 1.559813395142555 1.4616133645176885 1.2850684933364389 0.83601130917668331 9.2896388322114927 5.6858989745378494 0.9593677520751952 1.4942503310739992 0.85874759405851397 0.94601710885763157 2.2307573854923244 0.76620804890990246 1.0661397986114023 0.83446935936808575
leaf_count=19 78 17 25 24 38 34 27 28 14 30 29 2758 5 30 25 27 17 32 32 21 38 23 19 28 23 20 67 17 30 25
internal_value=-0.00169432 0.0559891 0.0241985 0.0688866 0.056217 0.0329738 0.0566519 0.0247075 0.0576055 0.0446719 0.0641896 -0.0493288 -0.0139481 0.0729381 0.0652659 0.0814657 -0.0347823 -0.0409938 -0.0140391 -0.043284 0.0922911 0.0955089 -0.0526493 -0.0526663 -0.0522602 -0.0520696 -0.0517916 -0.0519713 -0.0519364 -0.0518736
internal_weight=185.181 83.7558 24.1729 59.583 38.6568 16.174 11.9855 7.11702 15.9827 12.542 8.33598 101.425 6.60061 22.4828 17.9048 11.878 4.18848 8.19016 2.47494 5.36944 20.9262 11.6365 4.53343 5.71522 4.22097 3.57406 94.8243 2.99697 2.75936 1.90061
internal_count=3600 615 285 330 245 144 93 66 98 84 54 2985 143 101 82 52 51 187 49 138 85 47 117 138 110 98 2842 84 78 55
is_linear=0
shrinkage=0.05


Tree=14
num_leaves=31
num_cat=0
split_feature=6 6 0 0 6 4 1 7 1 1 1 6 0 6 7 6 5 3 3 7 8 1 0 6 2 5 0 0 2 0
split_gain=188.053 12.2501 18.9291 6.78321 4.87947 9.62693 4.85333 10.6336 5.18954 4.18731 4.98191 3.45732 9.01428 1.8535 1.04969 1.02397 1.4816 1.02049 0.829991 0.930284 0.22466 0.153964 0.0020526 0.00107143 0.000915324 0.000286882 0.000219615 3.421e-05 0.00010278 8.25625e-06
threshold=8.7593409946772969 6.1978922637714797 18.530043969435656 18.521367085018159 3.0350754803297613 18.447253701234249 73.80331633181224 25.867348462876414 73.886366288444705 73.763524679419433 73.890709487411641 10.034239841943679 18.695119111257256 3.8449982720071083 22.174420970848029 6.9412750327836124 73.799148083326656 73.747057326965916 73.774649923850944 17.103447657306539 6.5000000000000009 73.922989064909032 18.547838583617132 4.6107031191855068 18.494225675594834 73.828247422589854 18.530043969435656 18.695607282191347 18.524078808438642 18.438973453631764
decision_type=2 2 2 2 2 2 2 2 2 2 2 2 2 2 2 2 2 2 2 2 2 2 2 2 2 2 2 2 2 2
left_child=1 3 15 4 18 13 7 -7 -8 -4 -11 12 17 -6 20 16 -3 -2 -1 -20 21 -5 26 -15 25 -17 -19 -13 -29 -27
right_child=11 2 9 14 5 6 8 -9 -10 10 -12 27 -14 23 -16 24 -18 22 19 -21 -22 -23 -24 -25 -26 29 -28 28 -30 -31
leaf_value=0.056899498195044911 0.0081826546204834174 0.02554710080868592 -9.5876113192800187e-05 0.092335376286929061 0.010809444421401977 -0.045469352191397472 0.11288208968994018 0.075217172243601041 0.036892534634285816 0.09297373303591816 0.031223523374802206 -0.051695661399419716 0.10709929782966997 -0.055172499928201307 0.06671135292383755 -0.052725788261650211 -0.05236513157451661 -0.051745295851101249 0.096738934025784262 0.06618991229753704 0.10023746320863454 0.080879215623368472 -0.054707991331950229 -0.053185967102729659 -0.053620050974123271 -0.051970332855982793 -0.052689964412622352 -0.051695661399419703 -0.052383115544310278 -0.051778982777983956
leaf_weight=5.0382739752531043 0.82460001856088538 1.2155472859740286 2.9340414851903942 8.0664791166782432 1.8390948623418832 3.1670562177896526 4.9655112437903863 4.3077094368636608 4.1035486161708832 7.4528619572520238 5.8146963343024254 87.497263945639133 1.2445075064897535 1.2420031242072584 5.3827464543282977 1.3940749466419218 1.2252263613045213 2.6989261955022816 5.0951970517635328 4.8778354376554489 5.5440468788146964 4.6082377992570391 0.84399087727069844 1.4967089444398878 1.4263747893273828 0.8184757195413116 0.79689611494541157 2.1255680508911605 0.73058084398508061 1.8111372478306291
leaf_count=22 20 17 23 33 10 27 23 26 29 38 37 2758 5 16 26 32 32 83 21 20 23 21 17 33 28 23 18 67 17 55
internal_value=-0.00169403 0.0531243 0.0230275 0.0652631 0.0516457 0.0361558 0.0539124 0.0240823 0.0784985 0.0539573 0.0659108 -0.0491841 -0.0136973 -0.0280153 0.0861107 -0.0404782 -0.0135635 -0.0428066 0.0734408 0.0817973 0.0918423 0.0881702 -0.0524949 -0.0540869 -0.0525317 -0.0521459 -0.0519606 -0.0517012 -0.0518715 -0.0518385
internal_weight=180.589 83.8269 24.0924 59.7344 36.1329 21.1216 16.5438 7.47477 9.06906 16.2016 13.2676 96.7623 6.40892 4.57781 23.6015 7.89084 2.44077 5.16441 15.0113 9.97303 18.2188 12.6747 4.33981 2.73871 5.45006 4.02369 3.49582 90.3534 2.85615 2.62961
internal_count=3600 615 285 330 227 164 105 53 52 98 75 2985 143 59 103 187 49 138 63 41 77 54 118 49 138 110 101 2842 84 78
is_linear=0
shrinkage=0.05


Tree=15
num_leaves=31
num_cat=0
split_feature=6 6 0 0 6 1 1 1 6 1 6 0 3 1 1 1 0 5 6 7 6 0 0 2 0 5 0 2 0 6
split_gain=174.021 10.9946 17.0418 6.56541 5.14524 8.5885 5.73522 4.73055 4.57261 3.54817 3.37743 8.23977 1.67244 3.00297 1.44395 1.27667 1.24424 1.02529 1.01677 1.45305 0.107222 0.0451705 0.00187354 0.000786688 0.000278968 0.000246315 2.92939e-05 8.79535e-05 7.07908e-06 2.99112e-06
threshold=8.7593409946772969 6.1978922637714797 18.530043969435656 18.535016790210147 3.8449982720071083 73.909042254245236 73.819204256649513 73.738972617224789 4.7799243670370677 73.890709487411641 10.034239841943679 18.695119111257256 73.774649923850944 73.955017102037246 73.822548978110405 73.962196876888513 18.49458570297276 73.956151110660059 6.9412750327836124 15.435155574858543 5.3763403707074664 18.599041963981481 18.578852829288312 18.494225675594834 18.533574095116844 73.828247422589854 18.695607282191347 18.524078808438642 18.438973453631764 7.9441325198846906
decision_type=2 2 2 2 2 2 2 2 2 2 2 2 2 2 2 2 2 2 2 2 2 2 2 2 2 2 2 2 2 2
left_child=1 3 18 4 12 6 8 -4 -6 14 11 17 -1 -14 -9 -7 -10 22 19 -3 21 -5 24 25 -2 -20 -12 -28 -27 -30
right_child=10 2 7 20 5 15 -8 9 16 -11 26 -13 13 -15 -16 -17 -18 -19 23 -21 -22 -23 -24 -25 -26 28 27 -29 29 -31
leaf_value=0.04596295123097946 -0.051640956067501 0.025253767287847079 -0.031603272528010561 0.09117964436119888 0.055270586023681456 -0.056543720392770169 0.090335621114317227 0.05911095426847103 -0.054878906095257134 0.029249329774453249 -0.051610227286802583 0.10130009008341428 0.093726878695790564 0.04888701257561745 0.099317177040880944 0.00093941770125767748 0.0085507798559995522 0.0088300146909660645 -0.052587747502244486 -0.052436216461277385 0.079521647747999483 0.08523003832073052 -0.054729570029906055 -0.053436744828250705 -0.052641558790642619 -0.051870771655042038 -0.051610227286802569 -0.052261581406409741 -0.051747491754674815 -0.051614846253319947
leaf_weight=7.4927876740694073 2.4576144926249976 1.2191391251981287 1.5818236097693468 4.8805498182773617 4.1479600295424479 2.5004560351371756 5.0490049719810486 4.4630261808633787 1.6402343586087229 5.8946664482355109 83.364267695695162 1.2497941404581068 8.8429125398397428 6.462815746665 4.469320222735405 1.5739029161632059 1.4625087715685365 0.81817362084984768 1.329478105530143 1.1886603552848098 6.4849454760551444 9.2110829651355726 0.72032614052295674 1.3613463696092365 0.97211426869034756 0.7800148352980617 2.0251653138548131 0.69652530923485745 0.96820746362209298 0.7575143426656723
leaf_count=35 80 19 14 20 23 34 27 25 26 37 2758 5 37 29 22 17 17 21 32 30 27 38 15 28 22 23 67 17 30 25
internal_value=-0.00169213 0.0504896 0.0219153 0.0619736 0.0499611 0.0285787 0.0494204 0.0505897 0.0209292 0.0593585 -0.049045 -0.0134579 0.0653182 0.0747933 0.0792282 -0.0343383 -0.0249807 -0.0423261 -0.039959 -0.0130995 0.0848422 0.0872906 -0.0524114 -0.0524042 -0.0519246 -0.0520376 -0.0516155 -0.0517769 -0.0517458 -0.0516893
internal_weight=176.066 83.7624 24.0132 59.7492 39.1726 16.3741 12.2997 16.4088 7.2507 14.827 92.304 6.21802 22.7985 15.3057 8.93235 4.07436 3.10274 4.96823 7.60436 2.4078 20.5766 14.0916 4.15005 5.19656 3.42973 3.83521 86.086 2.72169 2.50574 1.72572
internal_count=3600 615 285 330 245 144 93 98 66 84 2985 143 101 66 47 51 43 138 187 49 85 58 117 138 102 110 2842 84 78 55
is_linear=0
shrinkage=0.05


Tree=16
num_leaves=31
num_cat=0
split_feature=6 6 0 0 6 1 1 1 6 6 0 1 1 1 1 6 0 3 6 5 6 0 0 2 5 0 0 2 9 0
split_gain=161.329 9.9287 15.3813 6.34213 4.55617 7.84135 6.3265 4.18233 4.0613 3.29662 7.56128 3.15034 1.6326 3.02843 1.57937 1.25616 1.19338 1.02399 1.00932 1.40358 0.109962 0.035872 0.00155396 0.000676204 0.000211516 0.000156323 2.50898e-05 7.52847e-05 7.82154e-06 6.07144e-06
threshold=8.7593409946772969 6.1978922637714797 18.530043969435656 18.535016790210147 3.8449982720071083 73.904586609423191 73.819204256649513 73.738972617224789 4.7799243670370677 10.034239841943679 18.695119111257256 73.891273865394751 73.773539541766823 73.955017102037246 73.828615910606331 4.3858722353422595 18.49458570297276 73.747057326965916 6.9412750327836124 73.799148083326656 5.3763403707074664 18.599041963981481 18.547838583617132 18.494225675594834 73.828247422589854 18.530043969435656 18.695607282191347 18.524078808438642 -1.0000000180025095e-35 18.438973453631764
decision_type=2 2 2 2 2 2 2 2 2 2 2 2 2 2 2 2 2 2 2 2 2 2 2 2 2 2 2 2 2 2
left_child=1 3 18 4 12 6 8 -4 -6 10 17 14 -1 -14 -9 -7 -10 -2 19 -3 21 -5 25 24 -20 28 -11 -28 -19 -26
right_child=9 2 7 20 5 15 -8 11 16 26 -12 -13 13 -15 -16 -17 -18 22 23 -21 -22 -23 -24 -25 29 -27 27 -29 -30 -31
leaf_value=0.043471056963116025 0.0094894030625633057 0.02462879561507391 -0.030650245599815384 0.087691382129437861 0.051527240754752117 -0.0021395420926897269 0.095172718741960802 0.054643793130568052 -0.05462835043079807 -0.051529233823889548 0.096357930115998941 0.025798715695833419 0.09132904968665724 0.045925746002199203 0.095709062751722335 -0.054503696722114886 0.0080740162028836073 -0.05174769639300382 -0.052456947072654282 -0.052259011093682119 0.076295324215083976 0.082353303557343147 -0.054279157201624378 -0.053263065031979376 -0.05177640714740657 -0.052427532725650164 -0.051529233823889534 -0.052146495405968843 -0.05154210892180669 -0.051604208361472129
leaf_weight=8.0162232071161288 0.80760021135210891 1.2243530750274687 1.5502725318074251 4.8223899155855205 4.2247628420591372 2.2861361652612677 4.5183238908648491 5.1856002546846849 1.5672143548727038 79.420042090117931 1.2482142448425291 5.5759261175990096 8.3873671889305097 6.533647045493125 4.2688580825924873 2.2950518447905779 1.4711958300322292 0.61620530858635936 1.2677124012261631 1.1520793680101631 6.4227586835622779 9.0599817186593992 0.77429229579865921 1.2990686334669588 0.74329119734466109 0.72666063718497742 1.9293483756482595 0.66398065909743298 1.8563475441187627 1.6441948171705005
leaf_count=37 20 17 14 20 23 18 22 28 26 2758 5 35 35 29 21 38 17 19 32 32 27 38 17 28 23 18 67 17 64 55
internal_value=-0.00168742 0.0480954 0.0208766 0.0590146 0.0472912 0.0271346 0.0487184 0.0475412 0.0198198 -0.0489109 -0.0132276 0.0556061 0.0616703 0.0714477 0.0731855 -0.0283726 -0.0242679 -0.0418373 -0.0394338 -0.0126459 0.0817049 0.0842076 -0.0522693 -0.0522832 -0.051935 -0.0517828 -0.0515342 -0.0516873 -0.0515933 -0.0516578
internal_weight=171.559 83.5164 23.9114 59.6051 39.2999 16.3627 11.7815 16.5807 7.26317 88.0427 6.02932 15.0304 22.9372 14.921 9.45446 4.58119 3.03841 4.78111 7.3307 2.37643 20.3051 13.8824 3.97351 4.95427 3.6552 3.19921 82.0134 2.59333 2.47255 2.38749
internal_count=3600 615 285 330 245 144 88 98 66 2985 143 84 101 64 49 56 43 138 187 49 85 58 118 138 110 101 2842 84 83 78
is_linear=0
shrinkage=0.05


Tree=17
num_leaves=31
num_cat=0
split_feature=6 2 6 0 6 6 0 0 0 6 1 5 8 1 1 7 0 0 4 0 2 7 1 0 6 5 6 0 6 0
split_gain=149.804 9.41529 10.5877 7.51849 3.27717 3.21493 6.9613 3.19571 4.22663 9.23244 2.95633 2.38135 2.26039 2.79623 6.91549 2.2461 2.88616 1.08237 1.06072 1.02693 0.657634 0.472122 0.384475 0.00315727 0.0016019 0.00049274 0.000448021 0.000222717 0.000183585 2.14949e-05
threshold=8.7593409946772969 18.524078808438642 5.3763403707074664 18.530043969435656 7.7057171503213295 10.034239841943679 18.695119111257256 18.425729057553863 18.475458527718366 2.1216903326982175 73.833273984983848 73.799148083326656 4.5000000000000009 73.852801935720137 73.821754006160404 21.117515068380943 18.508617303427616 18.557118580305481 18.447253701234249 18.582874082855877 18.457035690252194 18.479841001819707 73.87681695728871 18.658071330983539 6.0215309568934048 73.828247422589854 6.5992960681105428 18.533574095116844 7.3518938833785308 18.695607282191347
decision_type=2 2 2 2 2 2 2 2 2 2 2 2 2 2 2 2 2 2 2 2 2 2 2 2 2 2 2 2 2 2
left_child=1 2 7 12 17 6 19 -1 9 -9 -5 -11 13 14 -4 16 18 -3 -10 27 -13 22 23 -19 -14 28 -15 -2 -26 -7
right_child=5 4 3 10 -6 29 -8 8 15 11 -12 20 24 26 -16 -17 -18 21 -20 -21 -22 -23 -24 -25 25 -27 -28 -29 -30 -31
leaf_value=0.085871411798984304 -0.051539435302961026 0.052119244723859606 -0.052383433612522901 0.0036700970993732139 0.029920969515003722 -0.051452427356394541 0.092099446389184075 0.090376112752583795 0.027857936425795989 0.027104586692261769 0.065183223268009891 -0.013478353319506219 -0.054567259301592203 -0.053317648214214308 0.10084115567001369 0.028746775877888334 0.091390945216650643 0.081401454453897459 0.06489058126205445 0.012054609729141465 -0.049195939927245941 0.090456722116870586 0.062961829032262231 0.079567656535783737 -0.053244230395774195 -0.051644576112425157 -0.051748113684566027 -0.05236506395036894 -0.052283292980300725 -0.051602290983232206
leaf_weight=5.0183919370174399 2.6727859135717149 4.1826317980885568 1.4380719345062991 3.5519648417830458 4.702917516231536 75.656603958457708 1.2408015877008436 3.1487225443124789 3.8770046532154101 2.6984170004725456 4.3396478034555912 2.6476146560162306 0.88832754269242276 0.99068496003746964 1.5091907791793344 5.2329001687467089 6.5725061967968941 4.7208948731422442 3.8575499132275581 0.75301840342581261 2.5109026990830898 7.1077498197555533 4.6920743882656089 4.6681695878505707 1.0011133272200825 1.9230083543807266 0.84034153446555138 1.1762996446341274 0.98712620139121998 2.4708107765763989
leaf_count=23 93 22 39 25 30 2758 5 13 25 15 28 20 15 20 14 30 31 20 17 16 20 30 20 20 20 64 27 29 27 84
internal_value=-0.00168065 0.0459091 0.0332358 0.00135999 0.0682573 -0.0487817 -0.0130066 0.0488936 0.0428185 0.0180359 0.0374966 -0.0109549 -0.0284145 -0.00407043 0.0260776 0.056777 0.0670293 0.0753634 0.0463277 -0.0413449 -0.0308638 0.0799517 0.0746491 0.0804897 -0.0526505 -0.0522152 -0.0525973 -0.0517918 -0.0527671 -0.0514572
internal_weight=167.078 83.1079 53.0335 17.4695 30.0744 83.9703 5.84291 35.564 30.5456 11.0057 7.89161 7.85693 9.57786 4.77829 2.94726 19.54 14.3071 25.3715 7.73455 4.6021 5.15852 21.1889 14.0811 9.38906 4.79958 3.91125 1.83103 3.84909 1.98824 78.1274
internal_count=3600 615 473 279 142 2985 143 194 171 68 53 55 226 100 53 103 73 112 42 138 40 90 60 40 126 111 47 122 47 2842
is_linear=0
shrinkage=0.05


Tree=18
num_leaves=31
num_cat=0
split_feature=6 2 6 5 7 1 0 6 0 6 0 4 1 1 4 0 0 5 1 8 7 1 2 1 0 6 0 0 2 6
split_gain=139.145 8.72864 9.59836 8.70979 6.55318 7.12455 3.30713 3.13056 6.42796 3.13004 2.97426 2.8103 2.46736 1.59863 1.44528 1.68548 1.10908 1.06754 1.06001 0.926725 0.427432 0.384571 0.00814282 0.00351743 0.00166413 0.000452668 0.000186648 1.84503e-05 5.54307e-05 5.30601e-06
threshold=8.7593409946772969 18.524078808438642 4.3858722353422595 73.846549693948546 21.221682988212006 73.781058482087687 18.502249002665661 10.034239841943679 18.695119111257256 7.7057171503213295 18.438973453631764 18.556650015897734 73.852801935720137 73.734320972731055 18.447253701234249 18.504695669197481 18.557118580305481 73.956151110660059 73.965104411605253 5.5000000000000009 14.040078586064581 73.852255543876055 18.475099850947863 73.80331633181224 18.582874082855877 5.7664173076843026 18.533574095116844 18.695607282191347 18.524078808438642 7.3518938833785308
decision_type=2 2 2 2 2 2 2 2 2 2 2 2 2 2 2 2 2 2 2 2 2 2 2 2 2 2 2 2 2 2
left_child=1 2 10 4 5 -4 12 8 17 16 -1 14 -7 -5 15 -12 -3 24 22 -6 21 -18 25 -24 26 -15 -2 -9 -29 -27
right_child=7 9 3 13 19 6 -8 27 -10 -11 11 -13 -14 18 -16 -17 20 -19 -20 -21 -22 -23 23 -25 -26 29 -28 28 -30 -31
leaf_value=0.083683279909444408 -0.051411851900203177 0.049097880226395559 -0.025505122837281277 0.01285659143784316 -0.0063846462617245109 0.064061465320770547 0.088047724374285652 -0.051379585624254959 0.08839530079399259 0.028185161904458991 0.018741895547790783 0.0090128108975249584 -0.013137302419676545 -0.053064954736691254 0.069430989282897496 0.058437312059127028 0.07820632992616644 0.012548242914651351 0.0063781317048125178 -0.056636915829860884 0.085351084351439122 0.059697935270969386 -0.057935200157241656 -0.0546653901912664 -0.054483335388341131 -0.051586699626380718 -0.052273690267761824 -0.051379378443063388 -0.051935089030780507 -0.051384145675320396
leaf_weight=5.6795036047697094 2.1313848309218884 4.2170893885195317 2.7952263411134544 1.3861015252768982 1.9334084466099732 2.3750546928495151 6.0926507618278265 72.066242400556803 1.2284563481807707 4.7418865673243991 4.8501111119985634 4.7476135343313208 1.8344806917011736 0.71129798702895675 7.2939151600003234 5.9604813903570175 7.125240236520769 0.77213009633123864 0.82265741936862458 1.7459212001413105 9.0963089168071729 4.6305311769247055 1.4227402806282046 1.9493960347026584 0.63405225425958622 0.78374337777495362 0.89077467657625664 1.7504545487463468 0.60343085601925839 0.55034994520246983
leaf_count=24 80 22 38 30 24 19 31 2758 5 30 28 23 32 16 33 26 31 21 17 27 39 20 17 40 14 27 23 67 17 21
internal_value=-0.00167277 0.0437975 0.0316107 0.00858887 0.0287286 0.0452914 0.0645002 -0.0486585 -0.0128004 0.0654372 0.0513012 0.0432532 0.0304189 -0.0357158 0.0522322 0.0406282 0.0724835 -0.0408728 -0.0465049 -0.0302304 0.077213 0.070916 -0.0545353 -0.056045 -0.0521545 -0.0520463 -0.0516659 -0.0513841 -0.0515218 -0.0515031
internal_weight=162.823 82.7457 52.9347 24.403 16.7767 13.0974 10.3022 80.0769 5.6568 29.8111 28.5316 22.8521 4.20954 7.62629 18.1045 10.8106 25.0692 4.42834 6.24019 3.67933 20.8521 11.7558 5.41753 3.37214 3.65621 2.04539 3.02216 74.4201 2.35389 1.33409
internal_count=3600 615 473 339 171 120 82 2985 143 142 134 110 51 168 87 54 112 138 138 51 90 51 121 57 117 64 103 2842 84 48
is_linear=0
shrinkage=0.05


Tree=19
num_leaves=31
num_cat=0
split_feature=6 6 0 0 6 1 1 1 3 1 1 1 6 1 6 0 1 1 6 1 2 1 7 7 2 5 0 5 0 2
split_gain=129.452 8.2281 9.03595 7.07609 5.73476 3.90356 5.24905 3.548 3.41729 4.35629 3.16866 3.60274 6.21284 3.26511 3.04958 6.06545 2.90835 2.17866 1.7183 0.400632 0.296112 0.166886 0.0337411 0.0170801 0.000823374 0.000226939 0.000168667 2.40901e-05 1.58139e-05 4.74846e-05
threshold=8.7593409946772969 6.4998050756016044 18.530043969435656 18.544833662628516 5.3763403707074664 73.763524679419433 73.890709487411641 73.722663029035857 73.765709363873512 73.74589070238396 73.757004847061083 73.905010303666856 3.8449982720071083 73.955017102037246 10.034239841943679 18.582874082855877 73.806448839548281 73.906968038829532 6.9412750327836124 73.946871894733917 18.581900107688799 73.921950212390257 16.07497780690435 5.6422052520316885 18.494225675594834 73.828247422589854 18.533574095116844 73.952138398423614 18.695607282191347 18.524078808438642
decision_type=2 2 2 2 2 2 2 2 2 2 2 2 2 2 2 2 2 2 2 2 2 2 2 2 2 2 2 2 2 2
left_child=1 3 18 4 7 -4 -7 -1 9 -9 -10 22 13 -13 15 26 -6 -18 -3 -14 -5 23 -12 -22 25 -20 27 -2 -16 -30
right_child=14 2 5 20 16 6 -8 8 10 -11 11 12 19 -15 28 -17 17 -19 24 -21 21 -23 -24 -25 -26 -27 -28 -29 29 -31
leaf_value=0.10748358593086829 -0.051326673357652244 0.009667677989128827 -0.02419554343708168 0.087958795778914134 -0.05913181844544229 0.072079870900605067 0.0056411968902893208 0.05176805594297651 -0.0067545222265315745 -0.023273555303084885 0.082340409600821826 0.092851652557669612 -0.025700746316973458 0.037975047005857077 -0.051310493512737358 0.058302803515471291 0.055303499708698238 -0.028304978055708765 -0.052341751703552743 0.005141191363544878 0.07514719455532444 0.066218001488612802 0.076457822306320339 0.079508459167998036 -0.053291448287624978 -0.051473594698426196 -0.052159277678139986 -0.051705437153654277 -0.051310297851955379 -0.051837208622273971
leaf_weight=2.2473356258124104 1.9119040854275224 1.4918658770620847 2.2997376509010783 4.4290321320295361 1.8939485624432553 7.7669140547513944 4.8164564147591591 3.7768795266747466 2.1886891201138523 3.9635463804006577 5.3137878030538577 4.5754111707210523 2.1850205026566973 6.650534376502037 68.641508512198925 1.9454350527375934 1.8022535406053068 1.3725553527474401 1.1676791254431012 2.0322601348161697 4.4515904635190946 5.3912790417671195 4.5034993886947632 4.5288254916667938 1.2462134175002573 2.1183796282857656 1.0824849214404819 0.53790942020714272 1.6672690864652389 0.57505766302347172
leaf_count=11 76 29 20 20 31 38 30 22 13 24 23 19 21 29 2758 21 17 26 32 20 20 24 20 20 28 78 29 17 67 17
internal_value=-0.00166202 0.0418764 0.0147899 0.0511137 0.0398163 0.0357026 0.0466496 0.0465741 0.0426842 0.0133424 0.0509583 0.0559588 0.0409034 0.0603414 -0.0485371 -0.0125931 -0.0100955 0.0191573 -0.0368764 -0.0108384 0.0766554 0.0731719 0.0796419 0.0773466 -0.0521971 -0.0517821 -0.0516395 -0.0514098 -0.0513148 -0.0514454
internal_weight=158.575 82.2137 20.9072 61.3064 42.5057 14.8831 12.5834 37.437 35.1896 7.74043 27.4492 25.2605 15.4432 11.2259 76.3616 5.47773 5.06876 3.17481 6.02414 4.21728 18.8007 14.3717 9.81729 8.98042 4.53227 3.28606 3.5323 2.44981 70.8838 2.24233
internal_count=3600 615 255 360 276 88 68 202 191 46 145 132 89 48 2985 143 74 43 167 41 84 64 43 40 138 110 122 93 2842 84
is_linear=0
shrinkage=0.05


Tree=20
num_leaves=31
num_cat=0
split_feature=6 2 6 0 6 6 0 0 6 0 1 1 8 1 1 1 5 0 5 7 1 0 6 5 6 6 0 1 0 2
split_gain=120.609 7.63708 7.93977 5.98181 3.00781 3.00079 3.5749 6.51566 2.99517 5.63907 2.43496 2.3578 2.14982 2.52565 5.51921 2.07418 1.41193 1.14317 1.06478 0.42339 0.409899 0.0018603 0.00177594 0.00046683 0.000419325 0.000193639 0.000136607 1.99447e-05 1.35567e-05 4.06885e-05
threshold=8.7593409946772969 18.524078808438642 5.3763403707074664 18.530043969435656 7.7057171503213295 1.8333063912795591 18.425729057553863 18.476747328762084 10.034239841943679 18.695119111257256 73.80331633181224 73.833273984983848 4.5000000000000009 73.852801935720137 73.821754006160404 73.935890259306603 73.960987438244231 18.557118580305481 73.799148083326656 14.040078586064581 73.852255543876055 18.582874082855877 6.0215309568934048 73.828247422589854 6.5992960681105428 7.3518938833785308 18.533574095116844 73.939759666204054 18.695607282191347 18.524078808438642
decision_type=2 2 2 2 2 2 2 2 2 2 2 2 2 2 2 2 2 2 2 2 2 2 2 2 2 2 2 2 2 2
left_child=1 2 5 12 17 -1 -7 10 9 16 -8 -5 13 14 -4 18 21 -3 -9 20 -19 26 -14 25 -15 -24 -2 -25 -10 -30
right_child=8 4 3 11 -6 6 7 15 28 -11 -12 -13 22 24 -16 -17 -18 19 -20 -21 -22 -23 23 27 -26 -27 -28 -29 29 -31
leaf_value=0.080567994415988622 -0.051292152864982947 0.04416565139286055 -0.052137337345543044 0.0011351110988759487 0.024489727121506238 0.078328050600197874 -0.030321752084001386 0.076464339104974299 -0.051244948298392816 0.083156442083283891 0.021931108982534517 0.05589502223861445 -0.054626626575368237 -0.053171723929081011 0.085956069891282794 0.026899153792024684 0.030861626385784213 0.074189430673858026 0.044319008491775391 0.081071735077689 0.054742645928301442 -0.054498410632960341 -0.053110321554840557 -0.05134308859849597 -0.0515829457412205 -0.052080487969379613 -0.052047093828978354 -0.051707453393947389 -0.05124475984590187 -0.051744452301781797
leaf_weight=4.4576369971036902 2.0528475660830736 4.2108155488967958 1.3046840485185405 3.4799361750483504 4.7887171469628802 4.4204274900257614 4.6082225628197211 5.6189228445291537 65.375230796635151 1.198715493083 4.3192288838326931 4.5175753273069859 0.82992641814053048 0.92793821170926072 1.6244356539100406 7.270624838769435 0.60073760710656632 6.7869337946176547 4.7570793777704239 8.7601828277111036 4.5105399489402771 0.63610229082405556 0.94306954368948959 1.1499226409941909 0.75175151973962784 0.88462691009044647 0.84623542614281166 0.55773192457854737 1.5879324954003089 0.54796760156750668
leaf_count=19 84 22 39 25 30 21 29 25 2758 5 31 28 15 20 14 39 16 31 30 39 20 14 20 46 27 27 24 18 67 17
internal_value=-0.00165082 0.0401431 0.0287467 0.000623142 0.060704 0.0422099 0.0366933 0.0297676 -0.048399 -0.0123317 -0.00504107 0.0320675 -0.0273994 -0.00358233 0.0244467 0.0473773 -0.040007 0.0678499 0.0617267 0.0728221 0.0664253 -0.0520498 -0.0525451 -0.0520565 -0.0524607 -0.0526119 -0.0515125 -0.0514621 -0.051249 -0.051373
internal_weight=154.327 81.4809 52.4237 16.9716 29.0572 35.4521 30.9945 26.5741 72.8458 5.33464 8.92745 7.99751 8.97409 4.60881 2.92912 17.6466 4.13592 24.2685 10.376 20.0577 11.2975 3.53519 4.36528 3.53535 1.67969 1.8277 2.89908 1.70765 67.5111 2.1359
internal_count=3600 615 473 279 142 194 175 154 2985 143 60 53 226 100 53 94 138 112 55 90 51 122 126 111 47 47 108 64 2842 84
is_linear=0
shrinkage=0.05


Tree=21
num_leaves=31
num_cat=0
split_feature=6 0 6 0 7 3 1 6 0 1 6 6 3 8 6 5 7 1 7 1 6 6 5 5 6 0 5 2 0 2
split_gain=112.373 7.23451 8.4027 6.87979 3.30019 6.48104 3.044 2.91506 5.39704 2.41374 3.79649 2.12242 2.10692 1.94581 2.28147 2.38079 0.908406 0.723486 0.552226 0.4811 0.0688659 0.00238028 0.000358405 0.000349109 0.000154167 0.000130036 2.79829e-05 1.33981e-05 1.16251e-05 3.48717e-05
threshold=8.7593409946772969 18.56371443224954 5.3763403707074664 18.530043969435656 25.168328339853343 73.774649923850944 73.828615910606331 10.034239841943679 18.582874082855877 73.935890259306603 3.0350754803297613 7.7057171503213295 73.92818075202608 4.5000000000000009 6.9412750327836124 73.799148083326656 6.7531556029407129 73.902196148128596 27.092562299224799 73.897298947331777 5.7664173076843026 6.1978922637714797 73.828247422589854 73.799148083326656 7.3518938833785308 18.533574095116844 73.952138398423614 18.457035690252194 18.695607282191347 18.524078808438642
decision_type=2 2 2 2 2 2 2 2 2 2 2 2 2 2 2 2 2 2 2 2 2 2 2 2 2 2 2 2 2 2
left_child=1 2 4 13 5 -1 -5 8 25 16 -11 19 -8 14 15 -4 -7 -18 -6 20 -3 -15 24 -16 -23 26 -2 -24 -9 -30
right_child=7 11 3 6 18 9 12 28 -10 10 -12 -13 -14 21 23 -17 17 -19 -20 -21 -22 22 27 -25 -26 -27 -28 -29 29 -31
leaf_value=-0.0131541772662471 -0.051197290214850491 0.07214277823864261 0.062783091063447108 -0.006686559465667913 0.082448750187265413 0.037060475918027143 0.076369867370167752 -0.051182757876952693 0.054240065099225646 0.056268315677714578 -0.0023542917097705627 0.030739896184518629 0.021918377076706463 -0.05458088441404061 -0.053305257517792172 -0.024861746272636476 0.081806791494838216 0.053758385583267468 0.057606009741001177 0.057593350058876641 0.079686373123130788 -0.052932908741840867 -0.051244093091908194 -0.051820157708162153 -0.05197657170162983 -0.051979173722129068 -0.051618682942040223 -0.051537182796284692 -0.051182583872811986 -0.051656528534878121
leaf_weight=5.6886409446597126 1.7341699432581661 7.860394582152372 1.5508385524153729 3.7122160382568818 4.2571246623992902 2.8462963998317745 3.5575205087661743 62.260499753057957 1.9222337454557417 6.0614372938871366 5.0734270811080933 4.3231826648116103 3.548537615686655 1.1646419223397968 0.60202878899872292 1.5485014729201791 5.1714921295642835 4.1392632015049458 4.7139705270528793 5.714180275797843 4.918573409318924 0.84253611601889156 0.7065603546798227 1.1547620352357624 0.8431230466812849 0.99742664024233807 0.50977678224444378 0.87010809220373631 1.5122767984867089 0.52210770174860943
leaf_count=39 76 37 14 26 19 15 18 2758 21 25 39 25 22 21 15 37 23 24 21 26 22 19 30 39 27 29 17 32 67 17
internal_value=-0.00163815 0.0384257 0.0290502 0.00291237 0.0428943 0.0346909 0.0300088 -0.0482838 -0.0121392 0.0463762 0.0295578 0.0622803 0.0491785 -0.0286651 -0.00680856 0.0189937 0.0617805 0.0693374 0.0693948 0.0696535 0.0750463 -0.0526405 -0.0519477 -0.0523291 -0.0524546 -0.0515042 -0.051293 -0.0514058 -0.0511866 -0.0513042
internal_weight=150.328 80.8694 58.053 20.1014 37.9517 28.9806 10.8183 69.4585 5.16361 23.2919 11.1349 22.8163 7.10606 9.2831 4.85613 3.09934 12.1571 9.31076 8.9711 18.4931 12.779 4.42697 3.26233 1.75679 1.68566 3.24137 2.24395 1.57667 64.2949 2.03438
internal_count=3600 615 505 300 205 165 66 2985 143 126 64 110 40 234 105 51 62 47 40 85 59 129 108 54 46 122 93 62 2842 84
is_linear=0
shrinkage=0.05


Tree=22
num_leaves=31
num_cat=0
split_feature=6 0 6 0 6 1 7 1 6 0 0 1 6 0 6 9 4 1 1 6 0 2 5 0 5 0 2 0 6 6
split_gain=104.789 6.83062 7.79778 4.03922 3.53926 3.44895 4.80301 4.62201 4.60871 7.35693 4.23097 3.45934 2.86238 5.00314 2.13772 1.33735 1.1796 0.337897 0.249367 0.0416167 0.00721545 0.000642436 0.000188579 0.000111536 2.39933e-05 9.97001e-06 2.98936e-05 4.9057e-06 2.05758e-06 2.11634e-07
threshold=8.7593409946772969 18.56371443224954 6.9412750327836124 18.530043969435656 1.8333063912795591 73.80331633181224 25.867348462876414 73.886366288444705 3.8449982720071083 18.524168457542348 18.508972064449861 73.955017102037246 10.034239841943679 18.582874082855877 7.1832665416965229 1.0000000180025095e-35 18.507565862073033 73.82318504831089 73.897298947331777 5.7664173076843026 18.506360969686778 18.494225675594834 73.828247422589854 18.533574095116844 73.952138398423614 18.695607282191347 18.524078808438642 18.438973453631764 7.9441325198846906 9.1260030626041058
decision_type=2 2 2 2 2 2 2 2 2 2 2 2 2 2 2 2 2 2 2 2 2 2 2 2 2 2 2 2 2 2
left_child=1 2 4 21 -1 6 10 17 11 16 15 -9 13 23 18 -6 20 -7 19 -3 -10 22 -4 24 29 -14 -27 -24 -29 -2
right_child=12 14 3 -5 5 7 -8 8 9 -11 -12 -13 25 -15 -16 -17 -18 -19 -20 -21 -22 -23 27 -25 -26 26 -28 28 -30 -31
leaf_value=0.075689853408544852 -0.051165139217871948 0.070603363594370888 -0.05211742480519576 0.014025111502608502 -0.064053613292699027 0.061550709251787974 0.046915314663133909 0.083642522999738844 -0.053405611456187163 0.062139995831020083 0.027715807961700478 0.026907382484434722 -0.051123741388676848 0.051014376209145756 0.032543683434213148 -0.013990620077120939 -0.010154568171000468 0.083997139531933274 0.059657158646094499 0.076740989324624809 -0.058741885299956255 -0.052992034126725575 -0.051393817686696021 -0.051879400301423288 -0.051537325038907005 -0.051123576616497017 -0.051573170364192136 -0.051274148993236374 -0.051145142295532242 -0.051125930879369202
leaf_weight=5.0102819800376883 0.48889783956110466 7.635882377624517 1.034729879349469 5.5396635718643665 2.6816327981650812 2.5991757605224874 6.2196051497012368 4.7442450672388095 1.5726545155048355 3.3656627610325813 4.2501139454543591 6.1952441483736038 59.290657602250576 1.9410882219672201 5.308124750852584 2.6544504202902317 3.1326787974685431 4.7234968300908804 5.1422059535980216 4.3269497156143188 1.0607441794127224 1.1138806883245704 0.58036997169256199 0.95056017488241185 0.48566084913909424 1.4401406329125155 0.49742667376995076 0.71121677942574002 0.54663858935236931 1.16257450543344
leaf_count=22 22 37 32 38 23 18 39 21 33 18 26 27 2758 21 29 30 34 24 24 20 14 28 23 29 17 67 17 30 25 54
internal_value=-0.00162446 0.0368359 0.0277414 -0.0135949 0.0359097 0.031296 0.0126969 0.0420273 0.0296221 0.00339832 -0.00950433 0.0515123 -0.0481491 -0.0118862 0.0602632 -0.0391496 -0.0308892 0.0760298 0.0688653 0.0728233 -0.0555551 -0.0519727 -0.0515775 -0.0514288 -0.0512284 -0.0511274 -0.051239 -0.0512736 -0.0512181 -0.0511375
internal_weight=146.407 80.1496 57.7365 9.5265 48.21 43.1997 15.8058 27.3939 20.0712 9.13174 9.5862 10.9395 66.257 5.02878 22.4132 5.33608 5.76608 7.32267 17.105 11.9628 2.6334 3.98684 2.87296 3.08769 2.13713 61.2282 1.93757 1.83823 1.25786 1.65147
internal_count=3600 615 505 176 329 307 118 189 147 99 79 48 2985 143 110 53 81 42 81 57 47 138 110 122 93 2842 84 78 55 76
is_linear=0
shrinkage=0.05


Tree=23
num_leaves=31
num_cat=0
split_feature=6 6 0 0 0 1 6 5 7 3 0 6 1 6 1 1 0 6 2 1 1 1 0 7 2 5 6 0 3 0
split_gain=97.9478 7.32123 7.12093 6.30066 4.28805 5.46521 4.095 2.71326 2.47569 5.5669 2.39132 2.73795 2.24839 5.61599 3.28652 2.10116 3.30872 1.53827 0.23428 0.212527 0.193407 0.0520522 0.0314648 0.0107249 0.000597482 0.000149435 8.71781e-05 8.38422e-05 7.88223e-06 5.56077e-06
threshold=9.1260030626041058 6.4998050756016044 18.530043969435656 18.544833662628516 18.670571359911985 73.891273865394751 5.3763403707074664 73.846549693948546 25.168328339853343 73.774649923850944 18.697317655401879 17.268133819132345 73.905010303666856 3.8449982720071083 73.955017102037246 73.833273984983848 18.582874082855877 6.9412750327836124 18.581900107688799 73.830600118674326 73.921950212390257 73.941804450704296 18.508972064449861 5.6422052520316885 18.494225675594834 73.828247422589854 10.034239841943679 18.54747755029091 73.765709363873512 18.438973453631764
decision_type=2 2 2 2 2 2 2 2 2 2 2 2 2 2 2 2 2 2 2 2 2 2 2 2 2 2 2 2 2 2
left_child=1 3 17 6 5 15 8 -8 9 -1 26 -12 19 14 -14 16 -4 -3 -5 -11 23 -15 -9 -20 25 -19 27 28 -2 -27
right_child=10 2 4 18 -6 -7 7 22 -10 12 11 -13 13 21 -16 -17 -18 24 20 -21 -22 -23 -24 -25 -26 29 -28 -29 -30 -31
leaf_value=-0.012694355954128038 -0.051364420815651436 0.0066720254103021098 -0.015827461190918178 0.079511994138369846 0.081606526464452406 -0.039267901793693757 0.018676313661593124 -0.052522545475251675 0.062852757446257776 0.055447048702166706 0.059872232546118301 -0.051125184806435887 0.08333568642954807 -0.025208557776414731 0.026752785628882364 0.070381934296174897 0.053327857994068417 -0.051924307284266197 0.068812458103145277 0.071442004204354259 0.058142826127543928 -0.013765428373298159 -0.065793432056445889 0.072457587063873938 -0.052781526172050064 -0.051328332104747132 -0.051068916252342972 -0.051865859079143317 -0.051124002779166178 -0.051156184387489624
leaf_weight=5.6231996752321747 0.48117121122777406 1.5098748989403272 3.4110815469175595 4.1559932529926327 2.9558639973402014 3.4341470487415782 3.0362147502601138 0.9207535460591314 8.3384512141346914 4.0805705934762972 1.0598777271807187 1.1676150932908056 4.3573401719331724 2.0477798469364639 6.2433618605136871 2.8293428346514702 3.5087406747043133 1.0926464684307577 3.9708440601825696 4.2291631102561951 4.9890811741352072 1.9307724758982656 0.86742604337632656 4.1030928939580917 1.1232848595827816 0.67740598879754577 56.992409927770495 0.64629618823528279 1.1696443837136028 1.5255803018808363
leaf_count=39 19 29 28 20 13 25 34 28 37 20 9 55 19 20 27 19 21 37 20 20 24 20 12 20 30 28 2782 20 55 70
internal_value=-0.00161106 0.0345257 0.00996299 0.0437295 0.0271777 0.0149741 0.0332173 -0.0100999 0.0388883 0.0318798 -0.0491703 0.00168921 0.0428304 0.0309995 0.0500108 0.0340808 0.0192382 -0.0368984 0.0691721 0.0635875 0.0658824 -0.0196553 -0.0589601 0.0706649 -0.0517857 -0.0514462 -0.0510811 -0.0513831 -0.0511941 -0.0512091
internal_weight=142.479 80.962 22.068 58.894 16.1392 13.1833 41.675 4.82439 36.8506 28.5122 61.517 2.22749 22.889 14.5793 10.6007 9.74917 6.91982 5.92879 17.219 8.30973 13.063 3.97855 1.78818 8.07394 4.41892 3.29563 59.2895 2.29711 1.65082 2.20299
internal_count=3600 660 300 360 106 93 276 74 202 165 2940 64 126 86 46 68 49 194 84 40 64 40 40 40 165 135 2876 94 74 98
is_linear=0
shrinkage=0.05


Tree=24
num_leaves=31
num_cat=0
split_feature=6 6 0 0 6 7 1 1 6 0 1 1 0 6 0 8 6 7 7 5 7 0 1 2 5 6 0 3 0 0
split_gain=91.6454 6.70725 8.57333 5.69545 3.4107 4.33064 5.01694 5.43922 3.64143 3.19052 2.58205 2.95118 2.31058 2.54042 1.5585 0.938073 0.903806 1.35416 0.649061 0.637688 0.208127 0.122787 0.00184144 0.000514175 0.000128645 7.48508e-05 7.19471e-05 6.76092e-06 4.77522e-06 2.88834e-06
threshold=9.1260030626041058 6.1978922637714797 18.530043969435656 18.528845614882403 3.0350754803297613 26.165698634987731 73.80331633181224 73.886366288444705 3.8449982720071083 18.655763039774687 73.891273865394751 73.768433281146955 18.697317655401879 17.268133819132345 18.508617303427616 5.5000000000000009 6.9412750327836124 15.377831020135798 17.693024436103055 73.956151110660059 14.95482882534086 18.597758636944754 73.859229758250464 18.494225675594834 73.828247422589854 10.034239841943679 18.54747755029091 73.765709363873512 18.438973453631764 18.695607282191347
decision_type=2 2 2 2 2 2 2 2 2 2 2 2 2 2 2 2 2 2 2 2 2 2 2 2 2 2 2 2 2 2
left_child=1 3 16 4 18 6 15 -8 -9 10 11 -4 25 -14 20 -6 17 -3 -1 21 -10 -5 -23 24 -18 26 27 -2 -26 -27
right_child=12 2 9 19 5 -7 7 8 14 -11 -12 -13 13 -15 -16 -17 23 -19 -20 -21 -22 22 -24 -25 28 29 -28 -29 -30 -31
leaf_value=0.063627783633662185 -0.051296172305262101 0.025656718694824478 -0.0042939454989906235 0.078488155303689133 -0.016965717930169301 0.060930492332640189 0.070645045443082075 0.039080384716688385 -0.033181704243153427 0.072021008535674377 -0.010701091499541808 0.053474332792368157 0.057332786483547449 -0.051069147566551315 0.012721369396388269 -0.0619487387247106 -0.051828674124413367 -0.052388442726422749 0.042125287946955081 0.049181729885429321 -0.058243042141001566 0.067545500160894778 0.068947583028037454 -0.052642964669260377 -0.051262032923258143 -0.051014577910266694 -0.05177207907636891 -0.0510680143126526 -0.051098567852392342 -0.051134394266084598
leaf_weight=5.7891577184200278 0.45829780958592836 1.1428498122841149 3.3628513254225272 4.2339976876974132 2.7792616076767507 4.9750583730638018 4.2505741305649272 3.7390694171190244 1.6109927799552681 3.4926557391881934 4.9181064255535594 6.4537027459591627 1.0516924057155841 1.1118577811866996 1.7077441718429325 1.9880184959620235 1.0412268526852133 1.0820138193666933 8.9124647825956327 4.2238304018974295 1.7054527029395101 4.8039978444576246 4.5690924227237701 1.0712430048733947 0.64518086612224612 53.76024692133069 0.61586144380271424 1.1137891449034212 1.4527718704193828 0.50773740187287231
leaf_count=26 19 18 29 20 26 27 22 17 26 16 32 39 9 55 16 21 37 31 39 23 19 25 23 30 28 2758 20 55 70 24
internal_value=-0.00159624 0.0332213 0.0115378 0.0428936 0.0318215 0.0196944 0.00815683 0.0242315 0.00171887 0.0290544 0.0188697 0.0336847 -0.049084 0.00162456 -0.0260861 -0.0357242 -0.038076 -0.0122988 0.0505925 0.0661531 -0.0460693 0.0714212 0.068229 -0.0516971 -0.0513743 -0.0510273 -0.051314 -0.0511345 -0.0511488 -0.0510157
internal_weight=138.571 79.9513 24.6626 55.2887 37.4578 22.7562 17.7811 13.0138 8.76326 18.2273 14.7347 9.81655 58.6195 2.16355 5.02419 4.76728 6.43529 2.22486 14.7016 17.8309 3.31645 13.6071 9.37309 4.21042 3.13918 56.4559 2.18795 1.57209 2.09795 54.268
internal_count=3600 660 330 330 239 174 147 100 78 116 100 68 2940 64 61 47 214 49 65 91 45 68 48 165 135 2876 94 74 98 2782
is_linear=0
shrinkage=0.05


Tree=25
num_leaves=31
num_cat=0
split_feature=6 0 6 0 5 6 5 7 1 1 6 0 1 1 6 0 6 1 5 1 6 6 2 6 5 6 0 3 0 0
split_gain=85.787 6.39047 7.65541 3.2937 4.00524 3.19352 3.30372 3.2432 5.42286 2.3662 3.23072 6.86617 3.68687 2.7132 2.27834 2.23339 2.35874 1.58204 0.793871 0.696989 0.0704124 0.0132526 0.000442496 0.000255202 0.000110748 6.42745e-05 6.1749e-05 5.80009e-06 4.10111e-06 2.48083e-06
threshold=9.1260030626041058 18.56371443224954 6.9412750327836124 18.530043969435656 73.779948143422118 1.8333063912795591 73.973558453011108 25.168328339853343 73.753479949657404 73.886366288444705 3.8449982720071083 18.524168457542348 73.955017102037246 73.806448839548281 7.9441325198846906 18.697317655401879 17.268133819132345 73.909042254245236 73.864508296918558 73.891273865394751 5.8601300934005858 4.3858722353422595 18.494225675594834 5.5609490510183113 73.828247422589854 10.034239841943679 18.54747755029091 73.765709363873512 18.438973453631764 18.695607282191347
decision_type=2 2 2 2 2 2 2 2 2 2 2 2 2 2 2 2 2 2 2 2 2 2 2 2 2 2 2 2 2 2
left_child=1 2 5 22 -5 -1 7 8 18 13 12 17 -11 -10 19 25 -17 -12 -7 20 -3 -19 24 -23 -4 26 27 -2 -26 -27
right_child=15 14 3 4 -6 6 -8 -9 9 10 11 -13 -14 -15 -16 16 -18 21 -20 -21 -22 23 -24 -25 28 29 -28 -29 -30 -31
leaf_value=0.070353595292565171 -0.051231419816036697 0.066645419645288986 -0.05173788330937365 0.049457859336422334 -0.032473185208853415 -0.042201348568070784 -0.014559886905831154 0.068386426620697743 0.020911849241466256 0.07773058847116518 0.0018742902546926552 0.056770768840777523 0.017275752784633069 0.07748540457172351 0.02031899234891776 0.054919955811337844 -0.051015956491532732 -0.059395891592158682 -0.0029112486473609205 0.048985216922212665 0.074590158815772648 -0.053545224771599564 -0.052511456521070865 -0.052286784585426842 -0.051199114331211132 -0.050964119536711996 -0.051683147213757642 -0.05101487187903412 -0.051043880376488528 -0.051077911994440041
leaf_weight=4.7820110619068137 0.43648346140980665 7.1104867756366783 0.99213982000946854 2.8757709302008152 3.0992588419467211 2.3682081401348105 4.2509447000920764 5.2544705588370553 3.4221830014139432 4.469521105289461 1.8489286489784698 3.409587636590004 5.7876391857862473 5.5666914731264114 3.8794827237725249 1.0432207733392709 1.058706749230623 1.5921298526227476 2.81250293366611 6.1633753180503836 4.5886383354663849 0.8987198472023008 1.0214853864163158 0.73017668537795544 0.61445018090307701 51.187683086842299 0.58680811710655678 1.060544818639755 1.383362542837858 0.48349532671272655
leaf_count=22 19 38 37 17 31 21 34 31 28 21 21 18 25 27 28 9 55 15 26 30 22 18 30 22 28 2758 20 55 70 24
internal_value=-0.00158255 0.0319764 0.0232031 -0.016568 0.00696008 0.0316189 0.0272515 0.0319091 0.0260844 0.0348584 0.0247412 0.00190619 0.0436187 0.0559471 0.0550497 -0.0489991 0.00156176 -0.0349907 -0.0208716 0.0625927 0.0697615 -0.0561519 -0.051613 -0.0529811 -0.0513061 -0.0509762 -0.0512484 -0.051078 -0.0510916 -0.0509652
internal_weight=134.779 78.9222 57.1802 9.98647 5.97503 47.1937 42.4117 38.1608 32.9063 27.7256 18.7367 8.47954 10.2572 8.98887 21.742 55.8569 2.10193 5.06996 5.18071 17.8625 11.6991 3.22103 4.01144 1.6289 2.98995 53.755 2.08384 1.49703 1.99781 51.6712
internal_count=3600 660 542 213 48 329 307 273 242 195 140 94 46 55 118 2940 64 76 47 90 60 55 165 40 135 2876 94 74 98 2782
is_linear=0
shrinkage=0.05


Tree=26
num_leaves=31
num_cat=0
split_feature=6 0 6 0 5 6 5 7 1 6 0 6 1 6 0 1 1 1 5 1 6 6 2 6 5 6 0 3 0 0
split_gain=80.3807 5.98509 6.97832 3.14779 3.61144 2.99087 3.01212 2.89327 4.94568 2.23441 2.1597 2.19135 2.14836 2.95224 6.21202 3.5155 2.5634 1.53488 0.747136 0.710397 0.0585437 0.0112981 0.000380819 0.000218478 9.5341e-05 5.51993e-05 5.30045e-05 4.9766e-06 3.52259e-06 2.13145e-06
threshold=9.1260030626041058 18.56371443224954 6.9412750327836124 18.530043969435656 73.779948143422118 1.8333063912795591 73.973558453011108 25.168328339853343 73.753479949657404 7.9441325198846906 18.697317655401879 17.268133819132345 73.886366288444705 3.8449982720071083 18.524168457542348 73.955017102037246 73.806448839548281 73.909042254245236 73.864508296918558 73.891273865394751 5.8601300934005858 4.3858722353422595 18.494225675594834 5.5609490510183113 73.828247422589854 10.034239841943679 18.54747755029091 73.765709363873512 18.438973453631764 18.695607282191347
decision_type=2 2 2 2 2 2 2 2 2 2 2 2 2 2 2 2 2 2 2 2 2 2 2 2 2 2 2 2 2 2
left_child=1 2 5 22 -5 -1 7 8 18 19 25 -12 16 15 17 -14 -10 -15 -7 20 -3 -19 24 -23 -4 26 27 -2 -26 -27
right_child=10 9 3 4 -6 6 -8 -9 12 -11 11 -13 13 14 -16 -17 -18 21 -20 -21 -22 23 -24 -25 28 29 -28 -29 -30 -31
leaf_value=0.068230240109676724 -0.051169973777949768 0.0655732285647498 -0.051651679892440711 0.04647128199380416 -0.03149336853321786 -0.041165627636527598 -0.013917805699573418 0.065045834644198594 0.019781148975410362 0.019201405871072264 0.052618599147689599 -0.050965459168882246 0.075836891880166721 0.0017790982233384636 0.05322596139866162 0.016386544619616018 0.07487473886847705 -0.058886797262158334 -0.0027693138647117699 0.04727222561263373 0.072928685980916688 -0.053365086498292552 -0.052386626178979406 -0.052172810013470142 -0.051139398938293383 -0.050916215755552691 -0.051598799285817558 -0.050964422822475944 -0.050991968514091948 -0.051024306352851691
leaf_weight=4.6867128759622565 0.41568190418183704 6.871472463011747 0.9452879074960937 2.9067284092307091 3.0374931413680315 2.3079487867653361 4.2253721207380286 5.2482449114322653 3.43652684800327 3.8994880430400363 1.03462766110897 1.0080456081777809 4.354974716901781 1.8504251092672328 3.4536439850926399 5.7963845133781433 5.4750752113759518 1.5272418484091761 2.8089140448719263 6.0697891861200324 4.4617364853620529 0.85770160518586613 0.97392386011779297 0.6960445586591959 0.58514837734401215 48.735883969813585 0.55907858535647381 1.009794859215617 1.3172009978443382 0.46038599871098895
leaf_count=22 19 38 37 17 31 21 34 31 28 28 9 55 21 21 18 25 27 15 26 30 22 18 30 22 28 2758 20 55 70 24
internal_value=-0.00156747 0.0308263 0.0223099 -0.0161296 0.0066314 0.0303439 0.0261201 0.0305941 0.0250418 0.0534107 -0.0489155 0.00150056 0.0334548 0.0237557 0.00180026 0.041891 0.0536293 -0.034215 -0.0200879 0.061076 0.068469 -0.0558328 -0.0515332 -0.052831 -0.0512413 -0.0509277 -0.0511862 -0.0510244 -0.0510373 -0.0509172
internal_weight=131.017 77.7935 56.491 9.76578 5.94422 46.7252 42.0385 37.8131 32.5649 21.3025 53.2235 2.04267 27.448 18.5364 8.38506 10.1514 8.9116 4.93141 5.11686 17.403 11.3332 3.08099 3.82156 1.55375 2.84764 51.1808 1.98456 1.42548 1.90235 49.1963
internal_count=3600 660 542 213 48 329 307 273 242 118 2940 64 195 140 94 46 55 76 47 90 60 55 165 40 135 2876 94 74 98 2782
is_linear=0
shrinkage=0.05


Tree=27
num_leaves=31
num_cat=0
split_feature=6 6 0 0 1 1 0 6 4 1 7 7 5 0 6 6 6 0 7 2 3 8 9 2 0 0 0 8 0 2
split_gain=75.351 5.66808 5.80674 5.76427 4.37221 4.71517 3.84376 3.46516 3.96941 2.83706 5.62672 2.45285 2.15879 2.08942 2.03688 2.01766 1.6038 0.982203 0.962724 0.829659 0.420716 0.382951 0.715472 0.0853912 0.0229245 0.0133531 0.0123977 0.00669632 0.000925473 0.000381823
threshold=9.1260030626041058 6.4998050756016044 18.520168003625823 18.670571359911985 73.891273865394751 73.763524679419433 18.502249002665661 2.6699638003383241 18.447253701234249 73.80331633181224 25.867348462876414 20.490870582794138 73.779948143422118 18.697317655401879 17.268133819132345 6.7877291330552376 3.8449982720071083 18.59649222817761 22.776294191724663 18.475099850947863 73.774649923850944 6.5000000000000009 -1.0000000180025095e-35 18.581900107688799 18.625342394613075 18.535016790210147 18.537970678554903 4.5000000000000009 18.492539305309776 18.475099850947863
decision_type=2 2 2 2 2 2 2 2 2 2 2 2 2 2 2 2 2 2 2 2 2 2 2 2 2 2 2 2 2 2
left_child=1 2 7 4 5 17 19 20 16 10 -10 -11 -8 -2 -15 -6 -9 26 21 27 -1 22 -4 25 -24 -17 29 -7 -18 -3
right_child=13 3 18 -5 15 6 12 8 9 11 -12 -13 -14 14 -16 23 28 -19 -20 -21 -22 -23 24 -25 -26 -27 -28 -29 -30 -31
leaf_value=0.036910329012935117 -0.050881602537177696 -0.051124675274133613 0.042051008968103688 0.075255609188534953 0.017324318762279675 -0.058735628916804221 0.070049543608692547 0.00022091957091238004 -0.041031901290181583 0.06783184485219812 0.042044596555416203 0.015439031719522645 0.017435764246853593 0.050416579093797112 -0.050917520592893464 -0.051017638791709542 -0.052836064368237429 0.00098098884968817216 0.037666046458506658 0.011897891099955 0.056297834911254376 0.075855357106477408 0.070691441141703074 -0.070249142265941228 0.065270043903513361 -0.058444825730609655 -0.059391172172336686 -0.051583073794776085 -0.054939145523843394 -0.052811361787647094
leaf_weight=4.890551805496214 48.727661294862628 0.55941728502512666 3.9813434146344697 2.7405506223440161 1.0758586917072523 0.63794595189392411 4.2382989693433046 3.4054028689861324 3.677650937810542 5.232486601918934 4.5719509273767471 3.8981791194528341 3.6104322839528322 1.0260483920574177 0.9597626570612191 1.2471607774496085 1.5506019182503226 1.1480442285537718 4.2919680923223487 0.71504957601428021 6.5405756086111069 4.9649443030357352 4.0687020719051379 1.3675011992454527 3.7444469928741455 1.1756069287657736 1.0175607129931448 0.67185449600219727 0.78942813165485848 0.83838526718318462
leaf_count=21 2876 27 24 13 11 15 25 16 32 32 28 30 31 9 55 66 39 9 25 18 31 26 20 9 21 12 10 29 15 25
internal_value=-0.00155158 0.02973 0.0380941 0.00762784 -0.00249816 0.012208 0.0300015 0.0254834 0.0143517 0.0262619 0.00500931 0.0454636 0.0458471 -0.0488328 0.00144078 -0.0431067 -0.0216774 -0.0370949 0.0587952 -0.0314191 0.0480033 0.0642062 0.0593024 -0.0602599 0.0680932 -0.0546216 -0.0551927 -0.0550668 -0.0535456 -0.0521363
internal_weight=127.365 76.6519 55.6082 21.0437 18.3031 13.437 9.87358 34.5568 23.1257 17.3803 8.2496 9.13067 7.84873 50.7135 1.98581 4.86613 5.74543 3.56341 21.0514 2.02485 11.4311 16.7594 11.7945 3.79027 7.81315 2.42277 2.41536 1.3098 2.34003 1.3978
internal_count=3600 660 360 300 287 189 118 244 192 122 60 62 56 2940 64 98 70 71 116 62 52 91 65 87 41 78 62 44 54 52
is_linear=0
shrinkage=0.05


Tree=28
num_leaves=31
num_cat=0
split_feature=6 0 6 1 5 1 1 7 3 1 1 1 6 1 6 0 6 6 0 1 0 1 7 0 0 7 6 0 6 6
split_gain=70.6325 5.44199 6.13056 4.48303 3.67542 2.65554 2.61463 3.20971 2.32675 3.64929 2.56512 2.78384 3.28302 2.7269 2.17207 2.02247 1.89416 1.82919 1.33981 1.30267 1.16923 0.528067 0.0659521 0.0644448 0.00813276 0.0026116 0.00191666 0.000311697 4.53634e-05 4.08684e-05
threshold=9.1260030626041058 18.56371443224954 5.3763403707074664 73.793912384771616 73.846549693948546 73.722663029035857 73.887663132119698 18.260341820951961 73.765709363873512 73.74589070238396 73.755846897900128 73.905010303666856 3.8449982720071083 73.955017102037246 6.2770418785418016 18.697317655401879 17.268133819132345 7.7057171503213295 18.55177110251692 73.965851250208928 18.643800966778507 73.954297135201529 16.07497780690435 18.537970678554903 18.535016790210147 7.1722197823670184 6.4998050756016044 18.513020031583682 6.7877291330552376 10.034239841943679
decision_type=2 2 2 2 2 2 2 2 2 2 2 2 2 2 2 2 2 2 2 2 2 2 2 2 2 2 2 2 2 2
left_child=1 2 5 18 6 -1 17 -8 9 -7 -10 22 13 -13 25 29 -17 -5 23 24 -16 -14 -12 26 28 -3 -4 -28 -6 -2
right_child=15 14 3 4 19 8 7 -9 10 -11 11 12 21 -15 20 16 -18 -19 -20 -21 -22 -23 -24 -25 -26 -27 27 -29 -30 -31
leaf_value=0.080117361362979297 -0.051071452600904489 0.063662686399522841 -0.054416628721654314 0.065427075972047208 -0.051463966189410085 0.039940014688328029 -0.062702204472784143 0.024842262929021731 -0.019937256792137897 -0.028404731003944961 0.06748988314575706 0.074828912375948006 -0.027854238716857313 0.022497728454229059 0.01392152032843373 0.048304171252520296 -0.050872000091371918 0.013624498753532818 0.0087235573427027983 0.030822066598556647 0.051236114619533292 0.0091648777929218602 0.058712847683736615 -0.068556647898541684 -0.057048591561544564 0.065154838361013295 -0.051309292894601767 -0.052743147543740182 -0.050895513491632849 -0.05082844868886563
leaf_weight=2.7446797080337992 1.8000647164881218 5.2186054587364215 1.4725707676261697 4.088692666962741 0.5568529814481733 3.8321064468473187 1.5700714960694311 3.1427437709644437 1.8725258708000208 3.9834723509848118 4.6362581402063388 3.9631943106651288 2.1939746383577581 6.693989560008049 4.4972608033567649 1.0175927616655815 0.91375081427395333 2.9218988539651036 0.98386067897081364 0.56601173058152188 3.9372637122869492 1.7174213789403436 3.9755930155515671 0.87023694813251484 0.93189239874482144 6.693577378988266 0.91602271422743775 0.64653675258159637 0.9491962194442749 44.589979900047183
leaf_count=14 94 31 29 28 22 22 28 34 12 24 24 19 27 29 29 9 55 38 7 15 20 14 20 7 10 38 41 22 56 2782
internal_value=-0.00153745 0.0286493 0.0205057 -0.00193967 0.0118325 0.0328692 0.0244764 -0.00432312 0.0289237 0.00510582 0.036354 0.0409012 0.0275792 0.0419587 0.0507546 -0.0487507 0.00138227 0.0438366 -0.0434242 -0.0375123 0.0313401 -0.0115998 0.063438 -0.0565616 -0.0533773 0.0645011 -0.0531223 -0.0519026 -0.0511057 -0.0508379
internal_weight=123.898 75.5765 55.2298 19.6166 14.7274 35.6132 11.7234 4.71282 32.8685 7.81558 25.053 23.1804 14.5686 10.6572 20.3467 48.3214 1.93134 7.01059 4.88923 3.00395 8.43452 3.9114 8.61185 3.90537 2.43794 11.9122 3.03513 1.56256 1.50605 46.39
internal_count=3600 660 542 337 231 205 128 62 191 46 145 133 89 48 118 2940 64 66 106 103 49 41 44 99 88 69 92 63 78 2876
is_linear=0
shrinkage=0.05


Tree=29
num_leaves=31
num_cat=0
split_feature=6 0 6 0 5 6 5 6 7 1 7 0 6 1 8 8 3 7 0 1 1 6 1 2 5 6 0 3 9 1
split_gain=66.261 5.126 5.63411 2.78663 2.89203 2.71325 2.57004 2.49732 2.47739 3.07561 2.84054 1.95875 1.76217 1.73887 2.69527 3.4245 2.49836 2.41524 2.72373 2.21044 1.04256 0.118964 0.000407238 0.000393814 8.84525e-05 3.51422e-05 3.37647e-05 3.15935e-06 2.95444e-06 2.36032e-06
threshold=9.1260030626041058 18.56371443224954 6.9412750327836124 18.530043969435656 73.779948143422118 1.8333063912795591 73.973558453011108 8.061996702241002 26.402660410987529 73.753479949657404 24.011493083270775 18.697317655401879 17.268133819132345 73.886366288444705 5.5000000000000009 2.5000000000000004 73.956752456316295 20.877728819494859 18.513394494718373 73.806448839548281 73.891273865394751 6.0215309568934048 73.749024105447589 18.494225675594834 73.828247422589854 10.034239841943679 18.54747755029091 73.765709363873512 1.0000000180025095e-35 73.893888549036149
decision_type=2 2 2 2 2 2 2 2 2 2 2 2 2 2 2 2 2 2 2 2 2 2 2 2 2 2 2 2 2 2
left_child=1 2 5 23 -5 -1 8 20 9 10 -7 25 -13 19 15 -15 -17 18 -16 -11 21 22 -3 24 -4 26 27 -2 29 -26
right_child=11 7 3 4 -6 6 -8 -9 -10 13 -12 12 -14 14 17 16 -18 -19 -20 -21 -22 -23 -24 -25 28 -27 -28 -29 -30 -31
leaf_value=0.064208021016239375 -0.051003990472083552 0.062587770012112617 -0.051533133496861797 0.040460054479626306 -0.030070606323691615 -0.036942394208536324 -0.014170459821966153 0.011028807952492906 0.066628256650196657 0.017306647715879055 0.03328843568857922 0.046273638641799009 -0.050828777132854733 0.033288944868452248 0.019673231403432554 0.0069562469364773871 -0.066641152309041538 0.0025370145540664761 0.085069136168675674 0.069350041462673429 0.040509595044698497 0.07407216215176049 0.063358417407567424 -0.052342320064587257 -0.0510677134263176 -0.050787394889978847 -0.051372224698569183 -0.05082773246982452 -0.050852942477973367 -0.050888872578288613
leaf_weight=4.4177043735980979 0.35899124760180601 3.3706211447715813 0.87622485123574634 2.915416594594717 2.8982571307569742 3.6656762249767771 4.1833687629550687 3.4993252977728835 3.5927310772240153 3.3733909502625483 2.3709812555462122 1.0093481019139279 0.86990715377032746 4.469068545848133 2.7753854552283865 2.421409422531724 2.20148322917521 2.9317841865122318 3.7349190600216389 5.162774782627821 5.7949161753058425 3.7324416637420654 3.4884498864412308 0.90194198489189137 0.40776726976037003 42.448723016306758 0.48374641593545664 0.87127508036792278 0.92336504068225622 0.3369361637160182
leaf_count=22 19 21 37 17 31 39 34 26 21 28 15 9 55 35 27 19 24 20 18 27 31 19 21 30 21 2782 20 55 57 20
internal_value=-0.00152013 0.0276395 0.0197187 -0.0158192 0.00529881 0.026983 0.0229605 0.0493718 0.0271931 0.0229136 -0.00935826 -0.048669 0.00132494 0.0301103 0.0215102 0.00207932 -0.0280918 0.0402205 0.0571904 0.0487831 0.05756 0.0668887 0.0629797 -0.0514446 -0.0511264 -0.0507964 -0.0510183 -0.0508792 -0.0509127 -0.0509868
internal_weight=120.488 74.4463 54.5606 9.25991 5.81367 45.3007 40.883 19.8858 36.6996 33.1069 6.03666 46.042 1.87926 27.0702 18.534 9.09196 4.62289 9.44209 6.5103 8.53617 16.3864 10.5915 6.85907 3.44624 2.54429 44.1627 1.71401 1.23027 1.66807 0.744703
internal_count=3600 660 542 213 48 329 307 118 273 252 54 2940 64 198 143 78 43 65 45 55 92 61 42 165 135 2876 94 74 98 41
is_linear=0
shrinkage=0.05


Tree=30
num_leaves=31
num_cat=0
split_feature=6 6 0 0 0 6 7 7 4 0 6 1 1 0 6 1 6 7 4 9 5 7 0 1 6 5 0 2 9 2
split_gain=62.1861 5.72383 6.86944 5.1509 4.07484 2.6488 3.18809 3.917 3.58492 3.11897 2.37344 1.74733 2.25037 1.74188 1.61908 1.16866 0.753171 1.10144 0.729821 0.919942 0.719094 0.496385 0.102651 0.0018752 0.000295656 0.000323825 4.18687e-05 7.01628e-05 2.69583e-05 8.03549e-06
threshold=10.034239841943679 6.1978922637714797 18.530043969435656 18.528845614882403 18.670571359911985 3.0350754803297613 26.165698634987731 20.490870582794138 18.507565862073033 18.49458570297276 7.9441325198846906 73.881431605064378 73.833273984983848 18.582874082855877 4.0636066783038824 73.884326879029814 6.9412750327836124 15.377831020135798 18.425073633879659 -1.0000000180025095e-35 73.956151110660059 6.5191684194704989 18.597758636944754 73.879182465600877 7.9441325198846906 73.799148083326656 18.697317655401879 18.498151194926887 1.0000000180025095e-35 18.465250354431955
decision_type=2 2 2 2 2 2 2 2 2 2 2 2 2 2 2 2 2 2 2 2 2 2 2 2 2 2 2 2 2 2
left_child=1 3 16 5 10 18 7 8 9 21 15 12 13 -12 -9 -4 17 -3 -1 -20 22 -7 -5 -24 25 -18 -2 -28 -27 -26
right_child=26 2 4 20 -6 6 -8 14 -10 -11 11 -13 -14 -15 -16 -17 24 -19 19 -21 -22 -23 23 -25 29 28 27 -29 -30 -31
leaf_value=0.026025819034577704 -0.050748403069458117 0.018096144656629405 0.04504679828840108 0.072804725290659664 0.071063139145582835 -0.016085621499648688 0.049332651395052649 -0.0033909645638843552 0.062962021977299928 0.027594934196485121 -0.058229610298616445 -0.057385474539585896 0.051334913967280384 0.010244978688630481 -0.058006955118584773 0.0084887088670753518 -0.052486912774089269 -0.052487854745873336 0.032760900701912746 0.06495299550103055 0.040687437511465183 -0.055837885883340044 0.061912655017249532 0.06348079622446734 -0.050788696271207058 -0.051366420124854609 -0.050747216506810994 -0.05159605701801212 -0.050848581107195923 -0.05097321170295406
leaf_weight=4.7270605415105811 40.408714567311108 1.1718690004199772 4.6366356313228625 3.6542097777128202 3.365961328148841 1.5003135483712013 4.8748979456722727 2.6377525925636283 3.4150114394724369 4.6363027133047581 1.6136946734040969 1.585194833576679 1.6345634805038569 2.1880797799676657 2.7946265675127506 4.1361641213297844 0.79286174196749915 1.0460573416203258 4.0703930109739295 4.8796980679035178 3.7653387151658526 1.647793451324105 4.1910463720560074 3.4972081631422043 1.1940201092511418 0.57549625635147073 0.63832874968647846 0.39351962134242058 0.4461875269189477 1.1664924742653964
leaf_count=21 2782 18 25 20 17 20 27 14 21 34 30 24 17 22 30 20 24 31 18 26 23 28 27 21 79 26 44 16 28 67
internal_value=-0.00150203 0.0254099 0.00614017 0.0352008 0.0211149 0.0247152 0.0137748 0.00335258 0.0202521 0.0015153 0.0104703 -0.0111948 0.00227399 -0.0188196 -0.0314875 0.0278105 -0.0387402 -0.0151939 0.0419186 0.0503124 0.0596202 -0.0368929 0.0659053 0.062626 -0.0512488 -0.0517287 -0.0507564 -0.0510709 -0.0511403 -0.0508799
internal_weight=117.285 75.8449 25.5533 50.2917 19.1603 35.1838 21.5067 16.6318 11.1994 7.78441 15.7943 7.02153 5.43634 3.80177 5.43238 8.7728 6.39298 2.21793 13.6772 8.95009 15.1078 3.14811 11.3425 7.68825 4.17506 1.81455 41.4406 1.03185 1.02168 2.36051
internal_count=3600 758 428 330 155 239 174 147 103 82 138 93 69 52 44 45 273 49 65 44 91 48 68 48 224 78 2842 60 54 146
is_linear=0
shrinkage=0.05


Tree=31
num_leaves=31
num_cat=0
split_feature=6 6 0 0 1 1 0 6 1 0 0 6 1 1 5 0 6 7 0 5 5 5 1 2 7 0 0 6 7 0
split_gain=58.4729 5.27339 6.56979 5.35595 3.65204 3.94422 3.69808 3.32406 2.18649 2.1676 2.70165 3.23997 2.07476 3.51055 2.07116 2.3118 1.84842 1.61408 2.31582 1.05619 0.886001 0.61032 0.193107 0.0755264 0.0502004 0.0115994 0.0114595 0.000319617 0.00020252 3.60093e-05
threshold=10.034239841943679 6.4998050756016044 18.670571359911985 18.544833662628516 73.891273865394751 73.763524679419433 18.482330734710494 5.3763403707074664 73.722663029035857 18.425729057553863 18.475458527718366 2.6699638003383241 73.806448839548281 73.889724661043047 73.779948143422118 18.556101302628253 6.7877291330552376 21.117515068380943 18.508617303427616 73.864508296918558 73.960987438244231 73.799148083326656 73.921950212390257 18.581900107688799 9.1795757205288222 18.535016790210147 18.537970678554903 7.9441325198846906 17.521051657559664 18.697317655401879
decision_type=2 2 2 2 2 2 2 2 2 2 2 2 2 2 2 2 2 2 2 2 2 2 2 2 2 2 2 2 2 2
left_child=1 3 4 7 5 20 27 8 -1 -10 11 -11 -9 -14 -8 -16 -6 18 21 -13 26 -12 24 25 -5 -18 28 -7 -3 -2
right_child=29 2 -4 22 16 6 14 12 9 10 17 19 13 -15 15 -17 23 -19 -20 -21 -22 -23 -24 -25 -26 -27 -28 -29 -30 -31
leaf_value=0.078166792711175631 -0.050711371638658867 -0.052403352341333503 0.069676674668768895 0.061469211474695765 0.015133257810602539 -0.052439686848617932 0.056652636033214659 -0.060108244887113874 0.06221100077934575 0.031472392220039967 0.037476037734870321 -0.0057138198292372051 0.073689680908359756 -0.037829115099020746 -0.031979424913539313 0.044202144852400489 -0.05082537564426616 0.0092804035161809222 0.063731968704642164 -0.049705629036317076 -0.0040227332879346541 0.0068662265653843119 0.051741511862494177 -0.068130085195502996 0.069265859860102863 -0.057515846268928451 -0.058672853431644467 -0.050926079533548552 -0.050910644432312482 -0.051017909305341114
leaf_weight=2.1232370510697356 38.465319665148854 0.41223352123052581 3.2638811916112891 5.9047292768955213 1.0704133324325074 0.86449824552982935 4.7659954819828254 1.7008653208613385 3.615498889237645 4.5731301158666628 3.0809910222888011 3.041921142488718 1.2259965538978579 1.6628631660714743 1.9057035790756347 2.0857871565967798 1.4707374814897778 5.2519483119249335 6.328804099932313 2.4740961790084839 1.2421675110235808 3.4541407227516174 4.7365227937698355 1.4058095430955289 3.174558088183403 1.1578310076147316 1.4990612957626579 0.5846413392573595 0.50630687456578016 0.98251899611204763
leaf_count=11 2782 18 17 39 11 27 34 31 22 21 17 23 8 35 39 18 96 30 31 22 22 25 27 15 18 16 20 35 30 60
internal_value=-0.00148719 0.0245516 0.00415176 0.0332164 -0.00712142 0.00618919 0.0221573 0.02364 0.02904 0.025762 0.0210898 0.000353831 -0.0162967 0.00949809 0.0344002 0.0078299 -0.0432777 0.0326381 0.0421743 -0.0254454 -0.0383439 0.0212972 0.0599257 -0.0587754 0.0641953 -0.0537724 -0.0559782 -0.051829 -0.0515806 -0.050719
internal_weight=114.032 74.5844 22.2351 52.3493 18.9712 13.8664 10.2066 38.5335 33.9438 31.8205 28.205 10.0891 4.58973 2.88886 8.75749 3.99149 5.10479 18.1159 12.8639 5.51602 3.65977 6.53513 13.8158 4.03438 9.07929 2.62857 2.4176 1.44914 0.91854 39.4478
internal_count=3600 758 398 360 381 243 153 276 202 191 169 66 74 43 91 57 138 103 73 45 90 42 84 127 57 112 68 62 48 2842
is_linear=0
shrinkage=0.05


Tree=32
num_leaves=31
num_cat=0
split_feature=6 6 0 0 0 6 7 7 5 1 6 4 1 1 0 1 5 6 7 4 9 5 0 1 2 2 5 6 0 2
split_gain=55.011 4.85905 6.03797 4.89777 3.61708 2.37314 2.90214 3.51128 3.64186 2.69864 2.04065 1.6359 1.55668 1.91958 1.62775 1.05392 0.736031 0.727729 1.00016 0.688355 0.893676 0.534836 0.0827015 0.00151837 0.000246256 6.74374e-05 5.39968e-05 5.83204e-05 3.10307e-05 5.19556e-05
threshold=10.034239841943679 6.1978922637714797 18.530043969435656 18.528845614882403 18.670571359911985 3.0350754803297613 26.165698634987731 21.548407070258197 73.846549693948546 73.968010627583894 7.9441325198846906 18.507565862073033 73.881431605064378 73.833273984983848 18.582874082855877 73.884326879029814 73.956151110660059 6.9412750327836124 15.377831020135798 18.425073633879659 -1.0000000180025095e-35 73.952138398423614 18.597758636944754 73.879182465600877 18.494225675594834 18.498151194926887 73.828247422589854 8.061996702241002 18.697317655401879 18.498151194926887
decision_type=2 2 2 2 2 2 2 2 2 2 2 2 2 2 2 2 2 2 2 2 2 2 2 2 2 2 2 2 2 2
left_child=1 3 17 5 10 19 7 8 11 21 15 -7 13 14 -12 -4 22 18 -3 -1 -21 -10 -5 -24 26 -26 27 -19 -2 -30
right_child=28 2 4 16 -6 6 -8 -9 9 -11 12 -13 -14 -15 -16 -17 -18 24 -20 20 -22 -23 23 -25 25 -27 -28 -29 29 -31
leaf_value=0.023707237662446857 -0.0506761975268211 0.016182978604779717 0.042466465183096339 0.070634164395247057 0.068404358253761233 0.016640109516657803 0.046435422786203669 -0.036834005867259677 -0.023287716206164457 0.028537672220769174 -0.05804561362598995 0.064365939587510676 -0.056663206397536296 0.045935975897380382 0.0093489609476292285 0.0075318022415636135 0.038143631692025746 -0.051620670068272395 -0.052325914747696524 0.030315569023963009 0.062424294833500829 -0.066789598268032602 0.060530538499459732 0.06199447721384177 -0.052234751485969691 -0.051397721055604265 -0.050774645452309614 -0.050817817612678229 -0.050674914822407158 -0.051441846616679492
leaf_weight=4.6759455204010001 36.614100375212729 1.1777190342545538 4.5355043262243289 3.4433079659938794 3.1609697490930548 3.9424842819571548 4.7986018657684317 4.256928823888301 1.2311255792155864 1.8940873481333254 1.5259448792785399 3.2971327006816864 1.4517077188938854 1.6835734006017444 2.1700531933456659 4.1200704276561737 3.6174096204340449 0.47881403565406877 0.9727650862187146 4.051628202199935 4.6590211987495413 1.6582173220813272 3.8757250756025314 3.2619076520204544 0.51753664202988137 0.44975289702415466 1.9532960094511507 0.42874107975512743 0.57821152731776138 0.35728475358337164
leaf_count=21 2782 18 25 20 17 31 27 36 23 16 30 19 24 17 22 20 23 19 31 18 26 22 27 21 22 21 134 28 44 16
internal_value=-0.00147192 0.0237413 0.00564353 0.0328997 0.019662 0.0227186 0.0122628 0.00219028 0.0160074 -0.0178468 0.00971339 0.0383758 -0.0107167 0.00168228 -0.0184758 0.0258375 0.0576135 -0.0380813 -0.0148068 0.0391823 0.0474894 -0.0482538 0.0642698 0.0611996 -0.0511559 -0.0518456 -0.0509227 -0.0512414 -0.0506835 -0.0509678
internal_weight=110.84 73.29 24.6264 48.6635 18.6478 34.4652 21.0786 16.28 12.023 4.78343 15.4869 7.23962 6.83128 5.37957 3.696 8.65557 14.1984 5.97862 2.15048 13.3866 8.71065 2.88934 10.5809 7.13763 3.82814 0.96729 2.86085 0.907555 37.5496 0.935496
internal_count=3600 758 428 330 155 239 174 147 111 61 138 50 93 69 52 45 91 273 49 65 44 45 68 48 224 43 181 47 2842 60
is_linear=0
shrinkage=0.05


Tree=33
num_leaves=31
num_cat=0
split_feature=6 0 6 0 5 6 6 7 5 7 1 7 1 8 8 6 1 0 1 1 3 2 6 1 7 2 2 5 6 0
split_gain=51.7572 4.54351 5.43897 2.47305 2.51211 2.42127 2.39485 2.54541 2.2691 2.16393 3.44571 1.65489 1.63381 2.89195 3.30328 1.76268 1.99191 3.16139 2.28046 1.25398 0.606074 0.443947 0.109093 0.00399628 0.000218919 0.000212367 5.8325e-05 4.64312e-05 5.01218e-05 2.66904e-05
threshold=10.034239841943679 18.56371443224954 6.9412750327836124 18.530043969435656 73.779948143422118 1.8333063912795591 8.1757936180850717 8.5947320675444825 73.973558453011108 25.168328339853343 73.753479949657404 10.852348571311355 73.935890259306603 5.5000000000000009 2.5000000000000004 4.0636066783038824 73.886366288444705 18.508617303427616 73.806448839548281 73.891273865394751 73.765709363873512 18.498151194926887 6.1978922637714797 73.890709487411641 6.3873334703695486 18.494225675594834 18.498151194926887 73.828247422589854 8.061996702241002 18.697317655401879
decision_type=2 2 2 2 2 2 2 2 2 2 2 2 2 2 2 2 2 2 2 2 2 2 2 2 2 2 2 2 2 2
left_child=1 2 5 25 -5 -1 19 -8 9 10 20 -6 15 14 -14 -12 18 -18 -17 22 -7 -15 24 -13 -3 27 -27 28 -4 -2
right_child=29 6 3 4 11 8 7 -9 -10 -11 12 23 13 21 -16 16 17 -19 -20 -21 -22 -23 -24 -25 -26 26 -28 -29 -30 -31
leaf_value=0.059593478372193309 -0.050642781980917852 0.05993065961790045 -0.051540047006222535 0.034616255473806853 0.022458633158472747 -0.0045933525590673777 -0.040690311177337339 0.041312145750234119 -0.015739031084357067 0.054065584964811002 0.064147898558762337 -0.054077875614747389 0.024190179293205015 0.04852263915699296 -0.053730648368499036 0.0024498727779172082 -0.055370283353105267 0.044363674078531756 0.064082836242081845 0.033721633434446494 -0.040128031614604875 0.021815921346599002 0.071523064294672631 -0.058504828877631788 0.060516820523269878 -0.052125780535565595 -0.05132830578348703 -0.050736339267540322 -0.050777352049393126 -0.050919964164031883
leaf_weight=4.082846835255622 34.850810514762998 3.5906034708023089 0.45615649130195279 2.888416662812233 0.99082513339817557 2.7215505475178388 1.5456392290070646 2.4406308429315686 4.1689016055315724 4.9098569191992274 4.2305822446942356 1.0115668857470157 2.7198125477880222 3.1025298796594143 2.7206863602623343 2.3752355780452472 1.6366679118946197 1.5442938711494205 4.0769770704209805 5.3495525717735282 2.1462257746607065 3.1218236759305 3.1653379499912262 1.0276981703937051 2.863035723567009 0.49329926818609227 0.42838215455412865 1.8594000684097407 0.40814794227480888 0.89068676624447007
leaf_count=22 2782 26 19 17 9 26 18 25 34 31 23 27 18 23 26 24 30 11 23 32 21 17 17 14 20 22 21 134 28 60
internal_value=-0.00145476 0.0229401 0.0154413 -0.0187022 0.00125201 0.0229381 0.0439559 0.00951645 0.0191469 0.0232662 0.0182912 -0.0305523 0.0256422 0.0118524 -0.0147765 0.0372449 0.0254299 -0.00695142 0.0413941 0.0531274 -0.0202608 0.0351279 0.0639199 -0.0563089 0.0601907 -0.0510991 -0.0517551 -0.0508771 -0.0511799 -0.0506497
internal_weight=107.818 72.0767 53.1219 9.56389 5.91851 43.558 18.9548 3.98627 39.4751 35.3062 30.3964 3.03009 25.5286 11.6649 5.4405 13.8638 9.63317 3.18096 6.45221 14.9685 4.86778 6.22435 9.61898 2.03927 6.45364 3.64539 0.921681 2.7237 0.864304 35.7415
internal_count=3600 758 620 291 67 329 138 43 307 273 242 50 195 84 44 111 88 41 47 95 47 40 63 41 46 224 43 181 47 2842
is_linear=0
shrinkage=0.05


Tree=34
num_leaves=31
num_cat=0
split_feature=6 0 6 6 0 1 0 5 6 5 7 1 7 1 8 8 6 1 0 1 0 3 1 2 2 2 5 6 0 2
split_gain=48.7163 4.26589 4.98562 2.4312 3.24264 2.857 2.37676 2.29259 2.28106 2.07299 1.95735 3.14991 1.57298 1.54105 2.6075 3.04795 1.66341 1.81973 2.93799 2.13796 0.688775 0.665518 0.00339721 0.00214151 0.000183125 5.04311e-05 3.99275e-05 4.3079e-05 2.2998e-05 3.84744e-05
threshold=10.034239841943679 18.56371443224954 6.9412750327836124 6.2770418785418016 18.670571359911985 73.800202134221863 18.530043969435656 73.779948143422118 1.8333063912795591 73.973558453011108 25.168328339853343 73.753479949657404 10.852348571311355 73.935890259306603 5.5000000000000009 2.5000000000000004 4.0636066783038824 73.886366288444705 18.508617303427616 73.806448839548281 18.474524256362844 73.960250607976647 73.890709487411641 18.614595319707451 18.494225675594834 18.498151194926887 73.828247422589854 8.061996702241002 18.697317655401879 18.498151194926887
decision_type=2 2 2 2 2 2 2 2 2 2 2 2 2 2 2 2 2 2 2 2 2 2 2 2 2 2 2 2 2 2
left_child=1 2 8 23 5 -5 24 -8 -1 10 11 20 -9 16 15 -15 -13 19 -19 -18 -10 -16 -14 -3 26 -26 27 -4 -2 -30
right_child=28 3 6 4 -6 -7 7 12 9 -11 -12 13 22 14 21 -17 17 18 -20 -21 -22 -23 -24 -25 25 -27 -28 -29 29 -31
leaf_value=0.058130078492100223 -0.050611041825867842 0.061035848449250113 -0.051463509638456653 0.032577843724427437 0.06652216270390246 -0.037686364611162676 0.032750164004746327 0.021131053426416659 -0.043071951993842783 -0.015045185226800459 0.051750204664436396 0.062609860007383389 -0.053884041407639943 0.022914106220748336 0.017592301565849931 -0.052345484290051925 0.0023261528253494847 -0.055104054644761237 0.042080168544159836 0.062229925608471272 -0.0043104926020271182 0.050279052472650881 -0.058057601735429093 0.059540543172919493 -0.052022122075649491 -0.051262400028837973 -0.050699952847212675 -0.050738916068998864 -0.050609715447084494 -0.051302737026452251
leaf_weight=3.9790009707212439 33.171382742002606 4.5145463347435015 0.43453850597143073 3.3831252157688123 2.9767097607254982 2.5275572845712304 2.9000375308096409 1.0001726783812048 1.8835724983364368 4.143759509548544 4.8739819172769776 4.12059008330107 0.96560619585216023 2.7275087870657426 3.2423806600272655 2.6547374930232763 2.3764569088816625 1.5641782740131023 1.5466279145330188 3.9906638935208321 2.9271475113928318 2.9963004980236292 0.984916384331882 5.0986261367797852 0.47015218902379263 0.40800039283931255 1.7699534241110084 0.38852901849895716 0.52370040863752265 0.32428124267607927
leaf_count=22 2782 31 19 31 17 21 17 9 16 34 31 23 27 18 18 26 24 30 11 23 31 22 14 38 22 21 134 28 44 16
internal_value=-0.00143754 0.022177 0.0148833 0.042815 0.023964 0.00253109 -0.0182675 0.00117913 0.0220655 0.0183905 0.02236 0.0175899 -0.0298499 0.0246624 0.0112923 -0.0142069 0.0360882 0.0245577 -0.00678609 0.0398715 -0.019487 0.033291 -0.0559915 0.0602428 -0.0510451 -0.0516691 -0.0508337 -0.0511215 -0.0506176 -0.0508747
internal_weight=104.869 70.8494 52.3488 18.5006 8.88739 5.91068 9.32191 5.85073 43.0269 39.0479 34.9041 30.0302 2.9507 25.2194 11.6209 5.38225 13.5985 9.47793 3.11081 6.36712 4.81072 6.23868 1.95052 9.61317 3.47117 0.878153 2.59302 0.823068 34.0194 0.847982
internal_count=3600 758 620 138 69 52 291 67 329 307 273 242 50 195 84 44 111 88 41 47 47 40 41 69 224 43 181 47 2842 60
is_linear=0
shrinkage=0.05


Tree=35
num_leaves=31
num_cat=0
split_feature=6 0 6 0 1 6 0 1 6 7 3 1 8 8 1 1 0 6 0 6 2 6 6 6 5 6 0 2 6 5
split_gain=45.8758 4.03342 4.64424 3.50503 2.78471 2.40723 3.07807 2.58614 1.89391 1.75966 3.4267 2.03785 2.32413 1.33575 1.35029 2.94925 0.788148 0.26247 0.0414267 0.00294211 0.00180128 0.00140404 0.000610855 0.000290289 0.00018521 2.22466e-05 1.9782e-05 3.30733e-05 5.02791e-06 2.36339e-06
threshold=10.034239841943679 18.56371443224954 5.3763403707074664 18.530043969435656 73.793912384771616 6.2770418785418016 18.670571359911985 73.800202134221863 7.9441325198846906 25.168328339853343 73.774649923850944 73.935890259306603 6.5000000000000009 4.5000000000000009 73.852801935720137 73.821754006160404 18.500975201644852 3.8449982720071083 18.460072736752586 6.1978922637714797 18.614595319707451 6.1978922637714797 6.5992960681105428 7.3518938833785308 73.799148083326656 8.061996702241002 18.697317655401879 18.498151194926887 8.3668327803521638 73.952138398423614
decision_type=2 2 2 2 2 2 2 2 2 2 2 2 2 2 2 2 2 2 2 2 2 2 2 2 2 2 2 2 2 2
left_child=1 2 9 13 -5 20 7 -7 -6 10 -1 16 -13 14 15 21 17 -12 -11 -15 -3 -4 -16 24 -21 -25 -2 -28 -24 -27
right_child=26 5 3 4 8 6 -8 -9 -10 18 11 12 -14 19 22 -17 -18 -19 -20 23 -22 -23 28 25 -26 29 27 -29 -30 -31
leaf_value=-0.01659819758407188 -0.050580886548038856 0.060388945609948598 -0.054702206740116388 -0.035078145272692311 0.045143978298695167 0.030824384119025269 0.065499942871293418 -0.036152664163163775 -0.0040662708101376161 0.04209969546249992 0.045307088091525033 -0.010009042135618807 0.03778209680977572 -0.054335512198279215 -0.05285758767133273 0.048806749805312064 0.065769015789135299 0.024615719518122248 0.04934189582874661 -0.052483296940463067 0.058989688074910757 -0.05125232153832085 -0.050896328741012326 -0.051041888630882493 -0.051196565463905136 -0.050604396553965508 -0.050579624311303577 -0.051238106361844782 -0.050616046243029678 -0.050780558561568184
leaf_weight=5.2820762079209116 31.571931109763682 4.3392019867897051 0.51985382288694582 2.3226818526163688 5.2469175979495031 3.3964447556063515 2.8745963647961617 2.5036652544513345 3.1164984479546547 3.5666344910860053 3.1282134801149386 5.21007117256522 4.971250033006072 1.0407163985073569 0.75865552667528369 1.7655781414359806 3.2035464234650135 3.0048464275896549 4.4236989989876747 0.54787295963615201 4.8941024467349052 0.6816203910857439 0.33097247313708067 0.52801810763776291 0.57124820072203875 0.82148705236613728 0.49844812974333663 0.30884513072669506 0.30975338257849216 0.24783181771636009
leaf_count=39 2782 31 11 29 28 31 17 21 38 19 20 36 28 21 20 19 18 24 21 16 38 36 22 32 30 70 44 16 26 17
internal_value=-0.00141884 0.0214525 0.0143423 -0.00546315 0.0133556 0.0418262 0.0230737 0.0024032 0.0268065 0.0257034 0.0191288 0.0287975 0.013326 -0.030218 -0.0114107 0.00768451 0.0456687 0.0351695 0.0461092 -0.052075 0.0596473 -0.052745 -0.0518976 -0.051209 -0.0518265 -0.0507763 -0.0505871 -0.0508315 -0.0507608 -0.0506452
internal_weight=101.987 69.6081 51.6 18.8097 10.6861 18.008 8.77471 5.90011 8.36342 32.7903 24.8 19.5179 10.1813 8.12361 4.36643 2.96705 9.33661 6.13306 7.99033 3.75717 9.2333 1.20147 1.39938 2.71646 1.11912 1.59734 32.3792 0.807293 0.640726 1.06932
internal_count=3600 758 620 415 95 138 69 52 66 205 165 126 64 320 134 66 62 44 40 186 69 47 68 165 46 119 2842 60 48 87
is_linear=0
shrinkage=0.05


Tree=36
num_leaves=31
num_cat=0
split_feature=6 0 6 6 0 1 0 6 5 5 0 4 1 7 6 7 6 1 6 0 0 1 2 7 6 5 0 2 2 2
split_gain=43.1837 3.82906 4.26727 2.38259 2.92466 2.34119 2.19112 2.18109 2.07815 1.9379 1.80222 2.25939 3.43061 2.8368 1.68893 1.48452 1.34816 3.22355 1.25451 2.86113 0.243958 0.00339505 0.00151751 0.00026445 0.000156277 0.000174769 1.7017e-05 2.84325e-05 1.34469e-05 3.81738e-06
threshold=10.034239841943679 18.56371443224954 6.9412750327836124 6.2770418785418016 18.670571359911985 73.800202134221863 18.530043969435656 1.8333063912795591 73.779948143422118 73.973558453011108 18.508617303427616 18.447253701234249 73.771701713731701 24.980404419349444 3.0350754803297613 10.852348571311355 4.0636066783038824 73.852801935720137 5.1901810810604898 18.544833662628516 18.48508812463999 73.890709487411641 18.614595319707451 7.7575603878799626 7.9441325198846906 73.799148083326656 18.697317655401879 18.498151194926887 18.475099850947863 18.465250354431955
decision_type=2 2 2 2 2 2 2 2 2 2 2 2 2 2 2 2 2 2 2 2 2 2 2 2 2 2 2 2 2 2
left_child=1 2 7 22 5 -5 24 -1 -8 10 11 14 13 -13 -9 -10 -14 -18 -12 -20 23 -17 -3 -16 25 -4 -2 -28 -27 -26
right_child=26 3 6 4 -6 -7 8 9 15 -11 18 12 16 -15 20 21 17 -19 19 -21 -22 -23 -24 -25 29 28 27 -29 -30 -31
leaf_value=0.056454299473095909 -0.050552234721329407 0.059786071452205429 -0.05199432871361831 0.029172667756041295 0.064553973216231533 -0.034675810918172338 0.030750805795754083 0.010689251317208357 0.019625622351333596 -0.015558467701735447 0.048125109067097389 -0.04691428495998496 0.061534796595587499 0.028536965044014082 -0.055964125923509293 -0.053605005278210785 0.055010437736253609 -0.019168190571962902 -0.019617212594258426 0.050292069322750613 -0.024010247977669749 -0.05787724678416481 0.058475280377883021 -0.054728260706675406 -0.0505888832130066 -0.050671608512963519 -0.050551037597585606 -0.051176739781264802 -0.05108864401441663 -0.050735373903992236
leaf_weight=3.821331910789012 30.048743274994198 4.1681407317519206 0.61975262686610066 3.4089782265946251 2.7734486386179924 2.4803875731304288 2.8833057433366776 2.9359298050403622 1.0041943378746512 4.119091819971799 7.7176435850560647 2.7007816173136225 3.9007826000452024 2.3123736958950758 0.85362751688808225 0.90416552498936631 3.4793816432356834 2.5292311487719417 2.7592580355703831 3.1166850626468658 0.96929898299276818 0.95745520479977131 4.6953282058238983 0.87813380919396877 0.89714857283979632 0.4101086463779211 0.47439991310238738 0.29412597604095936 0.36561693344265223 0.88185579515993595
leaf_count=22 2782 31 24 31 17 21 17 13 9 34 39 27 23 14 19 27 22 34 28 15 17 14 38 22 79 33 44 16 21 67
internal_value=-0.00139857 0.0207037 0.0137771 0.0408663 0.0222187 0.002282 -0.0176298 0.0204352 0.000780858 0.0168388 0.0207461 0.0114067 0.021594 -0.0121116 -0.0155618 -0.029372 0.0386457 0.0237861 0.0348714 0.0174637 -0.0440954 -0.0558023 0.0590917 -0.0553374 -0.0509722 -0.0513683 -0.0505582 -0.0507905 -0.0508682 -0.0506615
internal_weight=99.3607 68.5434 51.0172 17.5263 8.66281 5.88937 8.9236 42.0936 5.74912 38.2722 34.1531 20.5595 14.9226 5.01316 5.63699 2.86582 9.9094 6.00861 13.5936 5.87594 2.70106 1.86162 8.86347 1.73176 3.17448 1.39548 30.8173 0.768526 0.775726 1.779
internal_count=3600 758 620 138 69 52 291 329 67 307 273 191 120 41 71 50 79 56 82 43 58 41 69 41 224 78 2842 60 54 146
is_linear=0
shrinkage=0.05


Tree=37
num_leaves=31
num_cat=0
split_feature=6 0 6 1 0 6 1 6 7 6 6 9 1 0 0 1 6 1 0 6 0 6 6 0 6 7 6 2 0 2
split_gain=40.689 3.61847 3.98462 3.20791 2.84587 2.37563 2.22322 2.2304 1.75634 1.66546 1.64314 1.8265 3.80267 3.07331 3.00243 1.54802 1.26217 1.22215 1.09795 0.0816539 0.0555146 0.00204061 0.00155684 0.000381808 0.00017207 0.000104957 2.59209e-05 2.56034e-05 1.46385e-05 2.44438e-05
threshold=10.034239841943679 18.56371443224954 5.3763403707074664 73.793912384771616 18.530043969435656 8.1757936180850717 73.852801935720137 6.9412750327836124 8.6829943371280738 7.9441325198846906 1.8333063912795591 -1.0000000180025095e-35 73.968010627583894 18.508617303427616 18.479379792821359 73.80331633181224 4.0636066783038824 73.891273865394751 18.55177110251692 6.1978922637714797 18.53849536143381 6.7877291330552376 6.5992960681105428 18.528845614882403 7.9441325198846906 6.3873334703695486 7.8264099183704898 18.494225675594834 18.697317655401879 18.498151194926887
decision_type=2 2 2 2 2 2 2 2 2 2 2 2 2 2 2 2 2 2 2 2 2 2 2 2 2 2 2 2 2 2
left_child=1 2 10 18 6 17 7 -5 -7 -6 -1 14 13 15 -12 -13 -17 19 20 25 21 -4 -8 27 -9 -3 -24 -23 -2 -30
right_child=28 5 3 4 9 8 22 24 -10 -11 11 12 -14 -15 -16 16 -18 -19 -20 -21 -22 23 26 -25 -26 -27 -28 -29 29 -31
leaf_value=0.05512787850208678 -0.05052501308744476 0.05783642453266219 -0.054269742020431527 0.04425664304903644 0.042154929192391562 -0.032077618517435201 -0.053080963503578896 -0.05207609850949918 0.03571208171353496 -0.0041613700114984482 -0.032003075552130306 -0.001535755357172218 -0.019383967815558192 0.070981471530708981 0.026464353109435443 0.056796148051531686 0.014274010891230883 0.030036797136192436 0.0047886219337130477 0.068432980058023771 -0.069173719657701846 -0.050664622440768796 -0.051011655228864486 -0.052961962383881817 -0.050714434948187725 0.058277171960901569 -0.05059060620241404 -0.051237231614490467 -0.050523876919736949 -0.051118455858757822
leaf_weight=3.720196306705474 28.598259907215837 3.0420659855008143 1.5932601792737875 1.7694790810346597 5.2022876590490323 1.7250955021008842 1.3309680111706259 0.47934190370142449 2.1417091805487871 3.095982457511127 3.8802804239094275 3.8920136932283658 3.4285548347979775 5.0341382771730414 5.0579262245446444 3.8946175798773766 3.1619626907631755 4.8373460099101058 0.93950370326638211 2.8804415315389633 0.67224902287125576 0.46736171282827832 0.58907972648739793 0.3132903752848506 0.44964619819074869 2.4294642731547356 0.96322563197463751 0.33525679539889097 0.45149961858987708 0.28009222541004419
leaf_count=22 2782 26 36 15 28 19 37 18 24 38 24 30 22 25 29 23 30 32 7 17 8 38 37 12 35 20 87 19 44 16
internal_value=-0.00137977 0.0200321 0.0132802 -0.00540538 0.00630653 0.0399322 -0.0212987 0.0113195 0.0054691 0.0248749 0.0238851 0.0197852 0.0283973 0.0386471 0.0010823 0.0237799 0.0377425 0.050036 -0.0430273 0.0616192 -0.0563126 -0.0531213 -0.0518262 -0.0514816 -0.051417 0.0580321 -0.0507504 -0.0509038 -0.0505307 -0.0507515
internal_weight=96.6566 67.3267 50.2706 18.2009 13.88 17.0561 5.58174 2.69847 3.8668 8.29827 32.0697 28.3495 19.4113 15.9827 8.93821 10.9486 7.05658 13.1893 4.32092 8.35197 3.38142 2.70917 2.88327 1.11591 0.928988 5.47153 1.55231 0.802619 29.3299 0.731592
internal_count=3600 758 620 415 295 138 229 68 43 66 205 183 130 108 53 83 53 95 120 63 113 105 161 69 53 46 124 57 2842 60
is_linear=0
shrinkage=0.05


Tree=38
num_leaves=31
num_cat=0
split_feature=6 0 6 1 0 6 0 1 1 8 7 3 1 8 6 1 0 5 8 6 0 6 2 6 6 2 6 0 2 7
split_gain=38.3292 3.39597 3.63507 3.01407 2.78094 2.41144 2.80277 2.15171 1.77254 1.96527 1.73573 2.87556 1.90413 1.99004 1.3922 1.0076 0.684768 0.517298 0.345974 0.226696 0.0440639 0.00155751 0.00136475 0.00134111 0.000290505 0.000228444 2.22979e-05 1.25928e-05 2.10164e-05 1.73407e-06
threshold=10.034239841943679 18.56371443224954 5.3763403707074664 73.760046745573632 18.530043969435656 6.2770418785418016 18.670571359911985 73.800202134221863 73.852801935720137 4.5000000000000009 25.168328339853343 73.774649923850944 73.935890259306603 6.5000000000000009 7.9441325198846906 73.744984705305555 18.500975201644852 73.799148083326656 7.5000000000000009 3.8449982720071083 18.537970678554903 6.4998050756016044 18.614595319707451 6.5992960681105428 7.1832665416965229 18.475099850947863 7.8264099183704898 18.697317655401879 18.498151194926887 17.275629275382595
decision_type=2 2 2 2 2 2 2 2 2 2 2 2 2 2 2 2 2 2 2 2 2 2 2 2 2 2 2 2 2 2
left_child=1 2 10 18 8 22 7 -7 9 -5 11 -1 16 -14 -6 -12 19 -16 20 -13 21 -4 -3 -10 -11 -23 -25 -2 -29 -26
right_child=27 5 3 4 14 6 -8 -9 23 24 15 12 13 -15 17 -17 -18 -19 -20 -21 -22 25 -24 26 29 -27 -28 28 -30 -31
leaf_value=-0.016783033818085928 -0.050499144129687548 0.058852604180693741 -0.054760888920750754 0.033278525226904103 0.036563452555124935 0.026869114212625972 0.063227638926350721 -0.034578578569332968 -0.052929258655002809 -0.052514709383651215 0.061518074820749807 0.042171696402764219 -0.01130071472344683 0.033384676410089319 0.014879119144633128 0.025500500935444162 0.061515547044107256 -0.025688499618250628 -0.018989358530187538 0.022414516579185036 -0.067420006881707892 -0.050684441753059521 0.05756165804259436 -0.050961767442782371 -0.050928703670960099 -0.05240241049339335 -0.050561525610486158 -0.050498063497004364 -0.051063102762525209 -0.050749120554862873
leaf_weight=5.1593620441854062 27.217090061865751 3.8909938558936137 0.8584975199773941 1.9638999523594969 5.7400126010179502 3.3667096300050599 2.6064085736870766 2.4697855357080698 1.2695930665358903 0.50298195797950007 3.8777214661240569 2.8759611919522303 5.1353231193497759 4.8396818805485964 1.6181482328101995 3.8893993720412254 3.0310309492051601 1.5277216685935853 0.7377649163827299 2.9321431778371334 0.82599989790469397 0.32975155860185623 4.3206223323941231 0.56088467035442569 0.28722202591598034 0.46832289639860392 0.91676224581897259 0.42969372868537803 0.26671350002288818 0.25268347095698118
leaf_count=39 2782 31 17 31 31 31 17 21 37 16 20 20 36 28 12 20 18 28 22 24 10 27 38 37 21 20 87 44 16 19
internal_value=-0.00135889 0.0193462 0.0127869 -0.00525768 0.00437582 0.0388815 0.0201182 0.000866759 -0.0227049 0.0038215 0.0229404 0.0162851 0.0253533 0.0103798 0.0219119 0.0434822 0.042251 -0.00482164 -0.0490524 0.0321976 -0.0579864 -0.0532827 0.0581734 -0.0517375 -0.0516501 -0.0516926 -0.0507134 -0.0505045 -0.0507145 -0.0508447
internal_weight=94.1689 66.2554 49.6009 17.8602 14.6399 16.6545 8.4429 5.8365 5.75403 3.00679 31.7406 23.9735 18.8141 9.975 8.88588 7.76712 8.83914 3.14587 3.22034 5.8081 2.48257 1.65657 8.21162 2.74724 1.04289 0.798074 1.47765 27.9135 0.696407 0.539905
internal_count=3600 758 620 415 319 138 69 52 248 87 205 165 126 64 71 40 62 40 96 44 74 64 69 161 56 47 124 2842 60 40
is_linear=0
shrinkage=0.05


Tree=39
num_leaves=31
num_cat=0
split_feature=6 0 6 0 3 1 0 6 7 7 5 1 7 9 0 4 0 1 7 1 7 7 0 7 7 7 0 6 7 0
split_gain=36.1076 3.28118 4.98886 3.60698 2.80854 2.46642 2.11686 1.88233 1.70608 3.40087 3.3115 4.89074 2.43774 1.4014 1.10185 1.73115 0.964016 1.20146 0.840175 0.811911 0.676189 0.932826 0.529014 0.43736 0.321868 0.103707 0.0757105 0.0155871 0.00448044 0.0015582
threshold=10.034239841943679 18.653229002336804 6.4998050756016044 18.54875616839551 73.956752456316295 73.738972617224789 18.482330734710494 3.0350754803297613 26.165698634987731 21.548407070258197 73.846549693948546 73.969904173514962 24.314029002255687 -1.0000000180025095e-35 18.508617303427616 18.507565862073033 18.567282966830124 73.833273984983848 8.0169663729214822 73.863194325712186 17.693024436103055 22.590492890701963 18.471857544509842 18.479841001819707 15.115804260943937 8.1267954794979467 18.617197636327628 6.9412750327836124 4.2889894364135248 18.544833662628516
decision_type=2 2 2 2 2 2 2 2 2 2 2 2 2 2 2 2 2 2 2 2 2 2 2 2 2 2 2 2 2 2
left_child=1 2 3 7 5 28 -7 20 9 10 14 22 -11 18 15 -9 17 -15 -8 -20 -1 -22 -12 -5 -19 -3 27 -6 -4 -29
right_child=-2 25 4 23 26 6 13 8 -10 12 11 -13 -14 16 -16 -17 -18 24 19 -21 21 -23 -24 -25 -26 -27 -28 29 -30 -31
leaf_value=0.048157109861630826 -0.050479673330964606 0.049827037124413789 -0.057878094276656293 0.043324249292060017 -0.063021747997337049 -0.051361077612337415 0.022735663774537521 -0.0045949485325797223 0.03582348393523848 -0.064123717879950401 -0.024036326830275529 0.05011457653913564 0.0036140103209529972 -0.022932191960030324 0.061480374236827465 0.052509001754304944 0.059571040450259641 0.04872399202128784 -0.055999747340263875 0.003832513887208669 0.0039286279916922991 0.039214860651081394 -0.065810212884734542 0.066537967388590052 0.020149558281879316 0.063913319733948648 -0.076305377855325693 -0.050609254780827319 -0.052635163357866971 -0.054184615573474898
leaf_weight=4.6485849842429143 26.564876895397902 2.7000776529312125 0.61945081502199428 4.3470271304249746 0.44218912627547924 1.3340077949687827 1.2252754280343645 2.8011102275922948 4.7055126940831533 2.7700582202523938 1.1571498755365603 1.8362808991223571 2.5517383813858032 1.3848729953169812 2.7409680858254433 2.5223592612892389 1.7963018082082269 1.56491182744503 1.2374962558969858 1.0464558294042943 3.2980717942118645 4.334538422524929 2.1964133633300662 3.8051328137516975 2.6618082839995623 2.5318729728460312 0.54967032186686982 0.72957464773207881 1.1908455491065977 0.52332425583153963
leaf_count=26 2842 24 6 34 8 85 8 28 32 26 24 15 19 33 16 20 15 14 33 11 18 22 32 28 28 16 4 70 52 11
internal_value=-0.00133778 0.0186681 0.0153579 0.0241619 -0.00824459 4.63591e-05 0.00809598 0.0172854 0.00893063 0.00211839 0.0156746 -0.0154794 -0.0316443 0.0153613 0.0357237 0.022462 0.0276911 0.0174861 -0.0106666 -0.0285859 0.0331236 0.0239676 -0.0513961 0.0541596 0.030729 0.0566437 -0.0601801 -0.0549511 -0.0544292 -0.0521026
internal_weight=91.818 65.2531 60.0211 43.7149 16.3062 14.0614 12.2511 35.5628 23.2816 18.5761 13.2543 5.18984 5.3218 10.9171 8.06444 5.32347 7.40789 5.61159 3.50923 2.28395 12.2812 7.63261 3.35356 8.15216 4.22672 5.23195 2.24476 1.69509 1.8103 1.2529
internal_count=3600 758 718 340 378 285 227 278 212 180 135 71 45 142 64 48 90 75 52 44 66 40 56 62 42 40 93 89 58 81
is_linear=0
shrinkage=0.05


Tree=40
num_leaves=31
num_cat=0
split_feature=6 0 6 0 3 1 0 6 1 1 0 0 2 7 5 7 6 1 0 1 6 7 0 7 0 6 0 7 0 0
split_gain=34.0364 3.12386 4.57808 3.44626 2.65471 2.32353 1.97885 1.80261 1.86501 1.77843 1.50526 2.42072 3.24785 1.99633 2.14809 2.08586 1.81353 1.2645 1.39224 2.87121 1.07368 0.433448 0.241444 0.100477 0.0631835 0.0134348 0.00586583 0.00381914 0.0013369 0.000839114
threshold=10.034239841943679 18.653229002336804 6.4998050756016044 18.54875616839551 73.956752456316295 73.738972617224789 18.482330734710494 5.3763403707074664 73.806448839548281 73.889724661043047 18.427267589970686 18.476747328762084 18.475099850947863 24.494385280016832 73.799148083326656 17.693024436103055 3.0350754803297613 73.893111391247842 18.582874082855877 73.824040706206446 7.9441325198846906 18.479841001819707 18.55838607966361 8.1267954794979467 18.617197636327628 6.9412750327836124 18.540108311550799 4.2889894364135248 18.544833662628516 18.535761263265545
decision_type=2 2 2 2 2 2 2 2 2 2 2 2 2 2 2 2 2 2 2 2 2 2 2 2 2 2 2 2 2 2
left_child=1 2 3 7 5 27 -7 10 -9 -10 -1 12 16 14 -13 -16 -12 18 19 22 -21 -5 26 -3 25 -6 -8 -4 -27 -29
right_child=-2 23 4 21 24 6 17 8 9 -11 11 13 -14 -15 15 -17 -18 -19 -20 20 -22 -23 -24 -25 -26 28 -28 29 -30 -31
leaf_value=0.052253902706181743 -0.050456067148871901 0.048971997937961496 -0.057456837295261243 0.042266962387829336 -0.062349918250848117 -0.051295226067802679 -0.051398834716581181 -0.05873099388448258 0.060313448185627699 -0.020166247479426917 0.036679472723633214 0.048014539826274849 -0.047463159580098085 0.060584650579998289 0.027425193235466841 -0.020559960948270506 -0.014388228730645727 -0.021105658596592258 0.058168612101225148 0.055411968179999306 0.0085184916714509794 0.065756867324825372 -0.017013447075943221 0.063083800151762764 -0.074535911282282638 -0.050579440982467729 -0.058419015594961536 -0.050839201947612593 -0.053970816917053979 -0.05361487992876212
leaf_weight=3.4043825082480934 25.280817642807961 2.6121059879660598 0.59345049411058681 4.2358327507972708 0.42504066601395551 1.2705354215577234 0.63383137434720793 1.492526864632963 1.0964415837079289 1.835725183598697 4.1868244558572787 4.4156900793314007 2.872052576392889 3.7553670257329932 4.9646306335926038 4.1643256992101669 2.9729332346469164 2.0142330434173337 2.1158230360597372 2.4233352392911911 2.459528042934835 3.6614584177732468 0.65995733812451352 2.4392545893788338 0.53495688550174225 0.69439162593334891 0.56086157076060772 0.45306396484374978 0.49972355738282204 0.6823913287371397
leaf_count=25 2842 24 6 34 8 85 39 31 8 37 21 28 20 19 36 24 29 29 15 14 29 28 7 16 4 70 9 36 11 16
internal_value=-0.00132206 0.018047 0.0148202 0.0233103 -0.00799772 2.41411e-05 0.00774852 0.0166064 -0.0132319 0.00992798 0.0209018 0.0169967 -0.00254405 0.0283279 0.0193844 0.00553596 0.0154747 0.0146514 0.0227865 0.0116752 0.0317914 0.0531577 -0.0412861 0.0557865 -0.0596381 -0.054716 -0.0546945 -0.0542063 -0.0519987 -0.0525073
internal_weight=89.4115 64.1307 59.0793 43.0582 16.0211 13.867 12.1381 35.1609 4.42469 2.93217 30.7362 27.3318 10.0318 17.3 13.5446 9.12896 7.15976 10.8676 8.85334 6.73751 4.88286 7.89729 1.85465 5.05136 2.15411 1.61916 1.19469 1.72891 1.19412 1.13546
internal_count=3600 758 718 340 378 285 227 278 76 45 202 177 70 107 88 60 50 142 113 98 43 62 55 40 93 89 48 58 81 52
is_linear=0
shrinkage=0.05


Tree=41
num_leaves=31
num_cat=0
split_feature=6 0 6 0 3 6 0 1 1 1 0 1 7 0 9 6 7 1 1 0 1 7 0 0 7 6 0 6 7 7
split_gain=32.0983 2.97231 4.19212 3.31919 2.50922 2.26034 2.33995 2.19163 2.06475 3.91548 1.85535 1.75982 3.14627 1.76773 1.23831 1.18219 1.11259 0.862373 0.844467 0.827342 1.04196 0.244774 0.201968 0.172926 0.0981181 0.0898529 0.0528029 0.0115763 0.00439263 0.00326203
threshold=10.034239841943679 18.653229002336804 6.4998050756016044 18.528845614882403 73.956752456316295 4.7799243670370677 18.438973453631764 73.738972617224789 73.821754006160404 73.886366288444705 18.482330734710494 73.744984705305555 20.674789432785541 18.508617303427616 -1.0000000180025095e-35 5.1901810810604898 7.8655313505578617 73.958731935009368 73.863194325712186 18.567282966830124 73.833273984983848 15.115804260943937 18.565149077202211 18.488547132274409 8.1267954794979467 3.8449982720071083 18.617197636327628 6.9412750327836124 24.401904450943253 4.2889894364135248
decision_type=2 2 2 2 2 2 2 2 2 2 2 2 2 2 2 2 2 2 2 2 2 2 2 2 2 2 2 2 2 2
left_child=1 2 3 5 7 6 -1 29 28 -10 -9 -8 13 17 16 25 -12 -13 -18 20 -16 -22 -17 -11 -3 -5 27 -6 -7 -4
right_child=-2 24 4 15 26 8 11 10 9 23 14 12 -14 -15 19 22 18 -19 -20 -21 21 -23 -24 -25 -26 -27 -28 -29 -30 -31
leaf_value=0.055754125365003987 -0.050433635692286399 0.04811745352842936 -0.057060176349896345 0.057212527697422501 -0.061713142023094185 -0.052138191216175411 0.04492865036172948 -0.051232539984977024 0.064428664981502196 -0.053996921164881112 0.031947982766404301 0.020304039830098944 -0.022003345539033201 0.047527347468901436 -0.022260019834197828 0.023872237113649643 -0.056550813002859739 -0.014487852681379591 0.0037986112223145508 0.055310718036433032 0.043985825742487807 0.019078008744423142 0.043046209115321588 -0.023898486004174307 0.062312499230600421 0.070626168569149259 -0.072910676957280957 -0.0518999415412763 -0.056813970433485364 -0.052382352120703829
leaf_weight=3.9842427894473138 24.058284589089453 2.5277268514037123 0.56833239644765754 2.4056350514292699 0.4083772581070656 0.90646509919315521 3.8260047882795361 1.2100121462717641 1.666677422821522 1.0463151233270762 1.0491976942866998 4.9827316552400607 6.0022985339164725 4.4061737582087517 1.341093005612495 3.6567692384123802 1.3160006776452067 2.7718539461493492 1.0359921688213942 1.7785881012678144 1.5687333224341271 2.6569240782409906 2.199480265378952 0.87737391982227553 2.3482802510261536 2.5954587608575821 0.51991907879710186 1.137982823885977 1.1265267767012117 1.0825897259637711
leaf_count=28 2842 24 6 22 8 30 21 85 10 29 7 37 35 22 33 22 34 16 11 15 14 28 18 16 16 19 4 81 15 52
internal_value=-0.00130354 0.017457 0.0143116 0.0224703 -0.00778714 0.014275 0.0204976 8.63599e-06 -0.0144661 0.00833232 0.00746497 0.0141094 0.00761736 0.0222375 0.0140741 0.0463202 -0.0108685 0.00786778 -0.0299684 0.0256235 0.0161383 0.0283248 0.0310736 -0.0402693 0.0549538 0.0641739 -0.0591262 -0.0544915 -0.0547291 -0.0539927
internal_weight=87.062 63.0038 58.1277 42.454 15.6737 31.5967 25.9733 13.6075 5.62336 3.59037 11.9565 21.9891 18.1631 12.1608 10.7465 10.8573 3.40119 7.75459 2.35199 7.34534 5.56675 4.22566 5.85625 1.92369 4.87601 5.00109 2.06628 1.54636 2.03299 1.65092
internal_count=3600 758 718 340 378 259 159 285 100 55 227 131 110 75 142 81 52 53 45 90 75 42 40 45 40 41 93 89 45 58
is_linear=0
shrinkage=0.05


Tree=42
num_leaves=31
num_cat=0
split_feature=6 0 6 0 3 1 6 0 0 0 7 7 2 0 6 8 1 8 5 6 7 7 0 6 7 0 0 6 2 0
split_gain=30.2753 2.8284 3.84926 3.18437 2.37388 2.06624 1.76353 1.73704 1.42264 2.27091 3.47541 5.10387 2.99814 2.3636 1.29045 1.34308 1.04095 0.927983 0.868627 0.853312 0.449821 0.0965149 0.0441692 0.00996228 0.00278695 0.000989613 0.000489971 0.000106152 8.29296e-05 6.95428e-06
threshold=10.034239841943679 18.653229002336804 6.4998050756016044 18.54875616839551 73.956752456316295 73.738972617224789 1.8333063912795591 18.530043969435656 18.425729057553863 18.476747328762084 26.052872200373304 21.016347628510754 18.475099850947863 18.508617303427616 7.9441325198846906 5.5000000000000009 73.805504203633788 6.5000000000000009 73.799148083326656 6.9412750327836124 18.479841001819707 8.1267954794979467 18.617197636327628 6.9412750327836124 4.0249184666304849 18.544833662628516 18.536220212526626 7.9441325198846906 18.494225675594834 18.697317655401879
decision_type=2 2 2 2 2 2 2 2 2 2 2 2 2 2 2 2 2 2 2 2 2 2 2 2 2 2 2 2 2 2
left_child=1 2 3 6 5 24 -1 19 -8 12 11 13 16 18 -9 -16 -10 -15 -11 -7 -5 -3 23 -6 -4 -25 -26 28 -21 -2
right_child=29 21 4 20 22 7 8 14 9 10 -12 -13 -14 17 15 -17 -18 -19 -20 27 -22 -23 -24 25 26 -27 -28 -29 -30 -31
leaf_value=0.051408441175489317 -0.050407902302846676 0.047261982698950634 -0.057032206302843738 0.040024566243826866 -0.061109677819577136 0.0055672607916881396 0.042004462892268182 0.037363115416315651 -0.013643333495285832 0.024161372961278845 0.068608479448130172 -0.038010781483208425 -0.056302915881972143 0.026890787546087865 0.018878587866704832 -0.037190026166095166 0.027303334969489675 0.063675147448332303 -0.018471120846967042 -0.050933281688133408 0.064741750352813696 0.061594304918369383 -0.071415395747282603 -0.050523435221727024 -0.051327535976805276 -0.053583225905873236 -0.053431685737949264 -0.050579345769002283 -0.051963489106936323 -0.050584474222835199
leaf_weight=3.0764166116714469 22.322462904267017 2.4468728974461547 0.46709028631448646 3.9907189458608618 0.3921993151307096 1.1359625346958631 3.4540806412696865 4.3474080860614759 3.1604671021923441 2.0476244613528305 2.8577145338058463 4.2783606462180606 2.7424542969092727 3.5410319846123457 3.1132316058501601 1.6258720215409992 3.0500878607854247 3.3240756634622812 2.8686503237113357 0.44089464191347338 3.4165698811411858 2.2591364607214928 0.50465228036046017 0.62815162073820807 0.52902059257030465 0.45614977646619081 0.57998937182128429 0.82546044699847698 0.35074734780937433 0.5719203008338799
leaf_count=19 2782 24 5 34 8 16 36 24 26 16 17 34 28 26 38 21 25 18 33 32 28 16 4 70 39 11 14 81 15 60
internal_value=-0.00128508 0.0168819 0.0138167 0.0216876 -0.00755592 -1.13104e-05 0.0152844 0.00714811 0.0117366 0.00798545 0.0178041 0.00876381 -0.0127611 0.0257498 0.0176899 -0.0003572 0.00646613 0.0447017 -0.000714722 -0.0276453 0.0514252 0.0541423 -0.0586454 -0.0542807 -0.0537925 -0.0518106 -0.052428 -0.0509761 -0.0513897 -0.0504123
internal_weight=84.8055 61.9111 57.2051 41.8083 15.3968 13.4157 34.401 11.8396 31.3245 27.8705 18.9175 16.0597 8.95301 11.7814 9.08651 4.7391 6.21055 6.86511 4.91627 2.75306 7.40729 4.70601 1.98115 1.4765 1.5761 1.0843 1.10901 1.6171 0.791642 22.8944
internal_count=3600 758 718 340 378 285 278 227 259 223 144 127 79 93 83 59 51 44 49 144 62 40 93 89 58 81 53 128 47 2842
is_linear=0
shrinkage=0.05


Tree=43
num_leaves=31
num_cat=0
split_feature=6 2 6 6 5 1 1 1 1 0 1 7 7 1 6 7 0 6 6 6 7 6 1 7 6 0 0 6 6 0
split_gain=28.5627 2.51319 2.77759 2.44334 2.97576 6.80963 4.05343 3.08952 3.1267 1.71764 1.748 1.43228 1.38531 2.54904 1.59323 1.34095 1.10226 1.25095 0.983203 0.66353 0.637286 0.165303 0.145615 0.121666 0.0315172 0.0153991 0.00437222 8.51119e-05 8.04226e-05 8.19746e-05
threshold=9.1260030626041058 18.524078808438642 5.8601300934005858 3.0350754803297613 73.864508296918558 73.981971924184208 73.744984705305555 73.757004847061083 73.958731935009368 18.655763039774687 73.828615910606331 21.653613136014901 17.103447657306539 73.860127404191388 5.019130639256665 24.494385280016832 18.697317655401879 11.065243389127641 4.0636066783038824 6.4998050756016044 17.693024436103055 3.6478927920151816 73.74589070238396 16.637565322426358 4.7799243670370677 18.51470674879889 18.524168457542348 6.7877291330552376 9.9003168582094947 18.567282966830124
decision_type=2 2 2 2 2 2 2 2 2 2 2 2 2 2 2 2 2 2 2 2 2 2 2 2 2 2 2 2 2 2
left_child=1 3 22 20 7 6 18 -5 11 10 -4 12 13 19 -15 -13 28 -18 -6 -9 -1 -8 -3 -24 -23 -16 27 -26 29 -2
right_child=16 2 9 4 5 -7 21 8 -10 -11 -12 15 -14 14 25 -17 17 -19 -20 -21 -22 24 23 -25 26 -27 -28 -29 -30 -31
leaf_value=0.04476877539131998 -0.050519061698294745 0.063523166823306526 0.024828064771374982 -0.041063880687859822 0.045532618636814855 0.085841893434066091 -0.077102874142280176 0.056499283230272229 -0.037637366322603769 0.050951570231589971 -0.023318570988063211 -0.03246588853013975 0.061682923851418575 0.031457215935991295 -0.052060258154780527 0.029033560451412789 0.058707761904109916 -0.05055582578483684 -0.014409060830702891 0.023561144524679448 0.020653048292758547 -0.061851723139865457 0.056328738533397864 0.040048458346529932 -0.051313646690071303 -0.063088995353485722 -0.055076271832080984 -0.050468552951726656 -0.050388896330966264 -0.051481609682244946
leaf_weight=4.4050771594047529 0.63768671359867468 3.1122819557786014 4.2958031482994539 2.2742961747571888 1.2565233781933769 1.31209938507527 1.2624466791748998 3.3326202817261237 2.0225680302828541 2.5685063302516937 3.3594037964940071 1.6486638695932918 3.7934518484398714 0.82846704870462451 0.61722476175054886 1.9169737473130224 0.50497245788574108 0.54432793287560344 1.5017086528241632 2.8251368775963783 7.2454624250531197 1.6954607889056204 2.7760174870491028 1.9563023224472997 0.78820591326802991 0.64963685348629951 1.3599581080488858 0.4789863396435976 21.361886902712286 0.33866856433451176
leaf_count=26 68 27 36 39 7 11 7 22 26 20 23 24 31 8 34 25 4 60 36 29 39 17 28 18 38 7 27 55 2794 14
internal_value=-0.00126503 0.0171945 0.0327428 0.0103782 0.00273592 -0.0200426 -0.0366944 0.0137829 0.0208563 0.0155706 0.00369944 0.0284342 0.0366735 0.0251782 -0.0224578 0.000597715 -0.0480566 0.00202693 0.0128976 0.0413875 0.0297712 -0.0611858 0.0551231 0.0495986 -0.0565371 -0.0577157 -0.0531073 -0.0509942 -0.0504092 -0.0508529
internal_weight=82.6708 59.2833 18.0683 41.215 29.5644 9.65539 8.34329 19.909 17.6347 10.2237 7.65521 15.6122 12.0465 8.25309 2.09533 3.56564 23.3875 1.0493 2.75823 6.15776 11.6505 5.58506 7.8446 4.73232 4.32261 1.26686 2.62715 1.26719 22.3382 0.976355
internal_count=3600 660 152 508 443 198 187 245 206 79 59 180 131 100 49 49 2940 64 43 51 65 144 73 46 137 41 120 93 2876 82
is_linear=0
shrinkage=0.05


Tree=44
num_leaves=31
num_cat=0
split_feature=6 0 6 0 1 1 0 6 6 6 0 0 7 7 2 0 1 2 2 2 5 4 7 7 6 0 0 0 0 7
split_gain=26.9542 2.55547 3.31967 3.01213 2.20327 2.54367 1.92983 1.67528 1.6162 1.34588 1.31595 2.00845 3.11226 4.56946 2.74166 2.15234 1.18408 1.06759 1.00937 0.871244 0.692098 0.66424 0.460114 0.0984378 0.0919087 0.0345841 0.00828963 0.00224586 0.000619438 7.69049e-05
threshold=10.034239841943679 18.653229002336804 6.4998050756016044 18.54875616839551 73.891273865394751 73.763524679419433 18.502249002665661 6.7877291330552376 1.8333063912795591 7.9441325198846906 18.425729057553863 18.476747328762084 26.052872200373304 21.016347628510754 18.475099850947863 18.508617303427616 73.854559165435177 18.494225675594834 18.451548417985574 18.494225675594834 73.960987438244231 18.425073633879659 18.479841001819707 8.1267954794979467 6.5992960681105428 18.556336358552795 18.55177110251692 18.535016790210147 18.535761263265545 25.238134529568732
decision_type=2 2 2 2 2 2 2 2 2 2 2 2 2 2 2 2 2 2 2 2 2 2 2 2 2 2 2 2 2 2
left_child=1 2 3 8 5 20 17 -6 -1 -8 -10 14 13 15 18 21 -11 24 -12 -17 26 -13 -5 -3 -7 27 28 -9 -4 -26
right_child=-2 23 4 22 7 6 9 25 10 16 11 12 -14 -15 -16 19 -18 -19 -20 -21 -22 -23 -24 -25 29 -27 -28 -29 -30 -31
leaf_value=0.049425931056356481 -0.050372784088503542 0.045377553380999559 -0.050639694976381655 0.038383678965929847 0.017282104337409183 -0.083098063747282749 0.055759077909840464 -0.050467150900044146 0.040268925076981744 -0.012790255484895922 -0.010913094876490295 -0.021889119787858638 0.064985218910666873 -0.037022689541519986 -0.055113255018569465 0.023459573529514166 0.042854319109173734 0.028609749841880222 0.030456275283317225 0.05965816295573112 -0.0019795043892563767 0.015533438584983192 0.064163718787637422 0.060388448130454436 -0.050670129413177389 -0.062936985425652708 -0.058699060948508214 -0.054973174731671903 -0.053570742145093324 -0.051776067918676394
leaf_weight=2.9519594162702552 20.731519357301295 2.2770623415708533 0.44782863743603174 3.7678785175085059 0.97657311148941461 0.31985215842723647 2.8250843919813633 0.83106758212670706 3.3467309297993806 2.283297093585134 3.6630221195518988 2.180424954742195 2.7982101589441291 4.1788826556876293 2.6514922245405614 3.1718754060566425 1.6446769181638954 0.48922203481197346 2.4677998088300228 3.4925576373934746 0.89143858477473248 2.5993411727249622 3.2012504860758781 2.0988579317927361 0.51120218308642507 1.6975219277665017 1.0531125646084545 0.41441721469163895 0.30169231910258532 0.22699175775051117
leaf_count=19 2842 24 45 34 11 3 22 99 36 31 33 22 17 34 28 22 18 16 18 22 22 27 28 16 48 19 14 9 9 12
internal_value=-0.00124816 0.0157934 0.0128872 0.0203181 -0.00727777 0.00419691 0.0178985 -0.0394642 0.0140968 0.0294388 0.010683 0.00704322 0.0164238 0.00772614 -0.012633 0.0240663 0.0105086 -0.0324688 0.00573905 0.0424298 -0.0380172 -0.00153792 0.0502257 0.0525773 -0.0607105 -0.0582942 -0.0558386 -0.0519665 -0.0518195 -0.0510102
internal_weight=80.4928 59.7613 55.3854 40.4714 14.914 10.9944 8.30033 3.91958 33.5023 6.75306 30.5503 27.2036 18.4213 15.6231 8.78231 11.4442 3.92797 1.54727 6.13082 6.66443 2.69407 4.77977 6.96913 4.37592 1.05805 2.94301 1.80263 1.24548 0.749521 0.738194
internal_count=3600 758 718 340 378 240 150 138 278 71 259 223 144 127 79 93 49 79 51 44 90 49 62 40 63 127 68 108 54 60
is_linear=0
shrinkage=0.05


Tree=45
num_leaves=31
num_cat=0
split_feature=6 0 6 0 3 1 0 6 0 0 2 6 7 5 7 1 1 3 6 0 7 7 7 8 7 0 6 7 0 0
split_gain=25.4385 2.43018 3.04412 2.86677 2.11473 1.84546 1.57197 1.56176 1.58352 1.82375 2.34051 1.70042 1.69998 1.92543 1.77926 1.56673 1.43645 1.04324 1.10497 1.52599 1.79583 0.985328 0.458016 0.271495 0.0984634 0.033508 0.00696272 0.00222541 0.000625342 0.000431418
threshold=10.034239841943679 18.653229002336804 6.4998050756016044 18.54875616839551 73.956752456316295 73.738972617224789 18.482330734710494 5.3763403707074664 18.425729057553863 18.476747328762084 18.475099850947863 3.0350754803297613 24.494385280016832 73.799148083326656 17.693024436103055 73.806448839548281 73.889724661043047 73.725901982939106 7.9441325198846906 18.542157124668254 12.107326605801719 17.199366996803416 18.479841001819707 4.5000000000000009 8.1267954794979467 18.617197636327628 6.9412750327836124 4.2889894364135248 18.544833662628516 18.535761263265545
decision_type=2 2 2 2 2 2 2 2 2 2 2 2 2 2 2 2 2 2 2 2 2 2 2 2 2 2 2 2 2 2
left_child=1 2 3 7 5 27 -7 8 -1 10 11 -10 13 -11 -15 -9 -17 -8 23 20 -20 -22 -5 -19 -3 26 -6 -4 -28 -29
right_child=-2 24 4 22 25 6 17 15 9 12 -12 -13 -14 14 -16 16 -18 18 19 -21 21 -23 -24 -25 -26 -27 28 29 -30 -31
leaf_value=0.053686939701429549 -0.050354476707505362 0.044512792860499466 -0.056131517924479638 0.037379589723893707 -0.059694012023398774 -0.05115556331306706 0.05137475282355064 -0.058476217815297875 0.03257651085478027 0.043902859723632087 -0.043094002113663592 -0.016784651064025245 0.054816026384032969 0.022763468911126929 -0.022573436589432921 0.053838567773712959 -0.020662319676497599 0.034461569938490498 0.086532499924335704 -0.044636673159945975 -0.062280037247075495 0.018000935248035279 0.063527517143500162 0.010213770930881732 0.059798574436890239 -0.069237395251259243 -0.050455006460812427 -0.050679099428584465 -0.053058571137580737 -0.052886175568859453
leaf_weight=2.7601422257721451 19.727420608978719 2.2070272117853156 0.50715631246566661 3.6779507845640174 0.3637151438742865 1.0631074616685499 1.4916639728471626 1.3867124682292331 4.1357225403189677 4.1026926413178471 2.6715498976409435 3.0178398480638862 3.5305541865527621 4.8147288877516967 3.9309490658342838 1.0192576535046103 1.7715492253191767 2.4509647367522103 0.64049560250714455 1.9588276688009498 0.61405905615538348 1.0122534213587639 3.0748469978570938 2.1822261307388544 2.0156892538070679 0.48179451934993256 0.54659958090633154 0.36709671514108777 0.39897745661437511 0.55792399495840073
leaf_count=23 2842 24 6 34 8 85 17 31 22 28 20 30 19 36 24 8 37 18 15 25 12 29 28 26 16 4 70 36 11 16
internal_value=-0.00122793 0.0152669 0.0124372 0.0195928 -0.00706619 3.04247e-05 0.00674361 0.0135427 0.0176648 0.0138705 -0.00316065 0.0117527 0.0240868 0.0156428 0.00238574 -0.0150373 0.00654687 0.0126905 0.00617676 -0.0123139 0.0156174 -0.0123114 0.0492859 0.0230409 0.0518094 -0.0579635 -0.0538149 -0.0534697 -0.0515536 -0.0520103
internal_weight=78.4815 58.7541 54.5314 39.8945 14.6369 12.8458 11.4136 33.1417 28.9642 26.204 9.82511 7.15356 16.3789 12.8484 8.74568 4.17752 2.79081 10.3505 8.85883 4.22564 2.26681 1.62631 6.7528 4.63319 4.22272 1.79109 1.30929 1.43218 0.945577 0.925021
internal_count=3600 758 718 340 378 285 227 278 202 179 72 52 107 88 60 76 45 142 125 81 56 41 62 44 40 93 89 58 81 52
is_linear=0
shrinkage=0.05


Tree=46
num_leaves=31
num_cat=0
split_feature=6 0 6 6 5 1 1 1 1 6 7 0 7 0 1 0 1 1 8 0 6 7 7 6 3 6 0 6 7 6
split_gain=24.0286 2.22949 2.06451 2.04339 1.69049 4.97955 5.135 2.69841 2.24412 1.48224 1.97958 1.3865 1.33666 3.05545 1.47459 1.10472 1.08253 1.04396 0.977557 0.951268 1.05922 0.790184 1.04268 0.131408 0.034073 0.0199994 0.00572134 0.00118501 0.000229139 7.72585e-05
threshold=9.1260030626041058 18.56371443224954 6.2770418785418016 3.0350754803297613 73.864508296918558 73.981971924184208 73.74589070238396 73.757004847061083 73.962196876888513 4.0636066783038824 12.107326605801719 18.54875616839551 17.103447657306539 18.508617303427616 73.854559165435177 18.484819498172033 73.866843930983677 73.878035499518759 5.5000000000000009 18.697317655401879 11.065243389127641 10.573816420176835 21.792847383791649 3.6478927920151816 73.725901982939106 4.0636066783038824 18.524168457542348 4.7799243670370677 7.1722197823670184 6.7877291330552376
decision_type=2 2 2 2 2 2 2 2 2 2 2 2 2 2 2 2 2 2 2 2 2 2 2 2 2 2 2 2 2 2
left_child=1 3 28 21 7 6 15 -5 9 -9 18 23 14 16 -12 -6 -14 -4 -11 -2 -21 -1 -23 -8 -25 -26 27 -27 -3 -29
right_child=19 2 17 4 5 -7 11 8 -10 10 12 -13 13 -15 -16 -17 -18 -19 -20 20 -22 22 -24 24 25 26 -28 29 -30 -31
leaf_value=0.055463081142054449 -0.050355204387172198 0.055056352964320238 0.0311929548663838 -0.040521810379279273 -0.012876061898068107 0.080479913339086814 -0.076470208449770843 0.057616665089716017 -0.031524384566696068 0.064895418915581454 0.011255696092573465 0.010604464548348888 0.0081571759929062581 0.048829614291626501 -0.058183080215433593 0.039522608639449869 -0.05622320006911561 -0.0098642629906901345 0.019174563647978499 0.057281657870789759 -0.050478213173087365 0.0048264122010475176 0.038010745143390146 -0.068833911159825026 -0.062452365150964195 -0.054039460380150985 -0.056618105304065192 -0.051268061676311295 0.055681190961235687 -0.050422842658134397
leaf_weight=2.1677614152431479 19.290360807441179 2.5795765966176969 3.8311965130269527 2.1645776638761189 1.6547758253291229 1.3034870913252223 1.2181539312005041 2.8059852272272172 2.0039710244163862 2.5651571438647798 1.5592559082433566 0.74980532750487316 1.3519760305061939 3.4270224189385772 1.5000954940915106 2.5652255383320153 1.2628299714997409 2.5982628036290407 2.1481553330086172 0.4435441717505445 0.46935086185112596 4.5735627040266973 4.9067253395915031 0.59012595750391472 0.85684099048376117 0.42668786458671126 0.99340163450688113 0.74351622583344557 3.402674175798893 0.42485141754150391
leaf_count=12 2876 31 29 39 23 11 7 16 26 28 14 11 23 23 35 34 27 20 25 4 60 27 30 7 8 7 16 38 38 55
internal_value=-0.00120913 0.0155575 0.0342711 0.0102743 0.00380263 -0.0115552 -0.0232897 0.0123181 0.0184592 0.0244859 0.0177564 -0.0529996 0.00413556 0.0177708 -0.0227923 0.0189757 -0.0229356 0.014601 0.0440575 -0.047995 0.00187859 0.028229 0.0220017 -0.0620774 -0.0577327 -0.0558312 -0.0536394 -0.0517843 0.0554118 -0.0509607
internal_weight=76.5789 56.3757 12.4117 43.9639 32.3159 11.5269 10.2234 20.789 18.6244 16.6205 13.8145 6.00338 9.10118 6.04183 3.05935 4.22 2.61481 6.42946 4.71331 20.2033 0.912895 11.648 9.48029 5.25358 4.03542 3.4453 2.58846 1.59506 5.98225 1.16837
internal_count=3600 660 118 542 473 217 206 256 217 191 175 149 122 73 49 57 50 49 53 2940 64 69 57 138 131 124 116 100 69 93
is_linear=0
shrinkage=0.05


Tree=47
num_leaves=31
num_cat=0
split_feature=6 0 6 6 7 5 1 6 7 7 7 5 8 0 7 7 1 0 6 1 1 0 0 1 6 7 6 6 0 6
split_gain=22.6635 2.08401 2.05373 1.86342 1.68784 1.83779 2.47498 1.21491 2.17239 2.18374 2.11067 1.83405 1.83061 1.66693 1.64147 1.59449 0.947095 0.907002 1.00334 0.850157 1.01607 0.592849 0.54987 0.225859 0.000660826 0.000195201 0.000158329 5.95018e-05 5.33518e-05 3.19392e-05
threshold=9.1260030626041058 18.56371443224954 6.2770418785418016 1.8333063912795591 5.1911615697936559 73.973558453011108 73.744984705305555 5.3763403707074664 25.168328339853343 21.117515068380943 22.776294191724663 73.799148083326656 6.5000000000000009 18.530043969435656 16.451947105449239 17.199366996803416 73.878035499518759 18.697317655401879 11.065243389127641 73.852801935720137 73.821754006160404 18.466422400556457 18.441112884714837 73.834937230128432 6.0215309568934048 7.1722197823670184 6.5992960681105428 9.9003168582094947 18.574069366217422 6.9412750327836124
decision_type=2 2 2 2 2 2 2 2 2 2 2 2 2 2 2 2 2 2 2 2 2 2 2 2 2 2 2 2 2 2
left_child=1 3 25 -1 21 7 -7 8 9 11 13 -6 14 19 -13 23 -4 27 -19 20 29 -5 -12 -15 -21 -3 -26 28 -2 -9
right_child=17 2 16 4 5 6 -8 10 -10 -11 22 12 -14 15 -16 -17 -18 18 -20 24 -22 -23 -24 -25 26 -27 -28 -29 -30 -31
leaf_value=0.047672656628556791 -0.050468899653887157 0.054785615965181569 0.029770757953968486 -0.012380060981466934 0.057862426829416495 0.028682475269090037 -0.050149082356052192 -0.051211833421309555 0.05914108982672811 -0.015681319332998989 -0.0082135997864314341 0.016431856397231503 0.037679964072025084 -0.0060888566265737002 -0.039406951999393175 0.050903480057236876 -0.0093707774400453008 0.056876352112717798 -0.050454794530459063 -0.053586147619230889 0.024298855023981117 -0.070926645390688284 -0.060653187095701749 0.015595410769720854 -0.052055799778597006 0.055375436413946648 -0.050625585053099054 -0.050318098518402521 -0.051316413516521955 -0.050514344738770124
leaf_weight=3.0355239138007155 0.56160376686603442 2.4655881896615011 3.8139605484902859 0.87632826203480252 3.1050469651818338 1.5620876671746362 2.745813752990216 0.35794508922845025 3.1163150668144217 4.6207039020955554 0.75404451554641072 3.3732359707355482 4.4665482137352228 2.3996902275830507 2.1582066118717194 3.0683783944696188 2.5983365476131439 0.42484261840581794 0.44666234403848648 0.43230074085295178 1.4025355731137095 0.85355185251682997 1.4831832423806188 2.4036974273622036 0.31263097375631332 3.2541428059339523 0.50784360570833087 17.51671723369509 0.27742176130414009 0.3031245619058609
leaf_count=22 69 31 29 37 21 18 38 20 19 33 19 34 29 18 17 18 20 4 60 11 18 8 34 23 13 38 57 2794 13 35
internal_value=-0.00119239 0.0150222 0.0333394 0.00989454 0.00704919 0.00921605 -0.021564 0.0130858 0.0206424 0.0138733 0.00135569 0.0242955 0.0138707 0.010221 -0.00535481 0.0227479 0.0139102 -0.0479715 0.00186716 -0.019513 0.000211691 -0.0412679 -0.0429787 0.00476232 -0.0520041 0.0551212 -0.0511705 -0.0503378 -0.0507491 -0.050892
internal_weight=74.698 55.4708 12.132 43.3387 40.3032 38.5733 4.3079 34.2654 20.8401 17.7237 13.4254 13.103 9.99799 11.1881 5.53144 7.87177 6.4123 19.2272 0.871505 3.31638 2.06361 1.72988 2.23723 4.80339 1.25278 5.71973 0.820475 18.3557 0.839026 0.66107
internal_count=3600 660 118 542 520 475 56 419 153 134 266 101 80 213 51 59 49 2940 64 154 73 45 53 41 81 69 70 2876 82 55
is_linear=0
shrinkage=0.05


Tree=48
num_leaves=31
num_cat=0
split_feature=6 0 6 0 7 7 1 1 3 6 6 7 1 1 1 8 0 7 6 3 6 4 0 8 0 7 6 4 6 0
split_gain=21.4004 2.2158 2.73903 3.28375 1.73388 1.70473 1.68592 2.33604 2.53589 2.03772 1.54222 1.8293 2.05861 2.79669 1.90331 1.27527 0.885224 1.53058 0.817106 0.710678 0.695125 0.585991 1.57758 0.466785 0.124179 0.108599 0.1011 0.0152338 0.00461363 0.00120317
threshold=10.034239841943679 18.653229002336804 6.2770418785418016 18.528845614882403 23.571980201221923 17.199366996803416 73.893888549036149 73.763524679419433 73.869446130931706 8.061996702241002 3.0350754803297613 26.165698634987731 73.80331633181224 73.927318425425526 73.979962933358465 7.5000000000000009 18.538909514911385 17.618102868873105 4.3858722353422595 73.967926473069511 5.1901810810604898 18.425073633879659 18.468827789689339 5.5000000000000009 18.584061020448644 8.4536343495572428 4.0636066783038824 18.525441758885552 6.9412750327836124 18.530043969435656
decision_type=2 2 2 2 2 2 2 2 2 2 2 2 2 2 2 2 2 2 2 2 2 2 2 2 2 2 2 2 2 2
left_child=1 2 3 10 5 6 7 -4 9 -9 21 12 23 18 19 24 17 -7 -14 -15 26 -1 -23 -12 28 -3 -5 -6 -8 -19
right_child=-2 25 4 20 27 16 15 8 -10 -11 11 -13 13 14 -16 -17 -18 29 -20 -21 -22 22 -24 -25 -26 -27 -28 -29 -30 -31
leaf_value=0.011028800310295628 -0.050304797746005325 0.042462335150773335 -0.056783877226873815 0.055011541392065169 -0.062650761436838939 0.064075757882328568 -0.058094694432892224 0.058444832249225975 -0.042162787312558403 -0.0068755743029001795 -0.02339367404483151 0.031323985615226237 0.053526125960270225 -0.019551409551122147 0.020499514190375677 0.01796061470539791 0.042261233781489466 -0.050798665376559471 0.013146144835534342 -0.068210675163119239 0.031831735983981049 0.013380477737523067 0.061777947357316433 -0.059060979717238477 -0.079384599482880569 0.059248514529337465 0.070971183108114011 -0.052156233482079629 -0.051103431115119072 -0.055077905544456213
leaf_weight=4.1931679695844668 16.9955192245543 2.0796544775366779 1.4756204625591651 2.0520323216915126 0.50509980833157797 0.45162990875542053 0.40354885999113344 2.8139849347062409 1.5784946437925098 2.0738926059566438 2.1899248305708201 4.0601607663556925 2.2276457101106626 1.3672970356419685 1.6486881896853445 0.58008590573444951 2.8282106630504131 0.51958624785766006 2.8628714699298143 1.6631006384268401 3.3593615032732487 3.8086410164833069 3.018054261803627 1.5785171613097189 0.95639592874795198 1.7952931001782415 1.9214885979890821 1.0964275253936646 0.5682872817851603 0.2401950266212225
leaf_count=21 2842 25 35 25 9 8 8 29 35 36 27 31 15 18 15 23 22 52 33 25 32 26 18 23 7 15 16 56 64 9
internal_value=-0.00117044 0.0137635 0.0110475 0.0187217 -0.00609785 -0.000641336 -0.0113041 -1.7818e-05 0.0129361 0.0307298 0.0110725 0.00188756 -0.00694064 0.00516873 -0.0227345 -0.0470394 0.0269427 -0.00882046 0.0308167 -0.0462559 0.0485744 0.0257405 0.0347768 -0.0383339 -0.0665939 0.0502395 0.0627292 -0.0554661 -0.0540065 -0.0521515
internal_weight=72.9129 55.9174 52.0424 35.951 16.0915 14.4899 10.4503 7.94199 6.46637 4.88788 28.6181 17.5982 13.538 9.7696 4.67909 2.50832 4.03962 1.21141 5.09052 3.0304 7.33288 11.0199 6.8267 3.76844 1.92823 3.87495 3.97352 1.60153 0.971836 0.759781
internal_count=3600 758 718 325 393 328 237 135 100 65 252 187 156 106 58 102 91 69 48 43 73 65 44 50 79 40 41 65 72 61
is_linear=0
shrinkage=0.05


Tree=49
num_leaves=31
num_cat=0
split_feature=6 0 6 6 7 5 1 6 1 7 0 7 4 7 3 1 0 0 6 1 8 0 0 5 1 0 0 0 7 7
split_gain=20.216 1.88453 1.97931 1.6899 1.50097 1.72076 2.23918 1.06968 2.37682 2.01752 1.87607 2.07308 1.75565 1.62548 1.52545 2.09139 1.02323 0.821387 0.899693 0.797994 0.795558 0.585952 0.55177 0.549981 0.358836 0.0624007 0.00808494 0.00279584 0.00144172 0.000135025
threshold=9.1260030626041058 18.56371443224954 6.2770418785418016 1.8333063912795591 5.1911615697936559 73.973558453011108 73.744984705305555 5.1901810810604898 73.753479949657404 25.168328339853343 18.520168003625823 20.490870582794138 18.447253701234249 22.776294191724663 73.956752456316295 73.960728169872638 18.530043969435656 18.697317655401879 11.065243389127641 73.878035499518759 6.5000000000000009 18.466422400556457 18.466422400556457 73.799148083326656 73.827441285576427 18.554842084576531 18.530043969435656 18.529663992882465 26.052872200373304 7.1722197823670184
decision_type=2 2 2 2 2 2 2 2 2 2 2 2 2 2 2 2 2 2 2 2 2 2 2 2 2 2 2 2 2 2
left_child=1 3 29 -1 22 7 -7 9 26 10 11 12 20 14 16 25 23 -2 -19 -4 -6 -15 -5 -10 -25 27 28 -16 -9 -3
right_child=17 2 19 4 5 6 -8 8 13 -11 -12 -13 -14 21 15 -17 -18 18 -20 -21 -22 -23 -24 24 -26 -27 -28 -29 -30 -31
leaf_value=0.045973812302380831 -0.050307006580805703 0.054325288708987833 0.027689099374282624 -0.011843440349203836 -0.015022228950813614 0.02599332483173496 -0.049468282227237377 -0.051175937043887842 0.016867681566999439 0.057725506488253898 0.050111019887517608 -0.023887614031609619 0.048602902482758482 -0.0015364277969228638 -0.050937546474010831 0.035991048658894541 0.037202899956102778 0.056122588823068635 -0.050411406582870778 -0.0087335810311305728 0.020973461650045048 -0.06293367129846332 -0.069354462989110105 0.0085739118946659906 -0.052752219659152805 -0.076638364311974461 -0.060334934038275868 -0.057247331335525099 -0.055290731327856418 0.054837239668930907
leaf_weight=2.9011936485767356 16.637200138065968 2.2662421241402608 3.719245757907629 0.85281978966668137 3.0975780282169634 1.5588675872422744 2.6613649791106582 0.45411229133605846 1.861204869113861 2.9848736748099318 2.8206829801201811 4.1991952359676352 3.1766000259667635 0.65687175281345733 0.35699371062219076 0.9068280798383056 5.8804718237370253 0.38849446922540565 0.40454712696373463 2.524606216698885 3.0429432075470686 0.95150589337572455 0.8162129707634449 0.38906439999118425 0.61649972945451736 0.54059644043445587 0.70599486771970987 0.34543359652161598 0.4007207858376205 2.9835667088627815
leaf_count=22 2876 31 29 37 29 18 38 36 30 19 17 31 27 19 39 18 38 4 60 20 20 21 8 19 30 5 10 4 7 38
internal_value=-0.00115321 0.0140401 0.0319879 0.00914927 0.00642926 0.00848834 -0.0215943 0.0122908 0.00180173 0.0199268 0.0130207 0.00528041 0.0184263 0.00906288 0.0159884 -0.0217467 0.0252627 -0.0479373 0.00177737 0.0129621 0.00281548 -0.0378586 -0.0399683 0.000770305 -0.0290244 -0.0638684 -0.0563752 -0.0540405 -0.0531048 0.0546162
internal_weight=71.1025 53.6723 11.4937 42.1786 39.2774 37.6084 4.22023 33.3882 14.0663 19.3219 16.337 13.5163 9.31712 12.5055 10.8971 2.14985 8.74724 17.4302 0.793042 6.24385 6.14052 1.60838 1.66903 2.86677 1.00556 1.24302 1.56083 0.702427 0.854833 5.24981
internal_count=3600 660 118 542 520 475 56 419 276 143 124 107 76 223 183 66 117 2940 64 49 49 40 45 79 49 48 53 43 43 69
is_linear=0
shrinkage=0.05


Tree=50
num_leaves=31
num_cat=0
split_feature=6 0 6 1 0 0 6 5 6 1 0 0 0 7 7 0 9 6 8 7 1 0 0 0 7 1 7 2 5 0
split_gain=19.0955 2.0723 2.68589 2.55584 2.54202 1.71111 1.58538 1.63438 1.5364 1.69905 1.25806 1.16694 1.55151 2.17114 2.0552 1.42191 1.24941 1.06788 1.04474 0.357631 0.108392 0.0211195 0.0197574 0.00546241 0.00415611 0.000680592 0.000230208 0.000165629 1.24644e-05 4.5955e-06
threshold=10.034239841943679 18.670571359911985 6.9412750327836124 73.891273865394751 18.544833662628516 18.530043969435656 5.3763403707074664 73.846549693948546 7.9441325198846906 73.854559165435177 18.582874082855877 18.427267589970686 18.474524256362844 26.052872200373304 21.117515068380943 18.508617303427616 -1.0000000180025095e-35 6.2770418785418016 4.5000000000000009 11.654586410301258 73.934377183642667 18.584061020448644 18.535016790210147 18.535016790210147 22.042649044592157 73.747808243712129 6.8930620131937035 18.494225675594834 73.828247422589854 18.498119570797176
decision_type=2 2 2 2 2 2 2 2 2 2 2 2 2 2 2 2 2 2 2 2 2 2 2 2 2 2 2 2 2 2
left_child=1 2 4 5 6 27 11 19 -7 10 -10 -1 16 14 15 20 -13 24 -18 -8 -14 23 25 -5 26 -9 -6 28 -4 -27
right_child=-2 -3 3 21 17 8 7 22 9 -11 -12 12 13 -15 -16 -17 18 -19 -20 -21 -22 -23 -24 -25 -26 29 -28 -29 -30 -31
leaf_value=0.046162749906333941 -0.050275624274444479 0.056547567621112238 -0.050805075995053989 -0.050356526167788809 0.054161368694699369 0.045539893095227095 0.025758953182703461 -0.053561939905353122 -0.059644657383115973 0.03810696002939587 0.001295218693886273 -0.032895000333042074 0.011973978640601743 0.061303491787629595 -0.020547192717180751 0.042385591912563955 0.032614251252169262 0.018319118064070671 -0.013060058720077601 -0.0078641836082697838 -0.0025044516013906868 -0.064180185124045747 -0.063673373553137486 -0.056307027178656543 0.057745995580966915 -0.050926958365533327 0.054962134584706793 -0.051741199208591986 -0.050413617900659541 -0.051197669233205748
leaf_weight=2.7193553522229221 15.386576866265385 2.5845239013433448 0.35736214043572345 0.62803360028192334 1.62783671915531 2.2216214276850224 1.2490010140463703 0.47483376599848248 1.4431430120021107 1.6171491015702484 2.0498933726921678 2.8732285033911467 2.769155530259015 2.7057016491889945 3.537773646414279 5.0987071301788092 2.3656325768679407 3.1008521169424057 2.6595574859529734 2.1560651995241642 2.4244903214275837 0.74389847647398699 0.55847270041704167 0.99938786635175347 1.4810291267931459 0.33288063993677497 2.0005814358592033 0.49082632828503847 0.47183491569012403 0.29632079321891069
leaf_count=25 2842 29 32 97 23 15 16 15 33 17 22 20 26 14 26 31 20 15 23 33 17 7 5 20 17 24 25 32 63 16
internal_value=-0.00113303 0.0128594 0.0106649 -0.0112131 0.0166297 0.00139134 0.0103011 -0.0153721 0.0108263 -0.00426522 -0.023882 0.0150924 0.0116345 0.0203422 0.0123286 0.023629 -0.00659569 0.0414663 0.00844134 0.00446901 0.00521518 -0.0572009 -0.0560096 -0.0540107 0.0555139 -0.0521329 0.0546029 -0.0510132 -0.0505823 -0.0510544
internal_weight=69.4257 54.0391 51.4546 11.0232 40.4315 8.65183 32.2212 5.06757 7.33181 5.11019 3.49304 27.1536 24.4342 16.5358 13.8301 10.2924 7.89842 8.2103 5.02519 3.40507 5.19365 2.37132 1.66251 1.62742 5.10945 1.10404 3.62842 1.32002 0.829197 0.629201
internal_count=3600 758 729 338 391 214 311 109 87 72 55 202 177 114 100 74 63 80 43 49 43 124 60 117 65 55 48 127 95 40
is_linear=0
shrinkage=0.05


Tree=51
num_leaves=31
num_cat=0
split_feature=6 0 6 1 0 0 6 1 1 6 1 0 4 9 7 1 6 6 7 8 4 0 4 0 2 2 7 5 0 2
split_gain=18.0437 1.98809 2.46419 2.4247 2.40194 1.61297 1.44785 1.5714 2.08917 1.41693 1.53681 1.2057 1.18658 1.72167 1.096 1.15166 1.08465 1.03282 0.775641 0.20901 0.135854 0.0180035 0.0090094 0.00469423 0.00442733 0.000143011 0.000105169 1.07298e-05 1.82043e-06 3.01756e-06
threshold=10.034239841943679 18.670571359911985 6.9412750327836124 73.891273865394751 18.544833662628516 18.530043969435656 5.3763403707074664 73.806448839548281 73.853350056363254 7.9441325198846906 73.854559165435177 18.582874082855877 18.447253701234249 -1.0000000180025095e-35 24.494385280016832 73.786390000700678 6.2770418785418016 3.8449982720071083 17.952058001953187 6.5000000000000009 18.425073633879659 18.584061020448644 18.603004466192118 18.535016790210147 18.581900107688799 18.494225675594834 6.8930620131937035 73.828247422589854 18.697317655401879 18.498151194926887
decision_type=2 2 2 2 2 2 2 2 2 2 2 2 2 2 2 2 2 2 2 2 2 2 2 2 2 2 2 2 2 2
left_child=1 2 4 5 6 25 12 22 -9 -7 11 -11 17 -14 15 -15 24 19 -17 -1 -10 23 -8 -5 -6 27 -26 -4 -2 -30
right_child=28 -3 3 21 16 9 7 8 20 10 -12 -13 13 14 -16 18 -18 -19 -20 -21 -22 -23 -24 -25 26 -27 -28 -29 29 -31
leaf_value=0.0017977188972112094 -0.050259292659136069 0.056201769278105523 -0.050765600350922528 -0.050339045239533566 0.057531058272354163 0.0440918214467413 -0.052413228651725235 0.038686207591488032 -0.022533503160557133 -0.059174960026385837 0.035787209577772247 0.0012299379244939265 -0.00040983005320726875 0.0015024626330335158 0.059950810937741052 0.060443817384751922 0.017413700803165361 -0.026929694532653783 0.021420526867391917 0.018450760204118399 -0.053342314796151202 -0.063397539976456391 -0.059973534357245645 -0.055988323680411546 0.053942053616984446 -0.051657238813269439 0.054498910026037607 -0.050393317200091027 -0.050258546652177362 -0.050553391977406548
leaf_weight=3.7727759107947403 14.273629658855494 2.47321868315339 0.34019105136394301 0.59760626452043586 1.4647301472723473 2.1809077523648739 0.8853404764085997 1.9235941506922247 0.61460726894438245 1.3833805788308384 1.635388429276645 2.0507378866896033 5.4949283711612287 3.3071276340633577 2.941907759755849 2.3552313446998596 3.0990222990512848 2.5076441746205091 2.7721270509064198 3.7638954147696495 0.85641469992697239 0.71613167133182276 0.71012351848185062 0.95592166017740965 1.5545825660228731 0.46762815909460187 1.8652153834700582 0.44899949943646789 0.22518486343324262 0.14118450740352273
leaf_count=20 2782 29 32 97 17 15 36 15 18 33 17 22 35 24 19 22 15 39 23 20 29 7 11 20 23 32 25 63 44 16
internal_value=-0.00111227 0.0124286 0.0102919 -0.0109225 0.0160234 0.00132758 0.00988592 -0.0148511 0.00438464 0.0103921 -0.00410557 -0.0231032 0.0144721 0.0225724 0.0336731 0.0245075 0.0405512 0.000866065 0.0393457 0.0101144 -0.0404701 -0.0568386 -0.0557782 -0.0538152 0.0552309 -0.0509644 0.0542458 -0.0505538 -0.0502621 -0.0503722
internal_weight=67.7794 53.1394 50.6662 10.7769 39.8893 8.50723 31.9057 4.99008 3.39462 7.25041 5.06951 3.43412 26.9156 16.8713 11.3764 8.43449 7.98355 10.0443 5.12736 7.53667 1.47102 2.26966 1.59546 1.55353 4.88453 1.25682 3.4198 0.789191 14.64 0.366369
internal_count=3600 758 729 338 391 214 311 109 62 87 72 55 202 123 88 69 80 79 45 40 47 124 47 117 65 127 48 95 2842 60
is_linear=0
shrinkage=0.05


Tree=52
num_leaves=31
num_cat=0
split_feature=6 0 6 1 0 0 6 5 1 1 1 1 6 6 7 0 6 1 4 0 5 1 0 0 7 0 2 2 7 5
split_gain=17.0561 1.90629 2.26399 2.30107 2.26402 1.52088 1.35165 1.38242 2.66625 3.69465 1.81493 1.85029 1.59341 1.30996 2.31513 1.20841 1.09866 0.815206 0.593552 1.48749 0.343511 0.128225 0.0706225 0.0153546 0.0140749 0.00403437 0.00385007 0.000123464 8.95468e-05 9.23659e-06
threshold=10.034239841943679 18.670571359911985 6.9412750327836124 73.891273865394751 18.544833662628516 18.530043969435656 3.0350754803297613 73.864508296918558 73.74589070238396 73.968010627583894 73.757004847061083 73.886366288444705 4.0636066783038824 8.061996702241002 7.6434994584099689 18.508617303427616 6.2770418785418016 73.854559165435177 18.425073633879659 18.468827789689339 73.74653685882501 73.928413510684194 18.516475119798915 18.584061020448644 22.698551484375024 18.535016790210147 18.581900107688799 18.494225675594834 6.8930620131937035 73.828247422589854
decision_type=2 2 2 2 2 2 2 2 2 2 2 2 2 2 2 2 2 2 2 2 2 2 2 2 2 2 2 2 2 2
left_child=1 2 4 5 6 27 18 10 -9 22 -8 20 -13 -7 -15 21 26 -16 -1 -20 -12 -14 24 25 -10 -5 -6 29 -28 -4
right_child=-2 -3 3 23 16 13 7 8 9 -11 11 12 15 14 17 -17 -18 -19 19 -21 -22 -23 -24 -25 -26 -27 28 -29 -30 -31
leaf_value=0.0090880218458266535 -0.050249268920154834 0.055875652400460753 -0.05072807032280513 -0.050322426600894789 0.057154219997720003 0.03836280767817056 -0.035824618841493287 0.01904270333819804 -0.052786585133075652 0.032863039652817817 0.028981600015471398 0.035307582210363529 -0.055524091403281163 -0.065191855237463833 -0.0069473432904601749 0.017473542039743339 0.016554111639909257 0.042563835709265169 0.011858866665623226 0.059728605461035658 0.054790666936030623 -0.030631723281442341 -0.070680860564281342 -0.062662601366607326 -0.061551010980601478 -0.055686233414352207 0.053735113407284922 -0.051577283661864592 0.054260908306010304 -0.050374019355175707
leaf_weight=4.1158635243773478 13.92946898145601 2.3659816458821288 0.32383310561999479 0.56864366214722328 1.4022484458982933 2.5937158744782209 1.6478241654112959 3.6953773717395944 1.0262322966009381 1.3719060607254503 2.556663313880561 2.0078013762831688 1.1526468703523285 1.2172726076096294 1.8511499087326231 1.2705384381115434 3.0969973132014275 1.509179390966892 3.6216123104095459 2.9404096603393555 2.6007036473602057 0.93863079696893681 1.7611442608758805 0.6889920625835656 0.82740543037652958 0.91410889243707061 1.4843155518174174 0.44549383455887437 1.7818331532180307 0.42726102843880653
leaf_count=21 2842 29 32 97 17 19 22 39 38 14 20 12 24 17 35 11 15 16 26 19 20 19 15 7 11 20 23 32 25 63
internal_value=-0.0010922 0.0120238 0.00994209 -0.0106359 0.0154608 0.00126605 0.00950552 0.00209881 -0.0131447 -0.0369971 0.0129692 0.0206071 6.3295e-05 0.00997332 -0.00611245 -0.0209859 0.0396446 0.0152889 0.0239729 0.0333091 0.0419963 -0.0443516 -0.0635109 -0.0564951 -0.0566987 -0.0536292 0.0549628 -0.0509178 0.054022 -0.0505267
internal_weight=66.1353 52.2058 49.8398 10.5397 39.3002 8.36791 31.5348 20.8569 8.68207 4.98669 12.1748 10.527 5.36962 7.17132 4.5776 3.36182 7.76539 3.36033 10.6779 6.56202 5.15737 2.09128 3.61478 2.17174 1.85364 1.48275 4.6684 1.19659 3.26615 0.751094
internal_count=3600 758 729 338 391 214 311 245 117 78 128 106 66 87 68 54 80 51 66 45 40 43 64 124 49 117 65 127 48 95
is_linear=0
shrinkage=0.05


Tree=53
num_leaves=31
num_cat=0
split_feature=6 5 4 0 6 0 1 1 7 1 1 6 7 1 6 1 8 1 8 0 6 6 8 6 1 2 7 1 6 0
split_gain=16.1359 1.59828 1.92044 3.18264 2.23751 1.9432 1.99561 1.54365 2.28721 1.9986 1.5 1.42888 2.30193 1.74761 1.24985 1.84644 0.805048 1.50885 1.77805 0.675638 0.726449 0.470477 0.432183 0.403228 0.354025 0.112893 0.000733835 6.01968e-05 4.18052e-05 3.37017e-05
threshold=9.1260030626041058 73.973558453011108 18.447253701234249 18.458425916563133 6.2770418785418016 18.508617303427616 73.768933835735922 73.893888549036149 18.479841001819707 73.763524679419433 73.744984705305555 3.0350754803297613 9.9471779036745946 73.916432754388111 4.0636066783038824 73.852801935720137 3.5000000000000004 73.854559165435177 5.5000000000000009 18.697317655401879 11.065243389127641 5.1901810810604898 5.5000000000000009 4.0636066783038824 73.960728169872638 18.581900107688799 15.115804260943937 73.879182465600877 9.9003168582094947 18.574069366217422
decision_type=2 2 2 2 2 2 2 2 2 2 2 2 2 2 2 2 2 2 2 2 2 2 2 2 2 2 2 2 2 2
left_child=1 2 3 23 5 6 -4 9 -9 22 -3 -5 -13 26 -8 -16 -11 18 -18 28 -21 25 -6 -1 -15 -7 -14 -27 29 -2
right_child=19 10 4 11 7 21 14 8 -10 16 -12 12 13 24 15 -17 17 -19 -20 20 -22 -23 -24 -25 -26 27 -28 -29 -30 -31
leaf_value=-0.11238457813802326 -0.050381312778636236 0.022383860514400368 -0.0072467993526139987 0.027680737129534356 -0.055915888611738379 0.068685130769789007 0.054893324295524862 -0.068315848483268604 0.024961196855742294 0.0052976351062097781 -0.039618868266327538 -0.068866970981205838 -0.052413272543267692 0.030825989695011997 0.047804644141659948 -0.020623639022657861 0.048243039841875536 0.073225886118218148 -0.029927286826811152 0.054890395329803179 -0.050336643470987333 0.034891593948193009 -0.005731662412379805 -0.0515967682031509 0.0043216823607263701 0.053392311411295558 -0.055093101859736184 0.053850040153624462 -0.050235441802355389 -0.051125981777054214
leaf_weight=0.56186441332101711 0.43636282114311775 1.5297817680984724 4.4983568522147852 4.7337218374013883 0.99965447792783269 2.1947105899453154 3.8398315422236919 1.5477462648414069 1.1421940797008572 3.2465899623930436 2.6920060059055686 1.2665627724491058 0.4572873171418903 2.4851379985921085 2.0457688421010976 1.9027477325871585 1.7427697973325851 1.8327993638813493 1.2486376077868042 0.32438622415065843 0.33176724379882216 2.898245669901371 0.75155754433944821 0.53028178168460727 2.5555086042732 1.3665811903774741 0.57880801893770695 1.5141172744333742 13.000840636435894 0.23310169577598572
leaf_count=3 69 18 38 25 28 17 33 27 26 30 39 31 21 26 19 26 20 18 27 4 60 35 19 40 28 23 20 23 2794 13
internal_value=-0.00107646 0.0122894 0.014995 -0.00113162 0.0214752 0.0317421 0.0192678 0.00485028 -0.0287088 0.0140411 -0.0171519 0.00626009 -0.00754833 0.00523219 0.034582 0.0148298 0.0245472 0.0375018 0.0156141 -0.0478764 0.00168503 0.0509639 -0.0343786 -0.0828696 0.0173888 0.0601418 -0.0539103 0.0536329 -0.0502553 -0.0506406
internal_weight=64.4897 50.1633 45.9415 13.1692 32.7723 20.2604 12.2867 12.5119 2.68994 9.82201 4.22179 12.077 7.3433 6.07674 7.78835 3.94852 8.0708 4.82421 2.99141 14.3265 0.656153 7.97365 1.75121 1.09215 5.04065 5.07541 1.0361 2.8807 13.6703 0.669465
internal_count=3600 660 603 194 409 214 116 195 53 142 57 151 126 95 78 45 95 65 47 2940 64 98 47 43 54 63 41 46 2876 82
is_linear=0
shrinkage=0.05


Tree=54
num_leaves=31
num_cat=0
split_feature=6 0 6 1 0 0 6 7 7 1 5 1 0 2 7 7 6 1 0 6 7 1 0 0 0 2 5 0 2 0
split_gain=15.2469 1.78697 1.99922 2.1383 2.1007 1.40096 1.28025 1.22151 1.34838 2.507 4.27353 2.34446 2.29468 2.33785 1.20475 3.5273 1.2006 1.1511 1.19874 1.08995 1.07882 2.35262 0.926749 0.0116249 0.0013372 0.000107076 8.47661e-06 1.16228e-06 1.92519e-06 8.53342e-07
threshold=10.034239841943679 18.670571359911985 6.9412750327836124 73.891273865394751 18.554491800479109 18.530043969435656 1.8333063912795591 5.1911615697936559 17.693024436103055 73.969904173514962 73.846549693948546 73.968010627583894 18.482375212735658 18.465250354431955 22.292974084446413 26.052872200373304 7.9441325198846906 73.854559165435177 18.582874082855877 5.7664173076843026 18.479841001819707 73.893888549036149 18.483020437220819 18.561770632711266 18.535016790210147 18.494225675594834 73.828247422589854 18.697317655401879 18.498151194926887 18.520168003625823
decision_type=2 2 2 2 2 2 2 2 2 2 2 2 2 2 2 2 2 2 2 2 2 2 2 2 2 2 2 2 2 2
left_child=1 2 4 5 6 25 -1 -8 9 10 19 12 13 -10 -14 -16 -7 18 -18 -9 21 -6 -12 24 29 26 -4 -2 -29 -5
right_child=27 -3 3 23 20 16 7 8 11 -11 22 -13 14 -15 15 -17 17 -19 -20 -21 -22 -23 -24 -25 -26 -27 -28 28 -30 -31
leaf_value=0.043214392958461294 -0.050223011033262481 0.055415682210087636 -0.050699710366877218 -0.050267124775282501 0.057573168698585989 0.04133626979763249 -0.038985447484361592 0.048058456071744346 0.0088811983393083382 0.071519762576715246 -0.0087451508144039663 -0.044960713957169385 0.052876032812552425 -0.053064170883787537 -0.033613996522063636 0.055240901311035984 -0.058565142750189959 0.029751199547409787 0.0033203177454414084 0.0049624232541319009 0.064108684468586127 -0.024152181141664862 -0.06627030404871749 -0.059539454946356124 -0.054089514287855349 -0.051512793809346605 -0.050349051545592244 -0.050222339986522861 -0.050476009219770905 -0.0504193441521191
leaf_weight=2.5490036346018341 12.29403433622792 2.1908536404371253 0.30481328954919973 0.40477500902488772 2.059349942952394 2.069820050150156 1.4189924285747135 4.2306434605270642 4.1266984455287474 2.0723900813609353 1.267361307051033 2.5224479120224705 2.7585278432816267 2.4142038403078914 2.2318747909739614 2.2357901418581605 1.2991471691057088 1.6689217397943137 1.9676722828298805 2.2460565753281116 2.7772127836942673 1.5384625568985937 1.5643586684018371 1.1070793317630885 0.4196152058430016 0.41751054674386978 0.39655802445486188 0.19393409416079599 0.12175334524363279 0.11918008141219616
leaf_count=20 2782 29 32 80 29 15 23 39 37 13 19 18 27 27 23 17 33 17 22 26 31 14 28 16 11 32 63 44 16 17
internal_value=-0.00105527 0.0112518 0.00924393 -0.0104407 0.014513 0.00107481 0.00923679 0.00625945 0.0085797 0.0217847 0.0107118 -0.000646054 0.00747341 -0.0139824 0.0268945 0.0108524 0.0093725 -0.00403162 -0.0212903 0.0331132 0.0406978 0.0226265 -0.0405244 -0.056064 -0.0519862 -0.0508788 -0.0505014 -0.0502254 -0.0503202 -0.0503017
internal_weight=62.989 50.3793 48.1885 10.1751 38.0134 8.12444 31.6383 29.0893 27.6704 11.3808 9.30842 16.2895 13.7671 6.5409 7.22619 4.46766 7.00556 4.93574 3.26682 6.4767 6.37503 3.59781 2.83172 2.05065 0.94357 1.11888 0.701371 12.6097 0.315687 0.523955
internal_count=3600 758 729 338 391 214 317 297 274 125 112 149 131 64 67 40 87 72 55 65 74 43 47 124 108 127 95 2842 60 97
is_linear=0
shrinkage=0.05


Tree=55
num_leaves=31
num_cat=0
split_feature=6 0 6 6 7 5 0 7 7 1 3 1 7 1 6 6 1 5 0 6 8 7 0 6 6 7 6 6 0 7
split_gain=14.4332 1.4752 1.63641 1.40392 1.20988 1.33176 1.7491 1.0376 2.31076 1.91774 1.55264 2.73822 1.48422 3.41802 2.05451 1.15421 1.21226 0.982253 0.612678 0.653516 0.609823 0.577772 0.520801 0.487399 0.246288 0.108598 0.0553363 0.00156214 0.000275758 8.06061e-05
threshold=9.1260030626041058 18.56371443224954 6.2770418785418016 1.8333063912795591 5.1911615697936559 73.973558453011108 18.483020437220819 24.494385280016832 21.439913938635758 73.749892974413953 73.92818075202608 73.979962933358465 15.674718426794273 73.957868141348541 3.3036893944104277 6.1978922637714797 73.847631492811431 73.846549693948546 18.697317655401879 11.065243389127641 5.5000000000000009 9.1795757205288222 18.466422400556457 8.1757936180850717 4.0636066783038824 9.3177230976582752 4.0636066783038824 6.0215309568934048 18.520661868653331 7.1722197823670184
decision_type=2 2 2 2 2 2 2 2 2 2 2 2 2 2 2 2 2 2 2 2 2 2 2 2 2 2 2 2 2 2
left_child=1 3 29 -1 22 7 -7 8 9 21 15 12 14 -14 -12 24 25 -9 -2 -20 -10 -6 -5 -4 -11 -17 -16 -28 -29 -3
right_child=18 2 23 4 5 6 -8 17 20 10 11 -13 13 -15 26 16 -18 -19 19 -21 -22 -23 -24 -25 -26 -27 27 28 -30 -31
leaf_value=0.042677011073670293 -0.050232546953904535 0.053134190698335908 0.024008580958328321 -0.0095127533035859815 -0.0014290827818092817 -0.068856696031641906 0.0023842430276151713 0.008016332101901804 -0.0066833668485443698 0.065654410375336938 0.032783252713885332 0.061886974782911323 0.041978979559187155 -0.036194361553923624 -0.070172052807580279 0.0037574994420325339 0.04105372334853169 0.052367532951120371 0.054379714654465831 -0.050304490209139401 -0.043523854824729008 -0.062482239498393426 -0.067853515958750873 -0.0058433507058617308 0.041344957489288216 -0.018248105202408351 -0.055067319885541754 -0.050586103205357419 -0.052693576192361639 0.053586977873940969
leaf_weight=2.5965673066675654 12.386547642759975 1.715589527040718 3.2959580235183239 0.7595624541863788 0.62880039680750144 1.2808378785848611 2.6321114404127002 2.4214888783171764 2.0905179451219729 1.729348316788675 0.82572750747203683 1.7214134838432062 3.2277735359966755 2.4670158782973886 0.76733773574233088 0.90731631778180633 2.3064504307694733 2.5769343371503055 0.2959896847605713 0.30038244556635618 2.4278371068648994 1.0098304776474831 0.77064434159547091 2.3367787376046181 2.6211080164648592 1.4673988721333442 0.88036639429628827 0.26497329026460648 0.37473314302042127 2.3015831336379051
leaf_count=22 2876 31 26 37 11 22 34 39 23 16 4 16 32 15 7 11 28 25 4 60 31 32 8 23 33 31 16 36 13 38
internal_value=-0.00103583 0.0115199 0.0290125 0.00716445 0.00461434 0.00653691 -0.0209353 0.0100366 0.00598525 0.0129044 0.017257 0.00421058 -0.00706165 0.00811383 -0.0348218 0.032467 0.0152356 0.0308816 -0.0478492 0.00165207 -0.0264788 -0.039054 -0.0388944 0.0116243 0.0510082 -0.00984034 -0.0592264 -0.053701 -0.0518206 0.0533936
internal_weight=61.3889 48.406 9.64991 38.7561 36.1595 34.6293 3.91295 30.7164 25.7179 21.1996 19.561 10.5293 8.80793 5.69479 3.11314 9.03162 4.68117 4.99842 12.9829 0.596372 4.51836 1.63863 1.53021 5.63274 4.35046 2.37472 2.28741 1.52007 0.639706 4.01717
internal_count=3600 660 118 542 520 475 56 419 355 301 258 139 123 47 76 119 70 64 2940 64 54 43 45 49 49 42 72 65 49 69
is_linear=0
shrinkage=0.05


Tree=56
num_leaves=31
num_cat=0
split_feature=6 0 6 1 0 6 4 1 7 0 6 7 7 6 0 6 6 7 4 4 0 6 0 0 0 6 2 5 0 0
split_gain=13.6421 1.68346 1.79208 1.99829 1.90856 1.42137 1.81097 1.61252 2.23297 1.29397 1.12203 1.08172 1.05053 1.04201 0.753722 0.617835 0.577796 0.458188 0.38304 0.284092 0.206796 0.0280552 0.0104094 0.00286843 0.000427738 0.000206613 0.000100378 7.47486e-06 8.69954e-07 8.61365e-07
threshold=10.034239841943679 18.670571359911985 6.9412750327836124 73.891273865394751 18.521367085018159 2.6699638003383241 18.447253701234249 73.80331633181224 25.867348462876414 18.530043969435656 7.9441325198846906 14.867383731998201 9.1283117612580451 5.1901810810604898 18.554766203497163 4.3858722353422595 3.8449982720071083 21.792847383791649 18.556650015897734 18.447253701234249 18.481069748663728 4.0636066783038824 18.584061020448644 18.535016790210147 18.48937107171098 4.6107031191855068 18.494225675594834 73.828247422589854 18.520168003625823 18.697317655401879
decision_type=2 2 2 2 2 2 2 2 2 2 2 2 2 2 2 2 2 2 2 2 2 2 2 2 2 2 2 2 2 2
left_child=1 2 4 9 5 17 16 8 -8 26 -11 -9 -12 19 -15 -13 -7 -1 -14 -6 -17 -21 23 28 25 -18 27 -4 -5 -2
right_child=29 -3 3 22 13 6 7 11 -10 10 12 15 18 14 -16 20 24 -19 -20 21 -22 -23 -24 -25 -26 -27 -28 -29 -30 -31
leaf_value=0.012316729957024168 -0.05020169368537139 0.05502979664722947 -0.050665608115073327 -0.050249324139735957 0.032842799618027704 -0.015339456062697741 -0.045313851198220227 0.05723888721710222 0.016043745538939742 0.040086413156871781 -0.032272809709211002 0.03096978121242859 -0.00081866730487257806 -0.00343669541856926 0.031505718908405991 -0.017702660117850624 -0.052418283842189474 0.036095203230527957 0.035920761695578528 0.053284997829638761 0.010193727459658963 0.062973957683516435 -0.061176631273603801 -0.055118944676203721 -0.0532885018323358 -0.050898923489751127 -0.0514803136380401 -0.050324626515472759 -0.050407537166908406 -0.050289601510583815
leaf_weight=4.3931464441120642 11.128480009268966 2.0372048132121554 0.28547025565057793 0.37530654948204734 1.8336466550827006 2.7291422784328487 2.6838109344243986 1.8121945802122352 3.3135721534490585 2.0131598114967346 1.9869658071547744 2.3235998041927814 1.6546179079450669 2.5583667661994696 3.889604739844799 1.3843515119515362 0.474281510338187 3.7596404366195202 1.2419555126689372 1.5950085334479811 1.2772846533916888 1.4054991006851194 0.62149170693010081 0.82672660052776337 0.80541980313137174 0.42360676405951381 0.39878523303195834 0.36780256312340498 0.11306084762327373 0.28581508807838041
leaf_count=28 2782 29 32 80 12 16 37 18 30 15 24 17 23 23 36 26 12 24 25 28 15 16 7 20 23 30 32 63 17 60
internal_value=-0.00101531 0.0105409 0.00859375 -0.0102998 0.0136881 0.00608195 -0.00205802 0.0074836 -0.0114136 0.00079637 0.00867557 0.0241566 -0.00427304 0.0307987 0.0176416 0.0121308 -0.0296011 0.0232821 0.014934 0.0483481 -0.00431555 0.0578235 -0.0558442 -0.0533242 -0.0524519 -0.0517015 -0.0508552 -0.0504736 -0.050286 -0.0502039
internal_weight=59.999 48.5847 46.5475 9.88534 36.6622 25.3801 17.2273 12.7948 5.99738 7.94876 6.8967 6.79743 4.88354 11.2821 6.44797 4.98524 4.43245 8.15279 2.89657 4.83415 2.66164 3.00051 1.93659 1.31509 1.70331 0.897888 1.05206 0.653273 0.488367 11.4143
internal_count=3600 758 729 338 391 276 224 143 67 214 87 76 72 115 59 58 81 52 48 56 41 44 124 117 65 42 127 95 97 2842
is_linear=0
shrinkage=0.05


Tree=57
num_leaves=31
num_cat=0
split_feature=6 3 1 6 1 5 1 7 7 6 1 6 0 8 0 6 8 6 7 0 6 1 1 0 0 6 0 6 6 6
split_gain=12.9181 1.3869 2.24844 1.38252 2.03609 1.67249 1.63324 2.56662 3.72907 1.64463 1.39595 1.19251 2.25749 1.10343 0.971313 0.723218 0.609531 1.05614 1.15647 0.555367 0.588218 0.419449 0.0546797 0.0111158 0.00292262 0.000441779 0.000366002 0.000270534 6.21846e-05 3.35206e-05
threshold=9.1260030626041058 73.747057326965916 73.771701713731701 4.3858722353422595 73.955017102037246 73.846549693948546 73.886366288444705 18.260341820951961 21.548407070258197 8.061996702241002 73.983186509083708 5.3763403707074664 18.483020437220819 6.5000000000000009 18.502249002665661 3.8449982720071083 6.5000000000000009 5.1901810810604898 19.462657812724732 18.697317655401879 11.065243389127641 73.904586609423191 73.911981452290547 18.549101628347756 18.525951680078702 4.7799243670370677 18.536220212526626 5.8601300934005858 5.3763403707074664 9.9003168582094947
decision_type=2 2 2 2 2 2 2 2 2 2 2 2 2 2 2 2 2 2 2 2 2 2 2 2 2 2 2 2 2 2
left_child=1 16 11 4 15 6 9 21 -9 14 24 12 -3 -6 -5 22 17 -1 -19 29 -21 -8 -4 26 25 -7 27 -13 -27 -2
right_child=19 2 3 5 13 10 7 8 -10 -11 -12 23 -14 -15 -16 -17 -18 18 -20 20 -22 -23 -24 -25 -26 28 -28 -29 -30 -31
leaf_value=0.061411617419354983 -0.050584195413510773 -0.0322539947355137 0.049994176241418983 0.016202169900971359 -0.012755735705775182 -0.053222384063731712 -0.022694272449936229 0.063276909097718534 -0.034645532635280835 -0.005930101897216984 0.054627716347762062 -0.052725416061846178 0.024850736182681191 0.027552188755734099 0.059003909604198768 0.021163631269163888 0.0082703458708033219 0.050240106297636235 -0.014517473758242661 0.053925870032593685 -0.050275443427112813 -0.062229498628197558 0.061213128325269428 -0.061708834062350608 -0.055324805891000695 -0.0516120951309215 -0.053618029413112639 -0.050873542777641029 -0.050589911206565953 -0.050192702261028704
leaf_weight=2.6982564181089392 0.57634579623117765 3.8837676448747498 1.862594429403545 2.2944727637805062 3.6216426938772202 0.24945971649140053 1.1630988484248512 2.0828107874840502 1.8234040183015165 2.8573537617921829 0.35708577418699849 0.35294808307662584 3.1218777168542147 3.1963792070746422 3.138649944216013 2.1358769983053207 2.2555929678492248 1.3600895744748416 1.3981861867941914 0.26979918032884675 0.27195035666227341 1.5853164247237144 2.6051336824893951 0.42897176183760155 0.82239905325695861 0.19338251557201147 0.35590982809662819 0.44696140964515507 0.64519457146525383 10.654430761467664
leaf_count=26 82 28 26 34 24 5 19 16 37 34 7 11 20 20 32 26 33 15 26 4 60 27 22 6 16 8 6 47 89 2794
internal_value=-0.00099614 0.01075 0.00693893 0.0132781 0.025307 0.0038986 0.00996952 -0.00847953 0.0175671 0.0247783 -0.0361145 -0.0156672 -0.0068068 0.00614115 0.0409282 0.0450951 0.0301333 0.0391709 0.0174141 -0.0478276 0.00161833 -0.0454986 0.056536 -0.0548352 -0.0530754 -0.0513751 -0.0522841 -0.0516907 -0.0508256 -0.0502128
internal_weight=58.7093 46.9368 39.2247 30.6343 13.4216 17.2126 14.9451 6.65463 3.90621 8.29048 2.26752 8.59044 7.00565 6.81802 5.43312 6.60361 7.71213 5.45653 2.75828 11.7725 0.54175 2.74842 4.46773 1.58479 1.91044 1.08804 1.15582 0.799909 0.838577 11.2308
internal_count=3600 660 560 442 118 324 199 99 53 100 125 118 48 44 66 74 100 67 41 2940 64 46 48 70 118 102 64 58 97 2876
is_linear=0
shrinkage=0.05


Tree=58
num_leaves=31
num_cat=0
split_feature=6 0 6 0 7 7 6 4 1 3 7 6 1 1 7 3 1 2 0 4 6 7 0 6 0 6 0 0 6 6
split_gain=12.2153 1.3182 1.24551 2.73807 1.37334 1.48335 1.26151 1.26512 1.203 1.9404 1.76333 1.78798 1.19189 1.85377 1.04907 1.50411 2.16028 0.776249 0.723219 2.6028 0.543102 0.536796 0.528963 0.558291 0.0862141 0.0546934 0.00662955 0.00144566 0.000203091 2.88774e-05
threshold=9.1260030626041058 18.670571359911985 6.2770418785418016 18.528845614882403 23.571980201221923 17.199366996803416 4.0636066783038824 18.425073633879659 73.763524679419433 73.822498761332653 10.07849719107883 8.061996702241002 73.771701713731701 73.902196148128596 25.168328339853343 73.774649923850944 73.955017102037246 18.498151194926887 18.556336358552795 18.556650015897734 5.1901810810604898 16.07497780690435 18.697317655401879 11.065243389127641 18.537970678554903 4.0636066783038824 18.544833662628516 18.492539305309776 6.9412750327836124 9.9003168582094947
decision_type=2 2 2 2 2 2 2 2 2 2 2 2 2 2 2 2 2 2 2 2 2 2 2 2 2 2 2 2 2 2
left_child=1 2 3 6 5 8 14 27 -4 -10 11 -11 -9 -14 15 -1 21 24 19 -7 25 -17 29 -24 -12 -5 28 -8 -6 -2
right_child=22 -3 4 20 26 18 7 12 9 10 17 -13 13 -15 -16 16 -18 -19 -20 -21 -22 -23 23 -25 -26 -27 -28 -29 -30 -31
leaf_value=-0.022444684130833361 -0.050555737689264094 0.054687850850401114 -0.05684693772970606 0.053003409801294768 -0.052981509910157057 0.050764296120661835 -0.051900627284156821 -0.026496497930065345 0.034827231559516565 0.059957319764656583 -0.027590635959130961 -0.027838611729276409 0.040793574328626375 -0.024487291363557213 0.038651845304960047 0.025191749366436662 -0.0035892647398755432 -0.066590585719097914 0.060403880960767792 -0.065425985433277933 0.029311462540958979 0.059971773872518112 0.053719794587678664 -0.050261976421568481 -0.003420512858486931 0.066442562915638423 -0.059745373848089804 -0.055220571270189533 -0.051331903090409164 -0.05018326913290299
leaf_weight=3.0083638951182463 0.54853789578191658 1.6204722188413132 1.1642280702944825 1.4754342138767236 0.32012982573360094 1.4504985879175363 0.65457744430750409 2.7095187562517822 2.4261413696222007 1.1130836326628926 0.84352463367395125 1.2106206107418982 2.7905284776352346 1.7819080483168361 3.7154846936464301 2.0894833765923959 5.2950975298881531 1.6686611587647346 1.2088484764099119 0.72186616412363935 2.7848318759351969 2.3651923090219498 0.2576005235314377 0.25875473953783512 0.65576597861945629 1.554893687367439 0.4352071825414896 0.65704087261110544 0.44726169900968671 10.136664914432911
leaf_count=18 82 25 26 28 11 29 28 35 38 21 36 22 31 32 23 23 28 26 7 32 36 21 4 60 8 17 7 13 39 2794
internal_value=-0.000974226 0.0103901 0.00877877 0.0143403 -0.0037892 0.00113444 0.0071695 -0.00836048 -0.00939053 -0.00241257 -0.0188646 0.0142167 -0.000218517 0.0153532 0.0152708 0.00846168 0.0179981 -0.0431299 0.0294048 0.0121548 0.045251 0.0436581 -0.0478139 0.00161269 -0.017019 0.0598992 -0.0548158 -0.0535637 -0.0520201 -0.0502024
internal_weight=57.3702 46.1687 44.5482 30.8824 13.6658 12.4632 25.0672 8.59357 9.08203 7.9178 5.49166 2.3237 7.28196 4.57244 16.4736 12.7581 9.74977 3.16795 3.38121 2.17236 5.81516 4.45468 11.2016 0.516355 1.49929 3.03033 1.2026 1.31162 0.767392 10.6852
internal_count=3600 660 635 333 302 245 252 139 177 151 113 43 98 63 113 90 72 70 68 61 81 44 2940 64 44 45 57 41 50 2876
is_linear=0
shrinkage=0.05


Tree=59
num_leaves=31
num_cat=0
split_feature=6 0 6 5 1 0 6 7 7 1 7 6 7 3 6 7 6 6 7 5 7 0 7 0 6 9 7 7 6 0
split_gain=11.5544 1.2634 1.14566 1.25001 1.65712 1.08597 2.17171 1.52682 1.2752 1.81784 1.25994 1.25556 1.20263 1.07513 1.47258 1.16739 1.86554 1.11845 0.92322 0.817667 0.74631 1.7307 0.533522 0.503781 0.52995 0.281388 0.115816 0.000189727 2.48764e-05 1.87887e-05
threshold=9.1260030626041058 18.670571359911985 1.8333063912795591 73.973558453011108 73.744984705305555 18.521367085018159 6.2770418785418016 25.168328339853343 20.490870582794138 73.749892974413953 17.199366996803416 4.3858722353422595 5.1911615697936559 73.92818075202608 3.0350754803297613 9.9471779036745946 4.0636066783038824 5.3763403707074664 24.011493083270775 73.799148083326656 10.07849719107883 18.554842084576531 22.174420970848029 18.697317655401879 11.065243389127641 -1.0000000180025095e-35 11.936218795410728 14.396293165473397 9.9003168582094947 18.574069366217422
decision_type=2 2 2 2 2 2 2 2 2 2 2 2 2 2 2 2 2 2 2 2 2 2 2 2 2 2 2 2 2 2
left_child=1 2 -1 5 -5 7 22 8 9 -4 20 -9 -11 17 -15 -16 -17 -14 19 -10 -8 -22 25 28 -25 -7 -19 -18 29 -2
right_child=23 -3 3 4 -6 6 10 11 18 12 -12 -13 13 14 15 16 27 26 -20 -21 21 -23 -24 24 -26 -27 -28 -29 -30 -31
leaf_value=0.041235202570759084 -0.050302669719413384 0.054446969147767803 -0.062424040934872721 0.020927386984105966 -0.047053482433989068 0.034827786430654005 0.0096754843863034196 0.061034428306883728 -0.015481477388795779 -0.036309075496603338 0.030153909536108605 0.00031312567199983835 0.052535335249301277 0.025113183664054652 -0.068673722656449651 0.051638307914322494 -0.051324066133990778 0.015739617021127535 0.0025918731031994327 -0.070464267649784251 0.010171383173466672 -0.056498020462880265 0.017502637901401542 0.053525264458915534 -0.050249172333852954 0.058849154122368935 -0.010474106539145519 -0.052820904482337921 -0.050174299504424993 -0.050926787819330965
leaf_weight=2.5170495212078086 0.33301843912340423 1.5480879619717587 0.97234814544208958 1.4573169518262141 2.3291865603532642 2.1019941531121731 3.4283785857260209 1.7681618779897683 1.2223309646360569 1.3082110541872669 3.2283551436848938 1.6418171986006198 2.7703700475394708 2.8696215152740479 1.0152331816498192 0.85096152126789071 0.35526637663133442 0.7544791675172744 1.5310178371146319 1.5133525724522767 1.9980186799075457 1.8982816301286218 1.8772712014615534 0.24590524286031801 0.24619626649655402 2.9026165008544949 0.95431648287922144 0.52386566856876016 9.6439742012880725 0.18903946271166205
leaf_count=24 69 25 35 18 38 27 29 13 23 40 31 36 32 16 27 5 25 23 17 21 24 19 21 4 60 37 29 25 2794 13
internal_value=-0.00095659 0.0100557 0.0084863 0.00648908 -0.0208896 0.00925462 0.0183811 0.00131898 -0.00492661 0.00320065 0.00413078 0.0317987 0.00879688 0.0146427 6.81983e-05 -0.0261107 -0.00113437 0.0329128 -0.028498 -0.0458974 -0.00733893 -0.02231 0.0402334 -0.0478008 0.00160736 0.0487599 0.00109996 -0.052216 -0.0501925 -0.0505287
internal_weight=55.996 45.3379 43.7898 41.2728 3.7865 37.4863 17.4349 20.0514 16.6414 12.3747 10.553 3.40998 11.4023 10.0941 5.61495 2.74533 1.73009 4.47917 4.2667 2.73568 7.32468 3.8963 6.88188 10.6581 0.492102 5.00461 1.7088 0.879132 10.166 0.522058
internal_count=3600 660 635 611 56 555 188 367 318 257 103 49 222 182 98 82 55 84 61 44 72 43 85 2940 64 64 52 50 2876 82
is_linear=0
shrinkage=0.05


Tree=60
num_leaves=31
num_cat=0
split_feature=6 0 6 1 0 1 6 6 1 1 7 3 1 7 0 3 6 1 6 6 0 8 7 7 4 6 2 6 0 7
split_gain=10.9352 1.43489 1.41656 1.70268 1.68232 1.15307 1.03768 1.02755 1.30765 1.53623 0.978411 1.78754 1.49003 1.46576 1.00856 0.901281 1.39866 1.14807 2.07736 0.897099 0.394078 0.214346 0.101923 0.00975029 0.00743808 0.00604735 0.00285895 0.00163789 0.000714471 5.06641e-05
threshold=10.034239841943679 18.670571359911985 6.9412750327836124 73.891273865394751 18.544833662628516 73.763524679419433 6.2770418785418016 5.3763403707074664 73.806448839548281 73.853350056363254 24.494385280016832 73.774649923850944 73.954297135201529 17.693024436103055 18.475458527718366 73.725901982939106 8.7593409946772969 73.854559165435177 8.061996702241002 3.0350754803297613 18.500282555052227 7.5000000000000009 15.377831020135798 9.1283117612580451 18.603004466192118 7.8264099183704898 18.581900107688799 8.278546443992127 18.535016790210147 6.8930620131937035
decision_type=2 2 2 2 2 2 2 2 2 2 2 2 2 2 2 2 2 2 2 2 2 2 2 2 2 2 2 2 2 2
left_child=1 2 4 5 7 21 26 10 24 -10 11 -1 19 -14 -12 -7 17 18 -17 -13 -21 27 -11 -18 -9 -5 -6 -4 -27 -28
right_child=-2 -3 3 25 6 15 -8 8 9 22 14 12 13 -15 -16 16 23 -19 -20 20 -22 -23 -24 -25 -26 28 29 -29 -30 -31
leaf_value=-0.026707619306948035 -0.050166812984109216 0.054098879792936372 -0.056274804771879607 -0.058232230360209185 0.055862521169492474 0.05169665231959189 0.013203541450042317 -0.051950953719245178 0.032839369602048689 -0.053096745888798424 0.0091714304006147787 0.056197965802075249 0.0175230962442787 -0.031270121364176395 0.048067402971544104 0.025673059539514199 -0.063915880153487134 0.046101543269957003 -0.066388557771767151 0.0058193241048154556 0.034250976341942151 -0.0097946887149104565 -0.023988110490667763 -0.052670686351553767 -0.059276023895617064 -0.050211656904010894 0.052530387999416776 -0.052146855999845143 -0.053227809159167118 0.052997038011187783
leaf_weight=3.5964794950559833 9.3519444861449283 1.7133171148598183 0.50210054498165646 0.80086354259401538 1.1149126738309854 1.045393271371722 2.8876783400774002 0.71198396245017537 1.7773639969527724 0.67268458753824212 3.606963798403739 2.0807688608765584 3.3426616545766592 2.8527084039524198 3.0980731621384621 1.7023243098519745 0.28236710722558189 1.6031999499537049 0.95738535281270731 3.0410854043439031 2.0338555928319693 0.37626066314987838 0.54385952744632959 0.60744874668307602 0.6752268560230732 0.2885687411762774 1.0497107096016409 0.46087102591991425 0.6143566167447716 1.3044287823140619
leaf_count=35 2842 29 25 30 17 11 15 36 15 27 25 25 20 20 20 39 14 16 20 38 19 18 20 39 11 73 23 32 21 25
internal_value=-0.00093852 0.00921434 0.00745182 -0.0099279 0.012122 0.000276137 0.0353455 0.00685595 -0.0153863 0.00320784 0.0109758 0.00457939 0.0130074 -0.00494414 0.0271434 0.0093666 0.000778607 0.0126802 -0.00746531 0.0285497 0.0172137 -0.0417955 -0.0400836 -0.0562391 -0.0555164 -0.0550693 0.0537768 -0.0542992 -0.0522639 0.052789
internal_weight=54.6968 45.3449 43.6316 9.24114 34.3904 7.53735 6.35673 28.0337 4.38112 2.99391 23.6526 16.9476 13.3511 6.19537 6.70504 6.19812 5.15273 4.26291 2.65971 7.15571 5.07494 1.33923 1.21654 0.889816 1.38721 1.70379 3.46905 0.962972 0.902925 2.35414
internal_count=3600 758 729 338 391 214 80 311 109 62 202 157 122 40 45 139 128 75 59 82 57 75 47 53 47 124 65 57 94 48
is_linear=0
shrinkage=0.05


Tree=61
num_leaves=31
num_cat=0
split_feature=6 0 6 1 0 0 6 6 6 7 9 1 0 7 1 6 1 1 6 1 2 6 6 6 2 0 2 7 5 8
split_gain=10.3494 1.3748 1.30176 1.61863 1.57656 1.13525 1.03839 0.971131 0.944789 0.931234 0.912413 1.76872 1.1371 1.1317 3.12045 0.929273 0.894148 1.69294 1.13096 3.28877 0.298355 0.0622663 0.0051847 0.00278515 0.00248215 0.000614246 0.00013138 4.33043e-05 6.52815e-06 5.01126e-07
threshold=10.034239841943679 18.670571359911985 6.9412750327836124 73.891273865394751 18.544833662628516 18.530043969435656 6.2770418785418016 1.8333063912795591 7.9441325198846906 9.1283117612580451 -1.0000000180025095e-35 73.968010627583894 18.508617303427616 26.052872200373304 73.958731935009368 5.019130639256665 73.80331633181224 73.73940225630254 4.0636066783038824 73.886366288444705 18.498151194926887 3.8449982720071083 7.8264099183704898 5.019130639256665 18.581900107688799 18.535016790210147 18.494225675594834 6.8930620131937035 73.828247422589854 4.5000000000000009
decision_type=2 2 2 2 2 2 2 2 2 2 2 2 2 2 2 2 2 2 2 2 2 2 2 2 2 2 2 2 2 2
left_child=1 2 4 5 7 26 24 -1 -7 -10 13 12 16 14 21 -14 17 -12 -18 -20 -11 -9 -5 -21 -6 -24 28 -26 -4 -30
right_child=-2 -3 3 22 6 8 -8 10 9 20 11 -13 15 -15 -16 -17 18 -19 19 23 -22 -23 25 -25 27 -27 -28 -29 29 -31
leaf_value=0.038678953092573048 -0.050158651576949764 0.053889217872498424 -0.050629003917842225 -0.057805668317501904 0.055575917800771105 0.038590077870737809 0.012554871190778008 -0.069681215794668225 -0.031433902364655118 -0.00025922020133859565 0.028342419215427198 -0.024570041489437904 0.060305561249837152 0.010693322645663786 0.021091923496176779 0.014081689406631792 0.045348955091276261 -0.042531518124742596 0.040218768600502032 -0.056539677516897147 0.032633673716520754 -0.054332204513478657 -0.050201298395958729 -0.052259187048941703 0.052400953418722224 -0.053067162177967357 -0.051643865776549683 0.052842726919921014 -0.050358441763042196 -0.050232344941933849
leaf_weight=2.1725316159427193 8.8972556244116259 1.6359381228685368 0.25240316963754406 0.76728416350670137 1.0658686682581895 1.7925212346017358 2.8850990235805511 1.2808004990220125 1.870012432336807 1.5760229537263515 1.4743074993602916 2.9753236761316648 2.3615017980337134 3.7765252394601703 1.991991691291332 2.0151236420497298 2.5379972718656063 1.966347580309957 2.286588685587049 0.81508077681064584 1.2254378059878943 1.3648394849151371 0.27455028798431158 0.71194749558344483 1.0009198188781741 0.58611852023750544 0.37467249413020909 1.2443428970873354 0.14233249053359032 0.17649292713031173
leaf_count=19 2842 29 32 30 17 15 15 8 24 28 23 28 20 31 11 23 23 24 20 12 20 37 73 32 23 21 32 25 23 40
internal_value=-0.000920519 0.00890179 0.00718885 -0.00967352 0.0116808 0.000244537 0.0344826 0.00658595 0.00773109 -0.00411001 0.00385796 0.0104762 0.0178356 -0.0096271 -0.0261745 0.0390228 0.00836607 -0.0121623 0.0194862 0.00227437 0.0141291 -0.0617629 -0.0548172 -0.054544 0.053589 -0.052153 -0.0509163 0.0526458 -0.050439 -0.0502886
internal_weight=53.4982 44.6009 42.965 9.03785 33.9271 7.4099 6.19623 27.7309 6.46399 4.67147 25.5584 17.1442 14.1689 8.41416 4.63763 4.37663 9.79227 3.44066 6.35161 3.81362 2.80146 2.64564 1.62795 1.52703 3.31113 0.860669 0.945901 2.24526 0.571229 0.318825
internal_count=3600 758 729 338 391 214 80 311 87 72 292 205 177 87 56 43 134 47 87 64 48 45 124 44 65 94 127 48 95 63
is_linear=0
shrinkage=0.05


Tree=62
num_leaves=31
num_cat=0
split_feature=6 5 4 0 6 1 7 0 1 6 1 0 1 6 7 7 6 0 6 0 6 6 1 6 7 2 6 1 0 6
split_gain=9.81373 1.13181 1.23274 2.72311 1.61216 1.35012 1.60405 1.4697 1.15961 1.2115 1.14177 1.01944 1.37358 0.987827 1.80966 0.902469 0.844104 0.773102 0.719662 0.434229 0.453261 0.423347 0.382826 0.32621 0.070493 0.0521022 0.000378251 3.7072e-05 3.06423e-05 2.12768e-05
threshold=9.1260030626041058 73.973558453011108 18.447253701234249 18.458425916563133 6.0215309568934048 73.893888549036149 18.479841001819707 18.502249002665661 73.763524679419433 8.061996702241002 73.744984705305555 18.508617303427616 73.768933835735922 3.0350754803297613 9.9471779036745946 8.0169663729214822 4.0636066783038824 18.515626090717628 5.1901810810604898 18.697317655401879 11.065243389127641 3.3036893944104277 73.981971924184208 4.0636066783038824 16.290148538090062 18.581900107688799 5.019130639256665 73.879182465600877 18.498119570797176 9.9003168582094947
decision_type=2 2 2 2 2 2 2 2 2 2 2 2 2 2 2 2 2 2 2 2 2 2 2 2 2 2 2 2 2 2
left_child=1 2 3 21 11 7 -7 15 -9 -10 -3 12 -4 -5 -15 -6 -14 23 25 29 -21 -1 -19 -16 -17 -13 -23 -27 -25 -2
right_child=19 10 4 13 5 6 -8 8 9 -11 -12 18 16 14 17 24 -18 22 -20 20 -22 26 -24 28 -26 27 -28 -29 -30 -31
leaf_value=-0.11935653806864695 -0.050496379372553996 0.018586234456717358 -0.0049431973305164145 0.023607531415789997 0.025488258979154091 -0.065696306567977314 0.016444218661920387 -0.014837844839137838 0.053816670158382811 0.010110026850445111 -0.037762923957668268 0.064241988675498615 0.051856600991807937 -0.066190916873307554 -0.0011093669712575816 -0.081344510545875243 0.015403218166286351 0.0032092875970509264 0.018551541374880031 0.052999537798254927 -0.050214426257689015 -0.053360568524902119 0.034998030198541197 -0.051639079637946783 -0.053020481364460283 0.052115636894409428 -0.050589266372646102 0.052553866946838147 -0.052300018380146356 -0.050149988338586617
leaf_weight=0.44214025139808555 0.46831275639123937 1.4330709320493036 3.8240030985325593 4.3193717077374441 0.40384808974340447 1.3586495916824781 1.0565456047188488 1.859248791821299 2.9127912069670856 3.4795093112625182 2.4120332708116621 1.7527491189539426 3.0661582760512829 1.0848340110387651 0.57211940735578515 0.36218951968476176 3.2941618710756302 2.433331257430837 1.6835823487490413 0.21340142562985498 0.21207492449320853 0.24348833132535219 1.5506310807541011 0.36956440866924822 0.55827213544398546 0.89447227865457524 0.24908192013390362 1.0480414070188997 0.33371661766432226 8.3052624207921308
leaf_count=2 82 18 34 25 18 28 31 38 29 28 39 17 33 31 4 9 39 38 26 4 60 5 13 20 33 23 36 23 20 2794
internal_value=-0.000903913 0.00912411 0.0116663 -0.00200858 0.0174224 0.00364393 -0.0297633 0.0120698 0.0199172 0.0300259 -0.0167616 0.0280384 0.0187385 0.00516429 -0.00739257 -0.0368257 0.0329765 0.0047356 0.0456469 -0.0477762 0.00155345 -0.0838397 0.015582 -0.0291454 -0.0641656 0.0579917 -0.0519592 0.0523521 -0.0519527 -0.0501685
internal_weight=52.1967 42.9976 39.1525 11.5983 27.5542 11.9911 2.4152 9.57586 8.25155 6.3923 3.8451 15.5632 10.1843 10.6636 6.3442 1.32431 6.36032 5.25936 5.37885 9.19905 0.425476 0.934711 3.98396 1.2754 0.920462 3.69526 0.49257 1.94251 0.703281 8.77358
internal_count=3600 660 603 194 409 214 59 155 95 57 57 195 106 151 126 60 72 95 89 2940 64 43 51 44 42 63 41 46 40 2876
is_linear=0
shrinkage=0.05


Tree=63
num_leaves=31
num_cat=0
split_feature=6 3 1 6 6 1 5 1 7 7 1 6 8 8 1 6 0 6 7 0 6 0 6 0 1 5 0 0 6 6
split_gain=9.28355 1.11284 1.72895 1.07277 1.00108 1.74687 1.23064 1.51239 1.29918 1.43272 3.53226 1.62873 1.05648 0.912392 0.661027 0.631886 0.62399 1.41715 0.593858 1.11949 0.526646 0.413459 0.43043 0.255296 0.035292 0.0235505 0.00501274 0.00221687 0.00029165 4.12303e-05
threshold=9.1260030626041058 73.747057326965916 73.771701713731701 3.8449982720071083 4.3858722353422595 73.955017102037246 73.846549693948546 73.98852896864436 21.548407070258197 18.260341820951961 73.893888549036149 7.7057171503213295 6.5000000000000009 5.5000000000000009 73.850473518602158 3.8449982720071083 18.49458570297276 5.3763403707074664 23.47132663678633 18.629534491192913 4.6107031191855068 18.697317655401879 11.065243389127641 18.520168003625823 73.918520095259879 73.973558453011108 18.53849536143381 18.525951680078702 4.7799243670370677 6.1978922637714797
decision_type=2 2 2 2 2 2 2 2 2 2 2 2 2 2 2 2 2 2 2 2 2 2 2 2 2 2 2 2 2 2
left_child=1 18 3 -3 5 15 8 27 9 10 11 23 -7 -10 -13 24 25 -18 19 -1 -20 -2 -23 -6 -4 -5 -19 28 -8 -30
right_child=21 2 4 16 6 12 7 -9 13 -11 -12 14 -14 -15 -16 -17 17 26 20 -21 -22 22 -24 -25 -26 -27 -28 -29 29 -31
leaf_value=-0.0039421583282730158 -0.050160247547282558 0.00065768538305340863 0.04937519512847767 -0.054372230852604037 0.031766913138506929 -0.014431225301979593 -0.052807260392038924 0.068800402168103958 0.006048506697381187 0.054941610424396138 -0.055052475207027711 -0.023700305740972663 0.026035637439063453 -0.057032874331982203 0.018727341549657158 0.019094535182391497 0.032113398946665955 -0.052017130200453982 0.064342043243803576 0.055932994988211783 0.023629938049549732 0.052844717631488729 -0.050203952030266223 0.05786794976869615 0.059226973994815579 -0.066799205298556749 -0.058903551260904588 -0.054886038016950738 -0.051148122055397899 -0.050387830641546207
leaf_weight=2.6578670560847963 8.34701770264655 4.5510275252163401 1.684572022408249 0.83605283917859219 1.7713258853182181 3.4752127230167389 0.21925766952335723 0.30192250665277232 1.1234982348978513 1.8832162795588363 1.8337168213911352 1.7312099644914272 3.0097183734178543 1.1703263628296552 1.9544720593839882 1.8908934351056812 0.82476459443569172 0.60684790764935292 1.5139464512467387 1.1053281575441358 1.6712164473719893 0.20357340574264604 0.20177294290624559 1.9886126182973383 1.9746133312582967 0.70084304758347571 0.46809420455247164 0.7266137320548296 0.32060833973810077 0.4017883746419102
leaf_count=35 2876 27 28 32 22 24 5 4 21 20 37 21 20 31 21 26 5 35 14 22 29 4 60 26 20 11 8 16 22 78
internal_value=-0.000882767 0.00879548 0.00520912 -0.0152653 0.0111644 0.0219726 0.00273245 -0.0341747 0.00813615 0.0151788 0.0071091 0.0224183 0.00434983 -0.0261361 -0.00120144 0.0425638 -0.0363518 -0.0171884 0.0270924 0.0136444 0.0429809 -0.0477654 0.00154924 0.0455716 0.0546915 -0.0600391 -0.0550159 -0.0528111 -0.05121 -0.0507253
internal_weight=51.1499 42.3976 35.4492 7.98763 27.4616 12.035 15.4266 1.97019 13.4564 11.1626 9.27934 7.44562 6.48493 2.29382 3.68568 5.55008 3.4366 1.89971 6.94836 3.7632 3.18516 8.75236 0.405346 3.75994 3.65919 1.5369 1.07494 1.66827 0.941654 0.722397
internal_count=3600 660 560 118 442 118 324 125 199 147 127 90 44 52 42 74 91 48 100 57 43 2940 64 48 48 43 43 121 105 100
is_linear=0
shrinkage=0.05


Tree=64
num_leaves=31
num_cat=0
split_feature=6 0 6 5 0 7 0 7 1 6 1 5 1 6 6 7 6 5 7 7 0 7 0 6 0 3 7 0 6 6
split_gain=8.78758 1.06555 0.96172 0.965665 1.58304 0.928274 1.21258 1.32732 2.24933 1.98664 1.79915 1.58952 1.5373 1.48999 1.2606 1.14408 0.888585 0.864031 0.844072 0.645069 1.70501 0.453033 0.393664 0.408785 0.292768 0.262431 0.120325 0.0804512 0.00142027 9.9312e-05
threshold=9.1260030626041058 18.670571359911985 1.8333063912795591 73.973558453011108 18.483020437220819 24.494385280016832 18.521367085018159 17.693024436103055 73.968010627583894 2.1216903326982175 73.755846897900128 73.846549693948546 73.969904173514962 3.6478927920151816 6.2770418785418016 17.199366996803416 5.7664173076843026 73.846549693948546 20.877728819494859 10.07849719107883 18.549101628347756 26.853768386782175 18.697317655401879 11.065243389127641 18.489883084151625 73.956752456316295 11.654586410301258 18.516475119798915 4.2089742726263095 5.1901810810604898
decision_type=2 2 2 2 2 2 2 2 2 2 2 2 2 2 2 2 2 2 2 2 2 2 2 2 2 2 2 2 2 2
left_child=1 2 -1 5 -5 6 7 9 13 -4 -11 16 27 -9 18 19 -12 21 25 -16 -21 -7 -2 -24 -15 -8 -18 28 -13 -30
right_child=22 -3 3 4 -6 17 14 8 -10 10 11 12 -14 24 15 -17 26 -19 -20 20 -22 -23 23 -25 -26 -27 -28 -29 29 -31
leaf_value=0.03871919376724877 -0.050152435055629122 0.053635232961633451 0.07711261939316981 -0.067307829924829116 0.0037015215202125585 -0.018467382642062415 0.05698729140485246 0.019573751011652301 -0.080053663017090923 -0.06120878022310107 0.042189554608404629 -0.055191995762312145 0.016106586388722342 -0.055403974481881425 0.0088037290278985113 0.02920982525896847 0.011732756130628935 0.047997852512318549 -0.0014713839512114884 0.01365332353916722 -0.054783089594108159 0.02689060429546359 0.05269830322379071 -0.050193984190878539 -0.012659707705676161 0.031299215298492521 -0.015042219749197967 -0.078291480220665219 -0.051919142021622781 -0.050371969843236247
leaf_weight=2.2684412561357012 7.9411347657442075 1.2682270593941201 0.88546697795391338 1.1677531462628388 2.3938108074944466 1.0499039199203246 2.1921916864812365 2.3491894565522662 1.3937194589525459 1.1002733495552073 2.848706005141139 0.32041264511644862 1.2011621687561271 1.1862037540413437 3.229381147772072 3.0776693779043853 0.74138598400168099 2.5619189515709877 1.2673868760466573 1.752670420566574 1.8931682147085664 1.1573499937076119 0.19416942819952954 0.19196950737386942 0.60487005696631957 1.8194150887429712 0.96675687492825091 0.49680401314981282 0.15408171620219946 0.31733586988411844
leaf_count=24 2876 25 6 22 34 14 37 17 11 30 34 6 16 35 29 26 24 33 12 22 21 26 4 60 27 24 27 7 6 65
internal_value=-0.000864346 0.00850723 0.00709049 0.00520878 -0.0195808 0.00776291 0.00448497 -0.00582913 -0.0251117 0.00598497 -0.00174571 0.00753894 -0.0245874 -0.00661683 0.0143484 0.00387274 0.0250923 0.0282438 0.034099 -0.00746932 -0.0218835 0.00531559 -0.0477552 0.00154526 -0.0409687 0.0453368 -0.00342107 -0.0625192 -0.0526234 -0.0508777
internal_weight=49.9929 41.6657 40.3974 38.129 3.56156 34.5674 29.7983 14.5664 5.53398 9.03239 8.14692 7.04665 2.4898 4.14026 15.2319 9.95289 4.55685 4.76917 5.27899 6.87522 3.64584 2.20725 8.32727 0.386139 1.79107 4.01161 1.70814 1.28863 0.79183 0.471418
internal_count=3600 660 635 611 56 555 482 311 90 221 215 185 100 79 171 98 85 73 73 72 43 40 2940 64 62 61 51 84 77 71
is_linear=0
shrinkage=0.05


Tree=65
num_leaves=31
num_cat=0
split_feature=6 0 6 1 0 7 1 0 6 7 6 7 7 1 5 7 1 1 0 0 0 6 4 6 0 2 5 0 2 3
split_gain=8.32 1.19856 1.08482 1.42251 1.42174 1.04385 2.11454 0.998376 0.839746 0.840813 0.83586 0.808268 1.22052 1.99955 2.6627 1.77338 2.68121 2.24036 0.944103 1.51051 0.904803 0.760092 0.367292 0.00355445 0.000469715 0.000138691 5.19123e-06 2.2418e-07 3.7071e-07 1.26677e-07
threshold=10.034239841943679 18.670571359911985 6.9412750327836124 73.891273865394751 18.554491800479109 18.479841001819707 73.897298947331777 18.530043969435656 7.9441325198846906 9.1283117612580451 1.8333063912795591 5.1911615697936559 17.693024436103055 73.969904173514962 73.846549693948546 24.494385280016832 73.968010627583894 73.891843672464759 18.441112884714837 18.484819498172033 18.483020437220819 5.7664173076843026 18.556650015897734 7.8264099183704898 18.535016790210147 18.494225675594834 73.846549693948546 18.697317655401879 18.498151194926887 73.92818075202608
decision_type=2 2 2 2 2 2 2 2 2 2 2 2 2 2 2 2 2 2 2 2 2 2 2 2 2 2 2 2 2 2
left_child=1 2 4 7 10 6 -6 25 -9 -10 -1 -12 13 14 21 16 17 -14 -17 -20 -16 -13 -11 -5 29 26 -4 -2 -29 -25
right_child=27 -3 3 23 5 -7 -8 8 9 22 11 12 15 -15 20 18 -18 -19 19 -21 -22 -23 -24 24 -26 -27 -28 28 -30 -31
leaf_value=0.036670134702303028 -0.050128405582383184 0.053332635141975761 -0.050546826928274384 -0.056974448822814633 0.056051957346019067 0.06146515831762004 -0.033835954435324327 0.037132008866054798 -0.030816038975784856 -0.0028900302941337747 -0.036129959828706197 0.043298154900370006 -0.036474520714861187 0.065533608033552612 -0.0018425405734879292 0.040482670769856767 -0.074536829618449818 0.026814988391400486 -0.030785648425934117 0.027318854290904627 -0.063602368816675456 0.003512829674314941 0.033846178280264191 -0.050225536830772868 -0.052872643817021649 -0.051691439192546845 -0.050223049784782717 -0.050127952839611661 -0.050274231156991304 -0.050148225973509167
leaf_weight=2.0524405613541665 7.1056429666932663 1.3956049978733052 0.27498484728857686 0.70605638623237588 1.4150558300316327 2.1478067953139544 1.2169189490377901 1.6564624011516569 1.8188178422860799 1.5806483947671952 1.2250290317460919 3.1879917588084954 2.7105156481266004 1.8860762212425468 1.0853427769616248 2.3256391854956746 1.7626096652820704 2.8882481511682272 2.0267262579873204 2.4960487633943558 1.3074160483665762 1.9256209852173922 1.194633168634027 0.081649921601638198 0.52745968662202358 0.3567737287376076 0.22517271083779633 0.11202699411660422 0.070613662712275982 0.1509287147782743
leaf_count=20 2782 29 39 30 30 31 13 15 24 23 23 39 37 13 19 25 14 31 16 26 28 26 25 20 21 32 56 44 16 53
internal_value=-0.000848129 0.00778003 0.0061999 -0.00957721 0.0104724 0.0355992 0.0144914 -0.000327254 0.00661135 -0.00439327 0.00600438 0.00346927 0.0055246 0.0195099 0.00794578 -0.00371945 -0.0207564 -0.0038252 0.0145936 0.00128132 -0.0355884 0.0283163 0.0129232 -0.0544201 -0.0520473 -0.0509383 -0.0504011 -0.0501298 -0.0501845 -0.0501754
internal_weight=48.917 41.6287 40.2331 8.57359 31.6595 4.77978 2.63197 7.10749 6.25056 4.5941 26.8797 24.8273 23.6022 9.39245 7.50637 14.2098 7.36137 5.59876 6.84841 4.52278 2.39276 5.11361 2.77528 1.46609 0.760038 0.856931 0.500158 7.28828 0.182641 0.232579
internal_count=3600 758 729 338 391 74 43 214 87 72 317 297 274 125 112 149 82 68 67 42 47 65 48 124 94 127 95 2842 60 73
is_linear=0
shrinkage=0.05


Tree=66
num_leaves=31
num_cat=0
split_feature=6 0 6 0 6 4 4 6 1 7 1 0 7 0 4 1 7 0 6 2 0 6 9 7 6 6 0 6 0 6
split_gain=7.89497 0.976485 0.873261 1.11022 1.46242 1.1052 1.04589 0.987067 1.29123 1.9439 1.10486 0.81879 0.728083 0.66081 0.650462 0.898242 0.52931 0.547959 0.464645 0.426976 0.356501 0.368655 0.325433 0.0732483 0.000638693 0.000274292 0.000223891 7.55744e-05 4.20054e-05 1.47606e-05
threshold=9.1260030626041058 18.670571359911985 2.6699638003383241 18.521367085018159 6.2770418785418016 18.447253701234249 18.425073633879659 6.0215309568934048 73.80331633181224 25.867348462876414 73.886366288444705 18.468827789689339 22.174420970848029 18.599406543986039 18.603004466192118 73.831130754201979 8.0169663729214822 18.502249002665661 3.8449982720071083 18.498151194926887 18.697317655401879 11.065243389127641 -1.0000000180025095e-35 15.614775170219838 6.4998050756016044 5.8601300934005858 18.48937107171098 6.9412750327836124 18.51470674879889 9.7145894083739499
decision_type=2 2 2 2 2 2 2 2 2 2 2 2 2 2 2 2 2 2 2 2 2 2 2 2 2 2 2 2 2 2
left_child=1 2 6 5 12 18 -1 8 9 -7 -10 -8 22 14 15 -6 -9 23 -4 -17 29 -22 -5 -18 -25 26 -20 -26 -27 -2
right_child=20 -3 3 4 13 7 11 16 10 -11 -12 -13 -14 -15 -16 19 17 -19 25 -21 21 -23 -24 24 27 28 -28 -29 -30 -31
leaf_value=-0.0033100554380772989 -0.050463343338763157 0.053276572560634311 -0.016154349736250798 0.028362240775923447 -0.034614582243884459 -0.044968475936411671 0.014410381695677474 0.022079085478923208 0.05399957178792042 0.018531127715289367 0.0048652984438607967 0.054734355736766042 0.0062180945400923419 -0.021003786341940219 0.032403397980261268 0.026093808085817061 -0.0791857688311213 -0.0011681479731841852 -0.051462038704538651 -0.0059836181914503022 0.052426869129448821 -0.050175487014651632 0.057963269883036739 -0.053772823344451319 -0.051815172020832828 -0.050379535649051878 -0.052934713258290959 -0.050471572691548332 -0.051472402159362163 -0.050124220505060296
leaf_weight=2.7254722863435736 0.33660380681976576 1.1551970578730095 2.4350437968969376 1.6254222691059115 1.4318135604262332 2.1781653487123531 2.4491333216428757 0.40823326027020757 2.0864082053303719 2.6982343234121799 2.5334087098017335 2.590362049639225 1.7417502515017984 2.5472923889756203 2.0617560222744942 2.2464417645242065 0.364384935935959 0.57811459805816401 0.53507566708140053 1.9275103984400628 0.17644844204187382 0.17376362020149827 2.1656017210334531 0.37841521529480815 0.1681732723955065 0.31826048344373692 0.49855580646544695 0.27711420878767967 0.12148785986937582 6.8644625514280051
leaf_count=15 69 25 16 23 30 29 22 19 22 24 31 31 23 24 16 30 12 31 28 16 4 60 31 13 12 64 15 49 9 2807
internal_value=-0.000830978 0.00797108 0.00663226 0.00291166 0.0122739 -0.00655186 0.0216425 0.00115492 0.00811307 -0.00983255 0.0270554 0.0351374 0.0329774 0.00106005 0.00839007 -0.000441848 -0.0292328 -0.0410928 -0.0295645 0.0112806 -0.0477442 0.00151898 0.0452717 -0.0605198 -0.0522625 -0.0517274 -0.0521724 -0.050979 -0.0506815 -0.0501401
internal_weight=47.7981 40.2468 39.0916 31.3267 15.7476 15.5791 7.76497 11.6707 9.49622 4.8764 4.61982 5.0395 5.53277 10.2148 7.66752 5.60577 2.17444 1.7662 3.90842 4.17395 7.55128 0.350212 3.79102 1.18809 0.823703 1.47338 1.03363 0.445287 0.439748 7.20107
internal_count=3600 660 635 567 193 374 68 242 106 53 53 53 77 116 92 76 136 117 132 46 2940 64 54 86 74 116 43 61 73 2876
is_linear=0
shrinkage=0.05


Tree=67
num_leaves=31
num_cat=0
split_feature=6 0 6 6 7 5 1 7 7 8 1 5 1 1 6 4 3 7 3 0 0 8 0 7 0 6 0 0 7 7
split_gain=7.47206 0.938595 1.19582 0.871425 0.767105 0.836723 1.3419 0.715512 0.873162 1.71583 1.56478 2.0592 1.5374 1.67014 1.44626 1.07153 0.950802 1.81384 0.480262 0.477847 0.460787 0.818145 0.539509 0.450511 0.339385 0.3502 0.176876 0.160619 0.0392029 0.00084894
threshold=9.1260030626041058 18.56371443224954 6.2770418785418016 1.8333063912795591 5.1911615697936559 73.973558453011108 73.744984705305555 26.402660410987529 21.016347628510754 6.5000000000000009 73.975927191726896 73.952138398423614 73.968010627583894 73.749892974413953 4.2089742726263095 18.525441758885552 73.92818075202608 18.260341820951961 73.822498761332653 18.466422400556457 18.542157124668254 3.5000000000000004 18.520168003625823 8.4536343495572428 18.697317655401879 11.065243389127641 18.517253817963418 18.481069748663728 16.637565322426358 15.204682102105094
decision_type=2 2 2 2 2 2 2 2 2 2 2 2 2 2 2 2 2 2 2 2 2 2 2 2 2 2 2 2 2 2
left_child=1 3 -3 -1 19 7 -7 8 10 15 11 12 13 23 -15 -10 20 28 -4 -5 21 -16 27 -6 -2 -26 -13 -23 29 -18
right_child=24 2 18 4 5 6 -8 -9 9 -11 -12 26 -14 14 16 -17 17 -19 -20 -21 -22 22 -24 -25 25 -27 -28 -29 -30 -31
leaf_value=0.035721209623387727 -0.050133236190904297 0.052042991819177799 0.028542066646601163 -0.0039617739717180897 0.002494004549800889 0.018880450851349331 -0.044539013453144018 0.03450563560323764 0.045095871796987534 -0.042193926523735596 0.056450001125843058 -0.02961631009561215 -0.041937590739770089 0.05013625659371386 0.0027339946815006263 -0.0093624887400703145 -0.051643667780823112 0.038463953432168269 -0.0041509589219904343 -0.065250372399930437 -0.0035700602704840699 0.0072866368549842553 0.070229054332687654 -0.059081281956912271 0.052302923813467898 -0.050166915910578994 -0.062793105610705516 0.040934952895488708 -0.072476769892600254 -0.055247268290936825
leaf_weight=2.0392058547586194 6.8507768251001826 2.4912328571081153 1.8914441689848898 0.60827363259159273 0.46265605976806046 1.3826258915942156 2.1024200650863349 2.1265026959590605 1.3882836052216583 2.664831513306126 1.6530798533931363 0.72632578993216224 1.2237959171179689 3.4119601882994157 1.7922599806915966 2.5854510474018753 0.3594903645571319 0.78243394568562497 2.7661519628018141 0.66651191608980298 1.4464023411273954 0.66231953748501859 1.2579041942954061 0.82988797943107784 0.16823064908385266 0.16531659686006606 0.89895505364984274 0.76349269459024072 0.44598122732713819 0.29967572609893978
leaf_count=22 2876 69 18 37 9 18 38 39 13 35 17 26 11 33 27 39 33 7 31 8 13 23 10 33 4 60 15 19 5 12
internal_value=-0.00081041 0.00767506 0.0240815 0.00407517 0.00196221 0.00361602 -0.0193785 0.00672431 0.00422688 -0.011153 0.0102269 0.00525344 0.0115496 0.0167801 0.0229792 0.00966335 0.011115 -0.0197869 0.00912564 -0.0360061 0.0209641 0.0288923 0.0463615 -0.0370409 -0.0477353 0.00151562 -0.0479666 0.0253046 -0.061028 -0.053282
internal_weight=46.9139 39.7296 7.14883 32.5807 30.5415 29.2667 3.48505 25.7817 23.6552 6.63857 17.0166 15.3635 13.7383 12.5145 11.2219 3.97373 7.80996 1.88758 4.6576 1.27479 5.92238 4.47598 2.68372 1.29254 7.18432 0.333547 1.62528 1.42581 1.10515 0.659166
internal_count=3600 660 118 542 520 475 56 419 380 87 293 276 235 224 182 52 149 57 49 45 92 79 52 42 2940 64 41 42 50 45
is_linear=0
shrinkage=0.05


Tree=68
num_leaves=31
num_cat=0
split_feature=6 3 1 0 6 0 7 6 1 6 1 0 1 6 2 0 7 7 8 0 1 7 0 1 0 6 6 6 6 6
split_gain=7.07548 0.88355 1.40947 0.987367 1.9032 1.42315 1.41255 0.918604 1.28401 1.38534 2.03671 1.38117 1.25111 1.44703 1.32789 1.29276 1.12503 0.890128 0.70875 0.512636 1.60148 1.27309 0.351252 0.36003 0.323078 0.332692 0.0502564 0.00626606 0.000142223 2.02609e-05
threshold=9.1260030626041058 73.747057326965916 73.771701713731701 18.460072736752586 2.3971455884925401 18.483020437220819 26.402660410987529 8.6396621936474549 73.886366288444705 3.8449982720071083 73.955017102037246 18.524168457542348 73.842729083290408 7.8264099183704898 18.494225675594834 18.434933989761774 18.260341820951961 9.0006530003552179 3.5000000000000004 18.567688799248426 73.732013142430048 7.6434994584099689 18.424512147100764 73.902196148128596 18.697317655401879 11.065243389127641 6.7877291330552376 4.3858722353422595 6.0215309568934048 6.2770418785418016
decision_type=2 2 2 2 2 2 2 2 2 2 2 2 2 2 2 2 2 2 2 2 2 2 2 2 2 2 2 2 2 2
left_child=1 19 3 -3 -5 -6 17 8 12 10 -10 22 13 14 15 -4 -13 -7 -9 20 -1 -21 -11 -24 -2 -26 -14 -25 -29 -30
right_child=24 2 7 4 5 6 -8 18 9 11 -12 16 26 -15 -16 -17 -18 -19 -20 21 -22 -23 23 27 25 -27 -28 28 29 -31
leaf_value=0.049952921513758825 -0.050126743895754867 -0.046045411671788508 0.040891120588339498 0.05318977906162739 -0.065230418643283272 0.0079907836017288156 0.046015504224614423 -0.065507767834643474 0.056927942317183039 -0.0019876401411209501 0.001205586763104941 -0.016970372653348734 0.050452858876560994 -0.027476960864145319 0.059394057650624978 -0.038047994025575099 0.029302833775447481 -0.056282518805342213 0.0067068402050193907 0.0039128504421118582 -0.015045242538458434 0.074911906480201546 -0.0073380192174629447 -0.057154480171217485 0.052185576465455297 -0.050158761516912578 0.064618786096148004 -0.051977929923049199 -0.051131807595608141 -0.050323392407387403
leaf_weight=1.6639454513788217 6.5174834989011279 1.9066980471834529 1.0617366055958029 1.1419577598571775 1.2175765943247823 1.0546698609832681 1.0441726422868667 0.69568428280763217 2.4346894994378081 0.5876988703384981 5.023259874433279 2.7250761860050261 1.2419171892106535 1.471765622962266 2.0035256035625935 1.013950783992186 2.5359192010946572 1.1010508390609173 0.66412115842103958 1.1813730020076039 2.2015050249174237 1.3562058508396146 0.5075572184287015 1.0516418348997829 0.16037670150399197 0.15727892611175776 1.2626394624821839 0.62972540431655932 0.1376623953692615 0.1773609989322722
leaf_count=22 2876 29 21 7 21 12 11 13 32 24 34 29 25 29 25 25 28 38 31 26 32 20 19 15 4 60 16 26 10 40
internal_value=-0.000793034 0.00741258 0.00408602 -0.0149973 -0.00434877 -0.019223 -0.00171698 0.0097341 0.0120116 0.00373339 0.0193965 -0.0102519 0.0282592 0.0150234 0.0303574 0.00233022 0.00533436 -0.0248373 -0.0302386 0.0243971 0.0129343 0.0418582 -0.0367748 -0.0449397 -0.0477269 0.00151244 0.0575944 -0.0544995 -0.051544 -0.0506767
internal_weight=45.9302 39.0951 32.6921 7.46613 5.55943 4.41747 3.19989 25.2259 23.8661 15.8106 7.45795 8.35264 8.05554 5.55098 4.07921 2.07569 5.261 2.15572 1.35981 6.40303 3.86545 2.53758 3.09165 2.50395 6.83514 0.317656 2.50456 1.99639 0.944749 0.315023
internal_count=3600 660 560 118 89 82 61 442 398 257 66 191 141 100 71 46 57 50 44 100 54 46 134 110 2940 64 41 91 76 50
is_linear=0
shrinkage=0.05


Tree=69
num_leaves=31
num_cat=0
split_feature=6 0 6 6 0 1 7 8 0 1 1 6 7 8 0 7 0 6 8 0 6 6 6 7 6 2 6 6 0 6
split_gain=6.70259 0.815268 1.16812 0.806403 1.5768 0.897801 1.31761 1.3839 0.877796 0.844837 0.964162 1.14733 0.975036 0.73676 0.884456 0.405124 0.671903 0.386576 0.383148 0.307543 0.316081 0.00529391 0.000861932 0.000363718 0.000101188 5.28326e-05 3.42719e-05 9.45207e-06 6.77677e-06 1.42541e-06
threshold=9.1260030626041058 18.56371443224954 6.2770418785418016 4.3858722353422595 18.438973453631764 73.744984705305555 17.693024436103055 5.5000000000000009 18.528845614882403 73.902050297856078 73.821754006160404 6.0215309568934048 26.402660410987529 3.5000000000000004 18.53835646015726 8.0169663729214822 18.502249002665661 8.1757936180850717 6.5000000000000009 18.697317655401879 11.065243389127641 5.019130639256665 5.1901810810604898 24.494385280016832 6.2770418785418016 18.614595319707451 6.2770418785418016 9.7145894083739499 18.54747755029091 7.3518938833785308
decision_type=2 2 2 2 2 2 2 2 2 2 2 2 2 2 2 2 2 2 2 2 2 2 2 2 2 2 2 2 2 2
left_child=1 3 25 4 -1 -6 18 -8 9 10 12 -12 21 -10 -15 -13 -17 -4 -7 27 -21 -5 -11 26 -24 -3 -23 28 -2 -28
right_child=19 2 17 8 5 6 7 -9 13 22 11 15 -14 14 -16 16 -18 -19 -20 20 -22 23 24 -25 -26 -27 29 -29 -30 -31
leaf_value=0.052721975220978136 -0.050182334971975523 0.05210827595169161 0.021319493635754153 -0.057088893866337004 0.036438025655939503 0.028728410918473935 -0.038366767298229493 0.0080289997705494439 -0.016973392896834187 -0.053595395370615286 0.043573668795765325 0.026621943789250643 0.0051925250270055722 0.045182755748257676 0.0028620799753733841 -0.064703827129291083 0.015429059921774863 -0.0078585078218707145 0.0032372266264192929 0.052074454165172868 -0.050151008516512087 -0.051139475144644765 -0.051498140399888426 -0.053104611667513783 -0.050304288094772255 0.051628661375684039 -0.050505460076936848 -0.050106879010917406 -0.050668370776010434 -0.050278159138919587
leaf_weight=2.0263001192361179 0.16078399121761222 1.1493248902261251 2.5218598674982786 0.79825452715158307 2.0310323052108279 3.3388820309191924 3.209856178611517 3.219214528799057 2.3018770655617118 0.60786073375493266 1.4202131908386948 0.36079875146970142 1.1850445668678729 1.8280430033337323 3.802659971639514 0.69069572770968057 0.42106565949507058 2.0644660471007228 2.6393622905015945 0.15287235751748074 0.14963089022785425 0.35097757936455309 0.51949295052327216 0.23880532523617148 0.26959503465332091 1.1474445853382347 0.14175252639688551 5.9101172615773976 0.12946611689403653 0.13433838624041528
leaf_count=24 57 31 26 14 18 30 25 23 26 16 16 17 27 21 39 37 15 23 20 4 60 23 29 9 63 38 18 2807 12 32
internal_value=-0.000774488 0.00717135 0.0227618 0.00376857 0.0114183 0.00562163 0.0005771 -0.0151351 -0.00458823 -0.017308 -0.00882403 0.0115097 -0.0294689 0.00685891 0.0166018 -0.0194144 -0.0343545 0.00818545 0.0174742 -0.0477188 0.00150942 -0.0541518 -0.0521803 -0.051444 -0.0510903 0.0518687 -0.0508116 -0.0501206 -0.0503991 -0.0503949
internal_weight=44.9221 38.4192 6.8831 31.5361 16.4646 14.4383 12.4073 6.42907 15.0715 7.13889 5.74195 2.89277 2.84917 7.93258 5.6307 1.47256 1.11176 4.58633 5.97824 6.50287 0.302503 1.66413 1.39695 0.865874 0.789088 2.29677 0.627068 6.20037 0.29025 0.276091
internal_count=3600 660 118 542 140 116 98 48 402 316 208 85 123 86 60 69 52 49 50 2940 64 96 108 82 92 69 73 2876 69 50
is_linear=0
shrinkage=0.05


Tree=70
num_leaves=31
num_cat=0
split_feature=6 0 6 1 0 1 6 6 1 1 7 3 1 0 3 6 1 6 6 0 7 0 7 4 7 6 2 7 0 6
split_gain=6.34831 1.0484 0.929183 1.28514 1.16063 0.926141 0.894217 0.797394 1.09165 1.11115 0.871501 1.18877 1.09035 0.820501 0.795364 1.04022 0.920267 1.53636 0.712049 0.682856 0.626106 0.301247 0.0792985 0.0065035 0.00650318 0.00301446 0.00273377 0.000809855 0.000400451 0.000377432
threshold=10.034239841943679 18.670571359911985 6.9412750327836124 73.891273865394751 18.544833662628516 73.74733426365728 6.2770418785418016 5.3763403707074664 73.806448839548281 73.853350056363254 24.494385280016832 73.774649923850944 73.954297135201529 18.475458527718366 73.725901982939106 8.7593409946772969 73.854559165435177 8.061996702241002 3.0350754803297613 18.548255692216493 10.693672769707238 18.50000636086618 15.377831020135798 18.603004466192118 7.1722197823670184 7.8264099183704898 18.581900107688799 4.0249184666304849 18.535016790210147 9.0137906069856637
decision_type=2 2 2 2 2 2 2 2 2 2 2 2 2 2 2 2 2 2 2 2 2 2 2 2 2 2 2 2 2 2
left_child=1 2 4 5 7 27 26 10 23 -10 11 -1 18 -12 -7 16 17 19 -13 -16 -14 -20 -11 -9 -17 -5 -6 -4 -27 -26
right_child=-2 -3 3 25 6 14 -8 8 9 22 13 12 20 -15 15 24 -18 -19 21 -21 -22 -23 -24 -25 29 28 -28 -29 -30 -31
leaf_value=-0.025045878623847891 -0.050101034300672587 0.052892437523755879 -0.054812131972266767 -0.056809935589941032 0.055362215511705053 0.042558075557035266 0.010948540702366758 -0.051690346550392986 0.028233521061178792 -0.052607213422879773 0.0074432499311651345 0.054327630551002905 0.010603713325112332 0.044992344467798769 -0.017665169840083282 -0.063050808309498094 0.03794645648693433 -0.063458213589352788 0.0026257980935779266 0.047103000114068788 -0.022816153787021065 0.029851406963320882 -0.024174001970387354 -0.059004469363793582 -0.054229338914905972 -0.050151995781293604 0.05182391587145585 -0.051535767171305841 -0.052839833735206301 -0.051678843722597061
leaf_weight=3.1726192245259979 5.679093438317067 1.1820607874542464 0.34909122064709475 0.66450997814536072 0.83591440692543928 1.1700134575366972 2.6462260782718658 0.59329395252279871 1.5700960177928212 0.53102171118371178 3.135370858013629 1.5210961103439311 2.8151164166629314 2.7143556289374828 0.74887746386230014 0.2130045830272137 1.5022371308878062 0.91069786879234005 2.3631554548628628 0.89130936563014984 2.7907956354320049 1.7823470700532196 0.45561552047729492 0.62312671868130565 0.26737555395811796 0.19259454391431063 1.5734527595341203 0.41027478745672852 0.49405070091597736 0.31706418609246612
leaf_count=35 2842 29 6 30 17 16 15 36 15 27 25 25 19 20 37 9 16 25 36 7 21 21 20 11 10 73 48 49 21 39
internal_value=-0.000756894 0.00653378 0.00506286 -0.00988152 0.00923523 -0.00100773 0.0310137 0.00466055 -0.0164465 0.00210414 0.0085847 0.00199117 0.00960068 0.0248666 0.00555526 -0.00337025 0.00690026 -0.0113831 0.0250676 0.0175311 -0.00603373 0.0143314 -0.0394771 -0.0554371 -0.0555716 -0.0544092 0.0530515 -0.053042 -0.0520859 -0.0528457
internal_weight=44.1159 38.4368 37.2547 8.1311 29.1236 6.77995 5.05559 24.068 3.77315 2.55673 20.2949 14.4451 11.2725 5.84973 6.02058 4.85057 4.05312 2.55088 5.6666 1.64019 5.60591 4.1455 0.986637 1.21642 0.797444 1.35116 2.40937 0.759366 0.686645 0.58444
internal_count=3600 758 729 338 391 214 80 311 109 62 202 157 122 45 159 143 85 69 82 44 40 57 47 47 58 124 65 55 94 49
is_linear=0
shrinkage=0.05


Tree=71
num_leaves=31
num_cat=0
split_feature=6 0 6 1 0 6 1 0 6 1 1 7 3 1 3 6 1 6 0 1 0 4 6 2 7 0 2 0 7 5
split_gain=6.01605 1.00243 0.854652 1.22291 1.08106 0.888035 0.875745 0.742726 0.733351 1.04054 1.02471 0.804186 0.907889 0.847768 0.913446 0.846995 1.34455 0.48835 0.747636 0.117604 0.0816674 0.00562412 0.00257904 0.00237716 0.000692978 0.000344569 0.000181559 9.65079e-05 2.93302e-05 3.30832e-06
threshold=10.034239841943679 18.670571359911985 6.9412750327836124 73.891273865394751 18.544833662628516 6.2770418785418016 73.74733426365728 18.533574095116844 5.3763403707074664 73.806448839548281 73.853350056363254 25.168328339853343 73.774649923850944 73.954297135201529 73.967926473069511 3.8449982720071083 73.886366288444705 8.061996702241002 18.542157124668254 73.867469794320684 18.51470674879889 18.603004466192118 7.8264099183704898 18.581900107688799 4.0249184666304849 18.535016790210147 18.494225675594834 18.537970678554903 6.8930620131937035 73.828247422589854
decision_type=2 2 2 2 2 2 2 2 2 2 2 2 2 2 2 2 2 2 2 2 2 2 2 2 2 2 2 2 2 2
left_child=1 2 4 6 8 23 24 19 11 21 -11 12 -1 15 -15 -14 -17 -9 -19 26 -12 -10 -5 -6 -4 -24 29 -26 -25 -8
right_child=-2 -3 3 22 5 -7 7 17 9 10 20 -13 13 14 -16 16 -18 18 -20 -21 -22 -23 25 28 27 -27 -28 -29 -30 -31
leaf_value=-0.01849852704908057 -0.050096099997035938 0.052747255798227158 -0.05456420417780003 -0.056455526960993423 0.055109090350961148 0.010410846357407608 -0.050539967356710958 0.033315427836600096 -0.051607298805699232 0.027005828117850208 -0.051285555173964631 0.02639236644971156 0.042792055112914729 -0.025103591261836217 0.014818476125528819 0.037533560694805942 -0.028274165190094232 0.028719308847446546 -0.01894618211647232 -0.0029677237092370539 -0.021724697833694129 -0.058566028524061536 -0.050144570147698679 0.051474354827054584 -0.050607086703961496 -0.052699881041252498 -0.052146769486122097 -0.052184035396355466 0.051921833310121679 -0.050225801818957284
leaf_weight=3.7993922326713898 5.4026395513210437 1.1274276599287976 0.33353652176447113 0.63596910750493385 0.79870638065040056 2.6438154950737953 0.17211091483477492 1.781870689243078 0.56524392985738747 1.5596718592569234 0.55016847373917688 4.6762793771922579 2.8141529820859414 2.7147434670478106 3.0343793518841267 1.5661060921847823 1.5388593818061052 1.4131540763191881 1.968785975826904 0.16078442486468703 0.40610974235460162 0.59706160007044673 0.18322804349008948 0.63588173873722531 0.17907804099377245 0.47117209830321372 0.26032939192373306 0.21173678012564778 0.86342360451817513 0.16330955736339092
leaf_count=39 2842 29 6 30 17 15 25 16 36 15 39 37 36 21 20 19 30 14 29 14 8 11 73 23 38 21 17 11 25 44
internal_value=-0.000740952 0.00630829 0.00488164 -0.00964571 0.00888928 0.0301715 -0.000995797 0.00535345 0.00447435 -0.0160555 0.00201988 0.00822308 0.00273001 0.00964242 -0.00403278 0.0229249 0.00491844 0.0121321 0.00097099 -0.0409146 -0.0387317 -0.0551819 -0.054188 0.0529058 -0.0528902 -0.0519844 -0.051156 -0.0514615 0.051732 -0.050387
internal_weight=43.2291 37.8265 36.6991 7.93507 28.764 4.94183 6.6447 5.92035 23.8222 3.67826 2.51595 20.1439 15.4676 11.6682 5.74912 5.91912 3.10497 5.16381 3.38194 0.756534 0.956278 1.16231 1.29037 2.29801 0.724351 0.6544 0.59575 0.390815 1.49931 0.33542
internal_count=3600 758 729 338 391 80 214 159 311 109 62 202 165 126 41 85 49 59 43 100 47 47 124 65 55 94 86 49 48 69
is_linear=0
shrinkage=0.05


Tree=72
num_leaves=31
num_cat=0
split_feature=6 3 1 6 6 1 6 1 0 1 6 2 0 7 8 0 6 7 0 6 0 1 0 6 0 3 6 0 6 6
split_gain=5.70634 0.826303 1.29321 0.857821 0.820886 1.11694 1.13355 1.83787 1.19939 1.09481 1.22167 1.21673 1.11214 1.0602 0.643707 0.486455 1.03838 0.469778 1.4011 0.505686 0.338574 0.342052 0.264576 0.270928 0.188994 0.0155562 0.00520815 0.0024464 9.56446e-05 1.19492e-05
threshold=9.1260030626041058 73.747057326965916 73.771701713731701 3.8449982720071083 8.6396621936474549 73.886366288444705 3.8449982720071083 73.955017102037246 18.524168457542348 73.842729083290408 7.8264099183704898 18.494225675594834 18.434933989761774 18.260341820951961 3.5000000000000004 18.49458570297276 5.3763403707074664 23.47132663678633 18.55177110251692 4.6107031191855068 18.424512147100764 73.902196148128596 18.697317655401879 11.065243389127641 18.537581549243882 73.763685387115302 4.3858722353422595 18.537970678554903 6.0215309568934048 6.2770418785418016
decision_type=2 2 2 2 2 2 2 2 2 2 2 2 2 2 2 2 2 2 2 2 2 2 2 2 2 2 2 2 2 2
left_child=1 17 3 -3 5 9 7 -7 20 10 11 12 -4 -10 -6 25 -17 18 -1 -19 -8 -22 -2 -24 -11 -5 -23 -18 -28 -30
right_child=22 2 4 15 14 6 8 -9 13 24 -12 -13 -14 -15 -16 16 27 19 -20 -21 21 26 23 -25 -26 -27 28 -29 29 -31
leaf_value=-0.03942874938013588 -0.050105189707273012 -0.00099340051201639388 0.038599362905599365 -0.064923503136351646 -0.065163624465870471 0.05616821483829252 -0.00046394119743477127 0.00085486675857970775 -0.017153752376054668 0.039105438421532815 -0.025857407983944421 0.058302726039164102 -0.037293665476356055 0.028692385180937276 0.0056180793432376273 0.02516395570616399 -0.051582332358548359 0.062463727786289364 0.032168001539241695 0.018732638171410156 -0.0072653117084974768 -0.056754143985246898 0.051771796856990765 -0.050129963763192099 0.06815185431265787 -0.053920511385078307 -0.051730576771342879 -0.056802071178108864 -0.050947821831142541 -0.050266063856391235
leaf_weight=0.97302148095332031 5.3470112831564611 4.1946167759597328 0.98225398501381922 0.62710164976306282 0.64834464259911218 2.1556614618748409 0.54567610379308495 4.9505285359919071 2.6425576889887452 0.98290242673829231 1.3964409339241681 1.816977832932025 0.94918646523728967 2.4120226996019483 0.63659372774418443 0.75089763849973656 0.41607364639639854 1.2407299354672434 2.2950574159622192 1.4149354428518561 0.49089535709936205 0.99586560577154137 0.13209844380617131 0.12885188823565841 1.3016499448567627 0.65860525018069893 0.55048859305679798 0.48747158236801624 0.11529008997604251 0.14523981360252947
leaf_count=19 2876 27 21 11 13 32 24 34 29 17 29 25 25 28 31 5 33 14 38 29 19 15 4 60 24 32 26 10 10 40
internal_value=-0.000724288 0.00643973 0.00315577 -0.0155084 0.00877012 0.0109963 0.00314564 0.0176342 -0.00989028 0.0268512 0.0140611 0.0289323 0.00130252 0.00472382 -0.0300964 -0.0362165 -0.0182877 0.023544 0.0108511 0.0391639 -0.0358686 -0.0442764 -0.047706 0.00145481 0.055655 -0.0592872 -0.0543317 -0.0543984 -0.051357 -0.0505678
internal_weight=42.385 36.7771 30.8533 7.13477 23.7186 22.4336 15.0042 7.10619 7.89804 7.42941 5.14486 3.74842 1.93144 5.05458 1.28494 2.94015 1.65444 5.92374 3.26808 2.65567 2.84346 2.29778 5.60796 0.26095 2.28455 1.28571 1.80688 0.903545 0.811018 0.26053
internal_count=3600 660 560 118 442 398 257 66 191 141 100 71 46 57 44 91 48 100 57 43 134 110 2940 64 41 43 91 43 76 50
is_linear=0
shrinkage=0.05


Tree=73
num_leaves=31
num_cat=0
split_feature=6 3 1 0 6 0 7 6 1 6 1 0 1 6 2 0 7 7 8 0 1 7 0 1 0 6 0 6 6 6
split_gain=5.40741 0.756989 1.18795 0.841966 1.81798 1.27094 1.26261 0.755702 1.04162 1.03947 1.76404 1.12043 1.02611 1.12982 1.16172 1.01899 0.963015 0.752834 0.61318 0.45138 1.35254 1.26137 0.327285 0.340262 0.251819 0.257461 0.196643 0.0044657 8.21571e-05 1.02731e-05
threshold=9.1260030626041058 73.747057326965916 73.771701713731701 18.460072736752586 2.3971455884925401 18.483020437220819 26.402660410987529 8.6396621936474549 73.886366288444705 3.8449982720071083 73.955017102037246 18.524168457542348 73.842729083290408 7.8264099183704898 18.494225675594834 18.434933989761774 18.260341820951961 9.0006530003552179 3.5000000000000004 18.567688799248426 73.732013142430048 7.3289611064731348 18.424512147100764 73.902196148128596 18.697317655401879 11.065243389127641 18.530043969435656 4.3858722353422595 6.0215309568934048 6.2770418785418016
decision_type=2 2 2 2 2 2 2 2 2 2 2 2 2 2 2 2 2 2 2 2 2 2 2 2 2 2 2 2 2 2
left_child=1 19 3 -3 -5 -6 17 8 12 10 -10 22 13 14 15 -4 -13 -7 -9 20 -1 -21 -11 -24 -2 -26 -14 -25 -29 -30
right_child=24 2 7 4 5 6 -8 18 9 11 -12 16 26 -15 -16 -17 -18 -19 -20 21 -22 -23 23 27 25 -27 -28 28 29 -31
leaf_value=0.048083653707758273 -0.0501000633754555 -0.044416237821200605 0.037285235989754875 0.052189384063084515 -0.064685241960854872 0.004973803797051834 0.043855906259551949 -0.064390688509604541 0.055858835592991742 -0.0004407848027740651 0.00081224524169754171 -0.016354348879578488 0.036431570144316257 -0.024788998111130375 0.057735661932522268 -0.035879106713404732 0.027458002640237705 -0.056297101856835577 0.0053273048783429736 -0.00027456353762276409 -0.014233588188471391 0.074781164025755062 -0.0069115319881410831 -0.05640530918286886 0.051682408764847587 -0.050123616621267034 0.066761213799818905 -0.051644411099604583 -0.050901010670055147 -0.050253069991139189
leaf_weight=1.4907456119544797 5.0867419030982992 1.8035193427931542 0.96644191490486908 1.1041228100657461 1.1500940974801777 1.0079037912655628 0.97525980696082104 0.62393981986679026 2.0615984033793193 0.54562935093417797 4.9498081132769585 2.6333808500785381 0.89750540303066406 1.3841183508047832 1.744910388253629 0.93758175964467227 2.3948828475549817 0.9975029295310377 0.63774288608692586 1.0369025245308878 2.0934246443212032 1.2165227010846136 0.49023897282313589 0.95300687849521615 0.12586777843534935 0.12258283619303256 1.3210389614105222 0.5244925597216934 0.10976563463918865 0.13819120661355555
leaf_count=22 2876 29 21 7 21 12 11 13 32 24 34 29 16 29 25 25 28 38 31 25 32 21 19 15 4 60 25 26 10 40
internal_value=-0.000706883 0.00622078 0.00304948 -0.0149535 -0.004803 -0.0200367 -0.00280894 0.00848443 0.0106376 0.00303143 0.0169979 -0.00953976 0.0261623 0.013675 0.0282652 0.00125756 0.00451278 -0.0255028 -0.0291503 0.02271 0.0116857 0.0402446 -0.0351289 -0.0436711 -0.0476994 0.00145242 0.0544914 -0.0541152 -0.0512899 -0.0505399
internal_weight=41.5255 36.1903 30.3527 7.0384 5.23488 4.13076 2.98067 23.3143 22.0526 14.801 7.01141 7.78959 7.2516 5.03305 3.64893 1.90402 5.02826 2.00541 1.26168 5.8376 3.58417 2.25343 2.76132 2.2157 5.33519 0.248451 2.21854 1.72546 0.772449 0.247957
internal_count=3600 660 560 118 89 82 61 442 398 257 66 191 141 100 71 46 57 50 44 100 54 46 134 110 2940 64 41 91 76 50
is_linear=0
shrinkage=0.05


Tree=74
num_leaves=31
num_cat=0
split_feature=6 6 0 6 6 0 7 7 1 6 1 9 7 7 0 0 0 7 7 0 5 0 6 6 2 8 4 7 6 2
split_gain=5.1255 0.702896 0.823495 1.30483 0.914401 1.05468 0.746473 1.31458 1.31064 1.14345 0.608569 1.39008 1.33765 0.596695 0.53071 0.530226 0.471281 0.282663 0.693169 0.375309 0.54119 0.239671 0.244675 0.117365 0.0390862 0.0367667 0.000305937 2.26023e-05 5.41327e-06 4.76434e-06
threshold=9.1260030626041058 1.8333063912795591 18.521367085018159 5.1901810810604898 6.0215309568934048 18.43157904405227 22.776294191724663 18.260341820951961 73.897298947331777 8.3668327803521638 73.968010627583894 -1.0000000180025095e-35 26.052872200373304 15.674718426794273 18.560474503081355 18.48508812463999 18.528845614882403 8.0169663729214822 7.8655313505578617 18.502249002665661 73.74653685882501 18.697317655401879 11.065243389127641 4.0636066783038824 18.581900107688799 1.5000000000000002 18.650901898456482 6.0621869785905433 9.7145894083739499 18.465250354431955
decision_type=2 2 2 2 2 2 2 2 2 2 2 2 2 2 2 2 2 2 2 2 2 2 2 2 2 2 2 2 2 2
left_child=1 -1 4 16 5 -3 7 8 9 14 11 12 -7 23 -5 -15 -4 18 27 25 -21 28 -23 -13 -18 -19 29 -6 -2 -27
right_child=21 2 3 6 17 10 -8 -9 -10 -11 -12 13 -14 15 -16 -17 24 19 -20 20 -22 22 -24 -25 -26 26 -28 -29 -30 -31
leaf_value=0.034670230360014161 -0.050330161460290582 0.032543167688748417 0.018859324174371542 0.0098208156822495382 -0.050431292762672046 -0.051861618768993846 -0.02789879324386161 0.041497793182935581 -0.039030589496910364 -0.018395442807179807 -0.025640111272528351 0.0058307877862023329 0.0040439136878169801 0.010654969893647816 0.046146666119614654 0.045050534979796004 0.066219126663451949 -0.069566749870094743 0.070600430172533063 0.039972468271238598 -0.052005340942586069 0.05159766885117989 -0.050117580503452198 -0.0162831395279005 0.051501321146347805 -0.05017593149745958 -0.052695847187102143 -0.0513440029847827 -0.050083284787856668 -0.050582819320658327
leaf_weight=2.0187514424324027 0.23329129221383382 2.3243095392827007 1.3259260617196553 2.2039551846683008 0.14360747067257706 1.9434222411364315 1.4751499197445799 2.5274685071781278 1.685949516482651 2.1977882038336247 2.6030449494719496 1.2072614729404434 2.3806889522820711 2.5710223754867911 1.8489847853779791 1.9859378663823006 0.80885221436619748 0.47853246785234638 0.20664817094802856 0.28661343897692848 0.36182044283486903 0.11992080137133587 0.11661808891221881 1.1927923697512595 1.019928455352783 0.094035457470454276 0.25776730687357485 0.12854932842310518 4.6058264435268939 0.30623637198004872
leaf_count=30 69 37 11 24 29 28 34 25 26 28 23 10 18 28 30 25 7 16 1 13 36 4 60 31 38 32 19 16 2807 45
internal_value=-0.000688674 0.00601577 0.00429243 0.0129562 -0.00278687 0.00137057 0.00539946 0.0100936 9.27631e-05 0.0106451 -0.00384794 0.00118046 -0.0210822 0.0150177 0.026393 0.0256447 0.0415554 -0.0325535 0.00155993 -0.041704 -0.0113503 -0.047693 0.00145015 -0.00515952 0.0580109 -0.0590212 -0.0513524 -0.0508624 -0.0500952 -0.0504872
internal_weight=40.6607 35.585 33.5663 15.094 18.4723 16.2085 11.9393 10.4641 7.93668 6.25073 13.8842 11.2811 4.32411 6.95701 4.05294 4.55696 3.15471 2.26381 0.478805 1.78501 0.648434 5.07566 0.236539 2.40005 1.82878 1.13657 0.658039 0.272157 4.83912 0.400272
internal_count=3600 660 630 223 407 200 167 133 108 82 163 140 46 94 54 53 56 207 46 161 49 2940 64 41 45 112 96 45 2876 77
is_linear=0
shrinkage=0.05


Tree=75
num_leaves=31
num_cat=0
split_feature=6 0 6 0 0 7 1 6 0 6 0 6 8 0 1 1 6 7 7 8 7 0 7 0 6 7 0 6 6 6
split_gain=4.85879 0.782598 0.770121 1.30426 0.987088 1.06801 1.53447 1.35769 0.946775 0.934076 0.891912 0.76579 0.957 0.786795 0.698484 0.753612 1.0184 0.82306 0.614163 0.551031 0.308307 0.560117 0.0903093 0.0460419 0.00513636 0.00173533 0.000963665 0.000241269 0.000135655 6.60719e-05
threshold=10.034239841943679 18.653229002336804 4.3858722353422595 18.438973453631764 18.446289511238572 17.693024436103055 73.749892974413953 2.6699638003383241 18.492539305309776 3.6478927920151816 18.528845614882403 6.2770418785418016 2.5000000000000004 18.599406543986039 73.902050297856078 73.821754006160404 6.0215309568934048 26.402660410987529 13.253697828132001 5.5000000000000009 8.0169663729214822 18.502249002665661 8.6829943371280738 18.482330734710494 4.6107031191855068 24.401904450943253 18.524168457542348 5.1901810810604898 5.1901810810604898 6.0215309568934048
decision_type=2 2 2 2 2 2 2 2 2 2 2 2 2 2 2 2 2 2 2 2 2 2 2 2 2 2 2 2 2 2
left_child=1 2 3 -1 -5 7 -7 -6 -8 -9 14 -12 -13 18 15 17 -17 24 -14 -20 -18 23 -3 -22 -4 28 27 -16 -26 -29
right_child=-2 22 10 4 5 6 8 9 -10 -11 11 12 13 -15 26 16 20 -19 19 -21 21 -23 -24 -25 25 -27 -28 29 -30 -31
leaf_value=0.051703883739317391 -0.050078650209572355 0.029425625176310772 -0.060269629039444765 -0.032157752888476734 0.065275025335824438 0.038232170402690106 -0.03893578008716899 -0.010949058344129174 0.0039151085009837853 0.036172281549910902 0.030632861610748005 0.030203702018866754 0.017935757437926737 -0.03856140189660881 -0.052444607539053424 0.040644749013024978 0.020427826960931008 0.003687852024946427 -0.042040404954671595 0.0020448119574744935 -0.05199638753510482 0.012042046006869617 0.053974022236282684 -0.078993304838938128 -0.051917322454833541 -0.054957641305961993 -0.055338539252850441 -0.051382004222105884 -0.050500583803284572 -0.050387045728998464
leaf_weight=1.8210812900215412 4.4246788932941845 0.81342467479407676 0.27216766960919203 1.4615901187062252 1.6561894416809062 1.7651355303823946 2.3805352561175823 2.1746916603296995 2.8113874923437834 2.0365904672071338 2.3435246217995873 1.8963241041637937 2.5029290050733835 1.7802987368777392 0.37487813364714362 1.2777965776622298 0.33698161609936494 1.0677662729285655 1.1886871972819792 1.7557714605936778 0.38445169676560886 0.40028624678961933 0.69454839080572128 0.26803874352481216 0.28206437267363049 0.48434749501757324 0.18566811992786814 0.31812282302416861 0.42138839093968272 0.35091648227535188
leaf_count=24 2842 27 4 10 19 16 21 20 27 31 39 27 32 22 14 16 22 28 24 33 39 17 13 9 12 12 5 18 78 99
internal_value=-0.000671278 0.00548548 0.0039222 0.0118534 0.00677353 0.0112105 -0.00204054 0.0269222 -0.0157323 0.011839 -0.00321764 0.00513827 -0.00141008 -0.00970457 -0.0181318 -0.0101115 0.00842585 -0.0296743 -0.000273662 -0.0157525 -0.0211974 -0.0345212 0.0407322 -0.0630865 -0.0540741 -0.0526545 -0.0520195 -0.0514291 -0.0510687 -0.0508601
internal_weight=39.9323 35.5076 33.9996 16.1072 14.2861 12.8245 6.95706 5.86747 5.19192 4.21128 17.8924 11.4675 9.12401 7.22769 6.42487 5.19529 2.66755 2.52773 5.44739 2.94446 1.38976 1.05278 1.50797 0.65249 1.45997 1.1878 1.22959 1.04392 0.703453 0.669039
internal_count=3600 758 718 168 144 134 64 70 48 51 550 177 138 111 373 237 103 134 89 57 87 65 40 48 106 102 136 131 90 117
is_linear=0
shrinkage=0.05


Tree=76
num_leaves=31
num_cat=0
split_feature=6 5 7 0 4 6 7 7 1 0 5 7 7 0 6 6 0 0 6 7 7 6 2 0 6 8 6 6 1 7
split_gain=4.61304 0.648998 0.774752 0.843412 1.63805 0.85762 1.56265 1.51228 1.73587 0.933315 1.2291 1.0011 1.06255 1.82634 1.41403 0.786027 0.749722 0.67417 0.553938 0.379533 0.750661 1.17408 0.308554 0.218353 0.221454 0.16559 0.00916344 0.00749776 0.00558066 0.000117139
threshold=9.1260030626041058 73.973558453011108 24.494385280016832 18.446289511238572 18.478038710780531 2.6699638003383241 17.693024436103055 22.776294191724663 73.743956327099554 18.521367085018159 73.799148083326656 18.260341820951961 10.07849719107883 18.55177110251692 8.061996702241002 4.7799243670370677 18.483020437220819 18.46396033216806 4.0636066783038824 17.275629275382595 9.9471779036745946 4.2089742726263095 18.524078808438642 18.697317655401879 11.065243389127641 4.5000000000000009 6.2770418785418016 4.7799243670370677 73.720293360821046 14.151483924879132
decision_type=2 2 2 2 2 2 2 2 2 2 2 2 2 2 2 2 2 2 2 2 2 2 2 2 2 2 2 2 2 2
left_child=1 2 3 4 -1 6 -5 8 27 10 25 12 14 -14 26 -4 -3 -12 -6 20 -19 -22 -17 -2 -25 -10 -11 -7 -29 -23
right_child=23 16 15 5 18 7 -8 -9 9 11 17 -13 13 -15 -16 22 -18 19 -20 -21 21 29 -24 24 -26 -27 -28 28 -30 -31
leaf_value=-0.084954654233777224 -0.050087154703169101 -0.047904950496655524 0.043219040292767318 0.062945283060654764 0.041296717602916609 -0.057627784414751242 -6.0114084300372754e-05 -0.044210780707495567 0.032388380996594558 0.055429430548081131 0.0175287835628807 0.043822448602159808 0.021560684226094955 -0.038442871393812507 -0.0053750822192434686 -0.023364515296864823 0.0021004599517812314 -0.052490979083479078 -0.019662712323510297 -0.069300222034223632 0.059045086075863909 -0.050600028798393273 0.022843021485168868 0.051448063338931073 -0.050106385675373538 0.0082856662926679859 0.06217232521487235 -0.053860693160141249 -0.045086232967023604 -0.0522370927684657
leaf_weight=0.74955746647902488 4.3887879617977879 1.1589161065639921 2.7885943930596104 1.8101566601544647 0.62809393368661381 0.42611528187990788 2.1565430760383606 1.548701821360736 1.3783376249484747 0.94346562772989173 0.75960555509664152 3.0690836044959715 3.0098540764302015 2.1914740353822708 1.4715983569622038 0.78581230598501839 2.1220545615069568 1.1637616120278842 0.9163779211230576 0.64313179533928622 0.51163941249251355 0.18521902407519519 0.66873675864189863 0.10924354009330262 0.10554688726551831 1.4753372194245455 1.0813443791121242 0.34661843138746917 0.37973530683666468 0.26649414468556643
leaf_count=44 2876 23 32 29 11 6 18 25 14 28 16 35 35 30 12 34 34 36 33 14 5 26 14 4 60 31 14 21 20 20
internal_value=-0.000654362 0.00559565 0.00780961 0.00470036 -0.024306 0.00738151 0.0286917 0.00332756 0.00714166 0.0109199 -0.00447372 0.019271 0.0106078 -0.0037206 0.0319229 0.0276767 -0.0155626 -0.0242006 0.0051278 -0.0356428 -0.0254665 0.00717995 -0.00212035 -0.0476782 0.00154474 0.0199274 0.0590305 -0.0523624 -0.0492734 -0.0515658
internal_weight=39.2399 34.6364 31.3554 27.1122 2.29403 24.8182 3.9667 20.8515 19.3028 18.1503 6.38353 11.7668 8.69774 5.20133 3.49641 4.24314 3.28097 3.52985 1.54447 2.77025 2.12711 0.963353 1.45455 4.60358 0.21479 2.85367 2.02481 1.15247 0.726354 0.451713
internal_count=3600 660 603 523 88 435 47 388 363 316 162 154 119 65 54 80 57 117 44 101 87 51 48 2940 64 45 42 47 41 46
is_linear=0
shrinkage=0.05


Tree=77
num_leaves=31
num_cat=0
split_feature=6 6 5 0 0 2 6 7 1 6 4 7 7 1 1 8 8 1 8 5 1 6 7 1 0 0 6 0 3 6
split_gain=4.37363 0.62406 0.694216 1.15242 0.658692 0.963016 1.33437 1.20294 1.05432 0.850212 1.11109 0.708582 0.925869 0.704899 0.700443 0.660185 1.15304 0.740049 0.620686 0.540827 0.521946 0.907064 0.491238 0.460577 0.260707 0.207803 0.210484 0.0217678 0.00243773 0.00194082
threshold=9.1260030626041058 1.8333063912795591 73.973558453011108 18.483020437220819 18.508617303427616 18.486282009488828 4.0636066783038824 17.693024436103055 73.80331633181224 5.1901810810604898 18.447253701234249 26.515251557584495 17.275629275382595 73.844214057116474 73.805504203633788 1.5000000000000002 3.5000000000000004 73.895959614795927 2.5000000000000004 73.846549693948546 73.849944018260587 7.9441325198846906 14.151483924879132 73.938196464927358 18.479379792821359 18.697317655401879 11.065243389127641 18.535761263265545 73.711773150997729 5.019130639256665
decision_type=2 2 2 2 2 2 2 2 2 2 2 2 2 2 2 2 2 2 2 2 2 2 2 2 2 2 2 2 2 2
left_child=1 -1 4 -4 5 6 14 8 -7 10 -6 12 19 -10 -3 -11 18 20 -17 -8 21 28 24 -19 -15 -2 -27 -12 -18 -14
right_child=25 2 3 -5 9 7 11 -9 13 15 27 -13 29 22 -16 16 17 23 -20 -21 -22 -23 -24 -25 -26 26 -28 -29 -30 -31
leaf_value=0.033218531432444937 -0.050082909148145685 0.0066213301803268567 -0.06353489412135585 0.0019945121514031087 0.010574056100028569 -0.060148573141051404 0.016521825282157857 -0.067458699234069178 0.05267301393156737 0.038437739818861269 0.061979865868974894 0.024978878698721993 -0.055542598812473677 -0.061990914949651421 0.047220417936572147 -0.0034358097600071334 0.028018399978768073 -0.035630329327994259 -0.050960708100626986 -0.050966240017236319 0.044870961326711402 -0.026228064502611059 0.026814188077214248 0.0070597010701246273 -0.0056821223638075895 0.051375456163916478 -0.050101193944277089 0.051888858159322454 0.031441407564530018 -0.051720251452472998
leaf_weight=1.9044706691056479 4.175089419935829 2.1775184907019156 0.98093231290113125 2.1230128756724298 3.2732787728309658 0.67316663218662132 1.2546723292907702 1.1031008302234111 0.70113078691065345 1.2982397296000261 1.0659478586167099 0.91158797475509334 0.94394069723784901 0.40677950764074899 2.074500011280179 1.3794564438285288 0.99179044459015209 1.0849506189115348 1.3686664453707635 0.3888588910922407 1.6762799378484485 1.104393442510627 0.5715465898392722 1.5127597774844614 0.4155578437494114 0.10405882634222496 0.10040944954380393 1.0717583913356064 1.0936975632794199 0.51235165831167251
leaf_count=30 2876 17 22 34 26 19 31 13 10 17 11 23 14 23 23 23 17 14 20 58 22 21 11 33 17 4 60 41 23 47
internal_value=-0.00063865 0.00540838 0.0037615 -0.0187146 0.00616254 -0.00272732 0.00691362 -0.0233063 -0.00571193 0.0125377 0.0288841 -0.0137724 -0.0251682 0.0117796 0.0264291 0.00485325 0.000583694 0.0107784 -0.027105 0.000554173 0.0222816 0.0104109 -0.00879006 -0.0107701 -0.033536 -0.0476727 0.00154272 0.0569206 0.0298135 -0.0541978
internal_weight=38.4439 34.0643 32.1599 3.10395 29.0559 12.1347 8.26343 3.87128 2.76818 16.9212 5.41099 4.01141 3.09982 2.09501 4.25202 11.5102 10.212 7.46387 2.74812 1.64353 4.86616 3.18988 1.39388 2.59771 0.822337 4.37956 0.204468 2.13771 2.08549 1.45629
internal_count=3600 660 630 56 574 306 213 93 80 268 78 173 150 61 40 190 173 130 43 89 83 61 51 47 40 2940 64 52 40 61
is_linear=0
shrinkage=0.05


Tree=78
num_leaves=31
num_cat=0
split_feature=6 3 1 0 6 0 7 7 6 1 1 6 2 6 0 2 8 0 7 8 0 1 7 0 1 0 6 1 6 6
split_gain=4.14587 0.600821 0.952073 0.751986 1.50388 1.07734 1.13389 0.683179 0.646338 0.919227 0.926109 1.03225 0.982427 0.894856 0.989183 0.948327 1.21618 0.854574 0.71405 0.543972 0.49047 1.29549 1.12023 0.287624 0.281927 0.197758 0.200066 0.122086 0.00392595 5.66459e-05
threshold=9.1260030626041058 73.747057326965916 73.771701713731701 18.460072736752586 2.3971455884925401 18.483020437220819 26.402660410987529 9.0006530003552179 8.6396621936474549 73.886366288444705 73.842729083290408 7.8264099183704898 18.494225675594834 3.8449982720071083 18.524168457542348 18.486282009488828 6.5000000000000009 18.434933989761774 18.260341820951961 3.5000000000000004 18.567688799248426 73.732013142430048 7.3289611064731348 18.424512147100764 73.902196148128596 18.697317655401879 11.065243389127641 73.863194325712186 4.3858722353422595 6.0215309568934048
decision_type=2 2 2 2 2 2 2 2 2 2 2 2 2 2 2 2 2 2 2 2 2 2 2 2 2 2 2 2 2 2
left_child=1 20 3 -3 -5 -6 7 -7 9 10 11 12 17 15 23 -11 -17 -4 -16 -10 21 -1 -22 -15 -25 -2 -27 -12 -26 -30
right_child=25 2 8 4 5 6 -8 -9 19 13 27 -13 -14 14 18 16 -18 -19 -20 -21 22 -23 -24 24 28 26 -28 -29 29 -31
leaf_value=0.046643547454467693 -0.050078868264758651 -0.043210093974366919 0.036170807005920021 0.048411366494646606 -0.062666584605953257 0.0047595398453331881 0.041510744426908178 -0.055962988963665562 -0.062831669081361854 0.045195712263985097 0.040287599417962588 -0.024708628932962776 0.056453164531216252 -0.0011935233749146869 -0.014871107831517905 -0.021781250378691139 0.029627564547158036 -0.034311818539320783 0.023941703762788247 0.0042466373471371308 -0.0012034243753381488 -0.016747662266492318 0.072709333572171186 -0.0090459756319280441 -0.056234682727757473 0.05130657863837014 -0.050096253820221426 0.065079696642063103 -0.051460196109808537 -0.050465350247935609
leaf_weight=1.3441768393386149 3.9717800030484787 1.6830425406806195 0.87606023112312603 1.0547891519963739 1.0324272442376243 0.92384682747069768 0.94950325926765788 0.9289948659716174 0.58443208690732606 1.9084377568215112 0.94560932833701361 1.326942093321122 1.5497971810400484 0.48967206489760462 2.5201565898023546 2.3601783160120249 2.2444720976054668 0.84473589388653636 2.2367306216619909 0.62595423881430179 0.92934173531830344 2.01286730915308 1.143280856311321 0.44850190798751999 0.88816083967685677 0.099113345146179088 0.095521602313965559 1.0456933723762629 0.45095997583121061 0.20958553056698292
leaf_count=22 2876 29 21 7 21 12 11 38 13 23 22 29 25 24 29 22 21 25 28 31 25 32 21 19 15 4 60 19 26 50
internal_value=-0.000625652 0.00521479 0.00227542 -0.0143835 -0.00446105 -0.0190041 -0.00291815 -0.0256861 0.00735485 0.00946659 0.0248234 0.0124866 0.0275774 0.00211147 -0.00998054 0.01556 0.00327725 0.00157101 0.00337902 -0.028142 0.0204424 0.00863449 0.0395676 -0.0355346 -0.0439543 -0.0476674 0.00154079 0.0533067 -0.0540637 -0.0511445
internal_weight=37.7248 33.5584 28.1287 6.5726 4.88956 3.83477 2.80234 1.85284 21.5561 20.3457 6.58884 4.59754 3.27059 13.7569 7.24377 6.51309 4.60465 1.7208 4.75689 1.21039 5.42967 3.35704 2.07262 2.48688 1.99721 4.16641 0.194635 1.9913 1.54871 0.660546
internal_count=3600 660 560 118 89 82 61 50 442 398 141 100 71 257 191 66 43 46 57 44 100 54 46 134 110 2940 64 41 91 76
is_linear=0
shrinkage=0.05


Tree=79
num_leaves=31
num_cat=0
split_feature=6 6 0 6 6 7 7 4 6 7 7 1 6 2 8 5 0 6 7 7 0 5 0 6 8 2 7 4 7 6
split_gain=3.93142 0.574266 0.612289 1.13368 0.80778 1.01222 1.14899 1.08368 0.854094 0.697299 0.995765 1.00442 0.925944 0.79878 0.529716 0.492694 0.457236 0.256461 0.237062 0.567493 0.334352 0.476447 0.188194 0.19017 0.0274449 0.0248714 0.000254776 2.39842e-05 2.0547e-05 2.89321e-06
threshold=9.1260030626041058 1.8333063912795591 18.521367085018159 5.1901810810604898 6.0215309568934048 25.867348462876414 20.490870582794138 18.507565862073033 3.0350754803297613 22.776294191724663 18.260341820951961 73.897298947331777 8.061996702241002 18.614595319707451 6.5000000000000009 73.864508296918558 18.528845614882403 3.6478927920151816 8.0169663729214822 7.8655313505578617 18.502249002665661 73.74653685882501 18.697317655401879 11.065243389127641 1.5000000000000002 18.581900107688799 30.073300444557159 18.650901898456482 6.3873334703695486 9.9003168582094947
decision_type=2 2 2 2 2 2 2 2 2 2 2 2 2 2 2 2 2 2 2 2 2 2 2 2 2 2 2 2 2 2
left_child=1 -1 4 16 5 6 7 8 -3 10 11 12 13 -5 -8 -10 -4 -17 19 28 24 -22 29 -24 -20 -18 27 -26 -6 -2
right_child=22 2 3 9 18 -7 14 -9 15 -11 -12 -13 -14 -15 -16 17 25 -19 20 -21 21 -23 23 -25 26 -27 -28 -29 -30 -31
leaf_value=0.032192259026781696 -0.050250450348307177 0.014453179083810913 0.016895848884449807 0.0049128891779877219 -0.050397313485792308 0.023582907876470383 -0.012069822469590305 0.044772911736556203 -0.0048234753709091374 -0.028847496143813656 0.036531680629622802 -0.035412865700189276 -0.0091117080191043028 0.059524233098634451 -0.05006928992326827 -0.066884296130118634 0.063845133927558792 -0.023772436838519817 -0.067809408790636835 0.066326161460923613 0.037606444950933238 -0.051930892248995136 0.051241239639760898 -0.050091555717376925 -0.050447650283522862 0.051305884055218701 -0.053089288033949925 -0.05129624883746297 -0.051343532693836506 -0.050064109934046641
leaf_weight=1.838618118315934 0.22126536036375899 3.0719382315874153 1.2789394818246358 1.4106936324387773 0.13216063042636905 3.7444973681122056 2.0295289279893045 1.3825072394683955 1.7067502429708841 1.4146985707338888 2.422654393594712 1.6044014072977004 3.1555858594365418 1.2745248787105081 1.6732507487758992 0.67956317588686921 0.72795903217047431 0.70059403276536614 0.44796981127001323 0.18556001782417297 0.27085903997067351 0.32909480796661228 0.094396717846393474 0.090871266089379787 0.31322394346352667 0.86577570997178555 0.14661202998831868 0.11341374483890831 0.10138530028052628 3.5570916133001447
leaf_count=30 82 21 11 17 31 35 25 26 29 34 25 26 39 26 21 5 7 38 16 1 13 36 4 60 70 38 13 13 14 2794
internal_value=-0.000609793 0.0050378 0.00343677 0.0111213 -0.00295095 0.00106683 -0.00643142 0.00476821 -0.00421185 0.00398133 0.00868781 -0.000372526 0.00925265 0.0308339 -0.0292414 -0.0227864 0.0391638 -0.0449999 -0.0324671 0.00105335 -0.0411328 -0.0115078 -0.0476625 0.00153897 -0.0585371 0.0570333 -0.0512912 -0.0506732 -0.0508081 -0.050075
internal_weight=36.9864 33.0228 31.1841 14.1552 17.0289 14.9886 11.2441 7.54135 6.15885 11.2826 9.86786 7.44521 5.8408 2.68522 3.70278 3.08691 2.87267 1.38016 2.04028 0.419106 1.62117 0.599954 3.96362 0.185268 1.02122 1.59373 0.57325 0.426638 0.233546 3.77836
internal_count=3600 660 630 223 407 200 165 119 93 167 133 108 82 43 46 72 56 43 207 46 161 49 2940 64 112 45 96 83 45 2876
is_linear=0
shrinkage=0.05


Tree=80
num_leaves=31
num_cat=0
split_feature=6 3 1 6 6 1 4 8 7 8 7 2 0 1 7 8 1 6 3 0 6 1 0 2 0 6 5 7 0 0
split_gain=3.72759 0.560042 0.909271 0.709789 0.619212 0.892615 0.746903 0.724535 1.12391 1.06648 0.858466 0.660322 0.44618 1.20629 1.08231 0.406687 0.503609 0.644292 0.607811 0.373863 0.86157 0.355547 0.326696 0.321427 0.179089 0.180771 0.00842744 0.00385496 0.00157386 3.25411e-05
threshold=9.1260030626041058 73.747057326965916 73.771701713731701 3.8449982720071083 7.0243822119501678 73.8946507738804 18.447253701234249 6.5000000000000009 20.877728819494859 2.5000000000000004 20.490870582794138 18.494225675594834 18.567688799248426 73.732013142430048 7.3289611064731348 2.5000000000000004 73.850473518602158 7.9441325198846906 73.869446130931706 18.49458570297276 5.3763403707074664 73.962896785431937 18.488028134439791 18.445420336475362 18.697317655401879 11.065243389127641 73.973558453011108 16.637565322426358 18.537970678554903 18.540844248981024
decision_type=2 2 2 2 2 2 2 2 2 2 2 2 2 2 2 2 2 2 2 2 2 2 2 2 2 2 2 2 2 2
left_child=1 12 3 -3 5 11 27 8 9 -7 21 23 13 -1 -14 -8 17 -17 -18 26 -21 -9 -11 -4 -2 -26 -5 29 -22 -6
right_child=24 2 4 19 6 7 15 10 -10 22 -12 -13 14 -15 -16 16 18 -19 -20 20 28 -23 -24 -25 25 -27 -28 -29 -30 -31
leaf_value=0.045933097578620692 -0.050071363665957526 -0.0010523883439679481 0.035303666665723293 -0.053210239859483782 -0.050342307852374146 0.010965861550060192 0.02693980869628251 0.018343163077091103 0.03276366569312477 -0.055997218679939023 -0.0081111600301972935 0.056997178054553545 -0.0021958327683218007 -0.016334781149329163 0.07158345264578185 0.004317480071032464 0.034810590347185713 -0.061087127156931931 -0.019221677911056927 0.022816432264213485 -0.051512909148823151 0.05402542878902436 -0.022527488155624945 -0.0010919082343548831 0.051179242077387978 -0.050087087332964624 -0.062134582826923072 -0.058393121825833519 -0.055965106405872968 -0.051429143333318855
leaf_weight=1.2886585532687598 3.5943403752753507 3.8784667924046543 1.1324959164485364 0.5194495791802185 0.15072601998690416 2.2467571980087069 1.0560081788571549 1.2979295449331405 1.5402100519277153 1.0989065023604783 1.626498225261457 1.6189283384010194 0.90498531609773669 1.9619821833912281 1.1028184508904812 0.71092132595367752 1.0332588392775508 0.80053554347250611 1.0487666327971963 0.67441034317016579 0.36708272201940417 1.5106767881661651 2.1664660210954025 1.3064368788618592 0.089898958802223095 0.086446938803419471 0.53905355115421116 0.43134622555226088 0.43221973301842809 0.12682194355875254
leaf_count=22 2876 27 19 32 48 36 23 27 25 25 20 39 25 32 21 19 16 21 36 5 33 13 35 29 4 60 11 5 10 6
internal_value=-0.00059386 0.00485434 0.0019777 -0.0144956 0.00702968 0.0120821 -0.00762785 0.00496108 -0.00499695 -0.0155481 0.0207955 0.0322409 0.0197967 0.00835021 0.0383286 -0.000338763 -0.00835505 -0.0303237 0.00759323 -0.0350859 -0.0188036 0.0375357 -0.0337912 0.015808 -0.0476578 0.00153724 -0.0577551 -0.0554355 -0.0539204 -0.0508389
internal_weight=36.3435 32.5728 27.3144 6.41068 20.9037 15.5453 5.35838 11.4874 7.05234 5.51213 4.4351 4.05786 5.25844 3.25064 2.0078 4.64949 3.59348 1.51146 2.08203 2.53222 1.47371 2.80861 3.26537 2.43893 3.77069 0.176346 1.0585 0.708894 0.799302 0.277548
internal_count=3600 660 560 118 442 268 174 181 121 96 60 87 100 54 46 115 92 40 52 91 48 40 60 48 2940 64 43 59 43 54
is_linear=0
shrinkage=0.05


Tree=81
num_leaves=31
num_cat=0
split_feature=6 6 5 0 0 6 7 6 7 6 1 1 0 0 7 6 4 8 8 8 1 6 6 0 0 0 7 4 7 1
split_gain=3.53538 0.539154 0.585123 1.00381 0.549026 1.03653 0.843021 1.10138 0.7345 1.4331 1.14483 1.03914 1.17784 1.01939 0.641544 1.04878 0.893018 0.533654 1.00738 0.59494 0.526779 0.524408 0.460604 1.26411 0.453267 0.379106 0.360126 0.430752 0.225351 0.492506
threshold=10.034239841943679 1.8333063912795591 73.973558453011108 18.483020437220819 18.521367085018159 5.1901810810604898 25.168328339853343 4.6107031191855068 17.693024436103055 2.1216903326982175 73.755846897900128 73.968010627583894 18.492539305309776 18.516475119798915 5.3770671107166281 3.8449982720071083 18.447253701234249 1.5000000000000002 3.5000000000000004 2.5000000000000004 73.897298947331777 6.1978922637714797 7.9441325198846906 18.53849536143381 18.554766203497163 18.528845614882403 24.011493083270775 18.525441758885552 8.0169663729214822 73.847631492811431
decision_type=2 2 2 2 2 2 2 2 2 2 2 2 2 2 2 2 2 2 2 2 2 2 2 2 2 2 2 2 2 2
left_child=1 -1 4 -4 6 25 8 -8 9 -3 -11 12 26 14 -12 -16 -17 -7 19 -19 22 -18 24 -24 -20 -6 27 -10 -23 -30
right_child=-2 2 3 -5 5 17 7 -9 11 10 13 -13 -14 -15 15 16 21 18 20 -21 -22 28 23 -25 -26 -27 -28 -29 29 -31
leaf_value=0.031150165661150343 -0.050058240258277847 0.070588893600016883 -0.061875270346046521 0.0011012872131666823 0.019074311650223039 0.035993025243398875 0.056630169918012264 -0.011893675622586397 -0.067744614078974794 -0.059466379869742438 -0.029694926853855764 -0.06013528983345226 0.036401580448828456 -0.063965431670712419 0.051762015566486352 -0.051476325825998898 0.043800168226837237 -0.0010096174487783131 0.011707883804540646 -0.049587111210582312 -0.0079102560551593242 0.031062505025384185 0.055254884240018287 -0.023515128171360047 0.055320976657045565 0.056738400820351247 -0.0016797279663855044 -0.016877763290562328 -0.071661634386427461 0.015122866487190304
leaf_weight=1.7825950235128392 3.2790296828607088 0.71232294104993865 0.91236971411853973 2.0645882985554636 1.2019088715314858 1.2605169224552799 1.2909042648971074 1.0744960820302365 0.76452499686274744 0.81631645513698448 0.79856869170907874 1.3036973837297408 1.0563693458680061 0.49764320568647225 1.5388928856700661 0.64358847832772914 0.91240768879652001 1.2384284801082668 1.0673157051205637 1.2835525965783745 2.40187958907336 0.24397424457129091 0.79062877490650896 1.4315867291297761 1.3483580760657785 1.5043083364143965 0.96186880115419615 0.91348289151210338 0.30541743501089513 0.3517765891738236
leaf_count=30 2842 6 27 37 10 19 15 37 14 33 40 13 34 12 18 75 18 19 13 25 39 9 16 33 31 45 11 31 12 36
internal_value=-0.000578518 0.0044176 0.00286496 -0.0181996 0.00512759 0.012334 -0.0017447 0.0255028 -0.00719705 0.0034739 -0.00435239 -0.0217543 -0.00821703 0.00414878 0.0112185 0.0193946 -0.000876763 0.00541319 0.00138188 -0.0257329 0.0110957 0.0170796 0.0209385 0.00450998 0.0360514 0.0400107 -0.0260715 -0.0400534 -0.00997415 -0.0252084
internal_weight=35.7533 32.4743 30.6917 2.97696 27.7147 13.5285 14.1863 2.3654 11.8209 6.82091 6.10859 4.99994 3.69625 5.29227 4.79463 3.99606 2.45716 10.8223 9.56175 2.52198 7.03977 1.81358 4.63789 2.22222 2.41567 2.70622 2.63988 1.67801 0.901168 0.657194
internal_count=3600 758 728 64 664 250 414 52 362 259 253 103 90 220 208 168 150 195 176 44 132 75 93 49 44 55 56 45 57 48
is_linear=0
shrinkage=0.05


Tree=82
num_leaves=31
num_cat=0
split_feature=6 0 6 1 1 8 0 6 6 5 7 0 1 1 6 7 7 0 6 8 0 6 8 5 2 6 3 6 0 2
split_gain=3.35509 0.624312 0.619205 0.992424 0.759928 0.688071 0.665366 0.692017 0.591327 1.26497 0.748602 0.937605 0.679423 0.95961 1.16626 0.584992 0.933483 0.408351 0.270172 0.266523 0.241167 0.102168 0.0966057 0.0950271 0.0103328 0.00263536 0.00126871 0.000516074 0.000420724 6.68778e-05
threshold=10.034239841943679 18.653229002336804 6.9412750327836124 73.881431605064378 73.763524679419433 2.5000000000000004 18.544833662628516 6.2770418785418016 5.1901810810604898 73.846549693948546 25.168328339853343 18.520168003625823 73.80331633181224 73.955017102037246 3.8449982720071083 12.107326605801719 9.8580952352962132 18.537970678554903 6.1978922637714797 5.5000000000000009 18.597216985956653 8.061996702241002 7.5000000000000009 73.779948143422118 18.524078808438642 8.061996702241002 73.711773150997729 8.278546443992127 18.529663992882465 18.498151194926887
decision_type=2 2 2 2 2 2 2 2 2 2 2 2 2 2 2 2 2 2 2 2 2 2 2 2 2 2 2 2 2 2
left_child=1 2 6 4 22 -6 8 26 10 18 11 12 19 14 -14 16 20 -17 -10 -1 -7 -3 27 -5 28 -25 -8 -4 -11 -27
right_child=-2 21 3 23 5 15 7 -9 9 24 -12 -13 13 -15 -16 17 -18 -19 -20 -21 -22 -23 -24 25 -26 29 -28 -29 -30 -31
leaf_value=-0.0093414319362521772 -0.050055392748112749 0.051752569874654875 -0.054573121946806059 -0.02213726446507075 0.040487155405052572 -0.038896095057472962 0.054362423391513454 0.0087357816071533499 0.022550301203014461 -0.050838030251985182 0.026022615139204831 0.033703043417710667 0.055053514559900645 -0.012543644426566409 -0.0043985974172141068 0.0013154992231757877 0.052149672342125246 -0.061205465784993911 -0.011431336913681157 -0.03677015172605342 0.0045475546893689756 0.023386400317917982 -0.015958357575197535 -0.056484742455191722 -0.060890460183252719 -0.050158422162338158 0.0513370242699486 -0.051711048453272568 -0.053338259512838375 -0.051673987153254108
leaf_weight=1.8385365800932212 3.1192823769524685 0.68184418417513259 0.35841325856745143 0.27750019205268461 1.1765058854361994 0.60118803405202992 0.55274284444749289 2.3234523274004459 1.2284344159997997 0.45755909313447751 3.9303450249135485 1.8722218824550498 1.5797807648777964 3.9294512332417071 1.726321402005851 0.45652416208758928 0.83359261834993947 0.61032572202384472 1.1165547838900236 1.7088159010745583 0.68166729854419827 0.59395033866167068 0.23728502716403455 0.76587581809144445 0.54135958850383759 0.10485793196130544 0.92882673814892769 0.28097873507067561 0.26611865870654583 0.2380160050233826
leaf_count=22 2842 29 25 18 22 33 16 14 26 57 37 17 28 30 37 39 13 11 27 19 8 11 18 38 5 58 41 32 6 21
internal_value=-0.000563279 0.00427636 0.00284863 -0.0106862 -0.000727553 0.00781372 0.00658345 0.025763 0.00296984 -0.0153687 0.00696145 0.00104156 -0.00462941 0.00415856 0.0240099 -0.00426196 0.0109559 -0.0344516 0.00637012 -0.0225543 -0.0158116 0.0385466 -0.0432042 -0.0483045 -0.0556658 -0.0548537 0.0524657 -0.0533154 -0.0517574 -0.0512105
internal_weight=35.0183 31.899 30.6233 6.62273 5.23648 4.3598 24.0005 3.80502 20.1955 3.61003 16.5855 12.6551 10.7829 7.23555 3.3061 3.1833 2.11645 1.06685 2.34499 3.54735 1.28286 1.27579 0.876677 1.38625 1.26504 1.10875 1.48157 0.639392 0.723678 0.342874
internal_count=3600 758 718 336 201 126 382 71 311 121 190 153 136 95 65 104 54 50 53 41 41 40 75 135 68 117 57 57 63 79
is_linear=0
shrinkage=0.05


Tree=83
num_leaves=31
num_cat=0
split_feature=6 0 6 0 0 7 6 7 0 1 1 1 6 6 6 8 0 7 0 0 5 6 7 0 6 6 1 6 6 6
split_gain=3.18307 0.584377 0.584643 1.08532 0.809147 0.834578 1.09893 0.782985 0.670591 0.598432 0.580962 0.561605 0.844171 0.676675 0.554523 0.633055 0.62055 0.496346 0.444471 0.254947 0.199147 0.105162 0.00109513 0.0010467 0.000239045 0.000141814 3.22666e-05 1.19302e-05 6.88047e-06 3.45722e-06
threshold=10.034239841943679 18.653229002336804 4.3858722353422595 18.438973453631764 18.446289511238572 17.693024436103055 3.0350754803297613 9.4315338756438649 18.528845614882403 73.902050297856078 73.954297135201529 73.821754006160404 6.0215309568934048 4.7799243670370677 6.2770418785418016 2.5000000000000004 18.599406543986039 13.253697828132001 18.554842084576531 18.482330734710494 73.973558453011108 8.061996702241002 24.401904450943253 18.524168457542348 6.5992960681105428 6.0215309568934048 73.835166519851612 5.1901810810604898 6.2770418785418016 6.2770418785418016
decision_type=2 2 2 2 2 2 2 2 2 2 2 2 2 2 2 2 2 2 2 2 2 2 2 2 2 2 2 2 2 2
left_child=1 2 3 -1 -5 6 -6 -8 9 11 20 13 -13 -4 -10 -16 17 -17 -19 24 -7 -3 27 25 -14 -11 -26 -15 -27 -29
right_child=-2 21 8 4 5 10 7 -9 14 23 -12 12 19 22 15 16 -18 18 -20 -21 -22 -23 -24 -25 26 28 -28 29 -30 -31
leaf_value=0.050050649627229937 -0.050052690310790598 0.051666352295520225 0.0045506388402440602 -0.031366236585901763 0.051717723982538592 0.020127950075362059 -0.019036309302148363 0.032053229271540917 0.027241002754728644 -0.051717844022199533 -0.022209652215023218 0.038749524034744576 -0.05350884190116504 -0.050966731724410269 0.024231388457400062 0.016644376907468558 -0.036563516240392606 -0.034268019416367181 0.0063933197734010964 -0.0045050801916977209 -0.0023520318414763349 0.022472408517789547 -0.053642179506931335 -0.055430199763964585 -0.051509078137717379 -0.050701204787718758 -0.050487401196841752 -0.050600727761117598 -0.050169180970857569 -0.050273948366628018
leaf_weight=1.5172091899439752 2.967309294617734 0.64964526705443748 0.89626861736178343 1.3446803279221047 2.1612451542168838 2.0187821732833982 1.5948896287009122 1.4155720882117746 2.0068148039281359 0.58416388812474884 2.3595422189682722 1.1027390286326411 0.13384780706837751 0.13869256898760773 1.7997383110923673 2.2715294563677162 1.5783552397042511 1.4241477235918867 1.2726726810215039 0.80283892527222633 1.924262832850218 0.58737374469637871 0.77002269611693919 0.18411145475693047 0.14919811626896262 0.090259435120970011 0.16032049863133579 0.14177821087650955 0.18600960180629045 0.18861765821930021
leaf_count=24 2842 29 12 10 27 29 25 18 39 32 23 16 4 10 27 32 22 37 20 30 12 11 34 5 14 11 39 18 88 60
internal_value=-0.00054912 0.00412075 0.00274189 0.010062 0.00532908 0.00962943 0.0245156 0.00498689 -0.0038657 -0.017925 -0.0025857 -0.00998589 0.00688501 -0.0285441 0.0036423 -0.00203176 -0.0092517 -0.000575226 -0.0150793 -0.0213112 0.00915739 0.0378042 -0.052482 -0.0520086 -0.0517433 -0.0512764 -0.0509799 -0.0505775 -0.050343 -0.0504142
internal_weight=34.4226 31.4553 30.2183 14.3362 12.819 11.4743 5.17171 3.01046 15.8821 5.52887 6.30259 4.48432 2.34894 2.13538 10.3533 8.34644 6.54671 4.96835 2.69682 1.24621 3.94305 1.23702 1.23911 1.04454 0.443366 0.860433 0.309519 0.469088 0.276269 0.330396
internal_count=3600 758 718 168 144 134 70 43 550 373 64 237 103 134 177 138 111 89 57 87 41 40 122 136 57 131 53 88 99 78
is_linear=0
shrinkage=0.05


Tree=84
num_leaves=31
num_cat=0
split_feature=6 6 5 0 7 7 1 1 1 6 7 3 8 0 6 8 6 9 0 6 4 0 6 1 0 1 1 7 0 2
split_gain=3.01981 0.489954 0.521138 0.971286 0.486266 0.831804 1.37719 1.15772 1.26688 0.875553 1.08736 1.29725 1.4406 0.730313 0.727841 0.65218 0.567163 0.493089 1.43404 0.416583 0.507169 0.465111 0.269782 0.261728 0.130234 0.0730914 0.00807569 0.00783712 0.00451605 0.0027473
threshold=10.034239841943679 1.8333063912795591 73.973558453011108 18.483020437220819 24.494385280016832 21.439913938635758 73.74589070238396 73.980417573193634 73.953276239496361 6.1978922637714797 17.199366996803416 73.869446130931706 5.5000000000000009 18.544833662628516 5.3763403707074664 3.5000000000000004 3.6478927920151816 -1.0000000180025095e-35 18.516475119798915 3.0350754803297613 18.447253701234249 18.50000636086618 6.0215309568934048 73.852801935720137 18.600801902891977 73.73940225630254 73.73940225630254 16.325857617730588 18.511981825320493 18.581900107688799
decision_type=2 2 2 2 2 2 2 2 2 2 2 2 2 2 2 2 2 2 2 2 2 2 2 2 2 2 2 2 2 2
left_child=1 -1 4 -4 5 6 24 8 9 19 11 12 15 16 -6 -11 -7 -10 -19 -8 -21 -22 -16 -13 26 -24 -3 29 -18 -25
right_child=-2 2 3 -5 14 13 7 -9 17 10 -12 23 -14 -15 22 -17 28 18 -20 20 21 -23 25 27 -26 -27 -28 -29 -30 -31
leaf_value=0.030045024653818187 -0.050050114581873278 -0.05158013085176244 -0.061564149672049095 0.0014084522571266246 0.037101701852638967 -0.0066802133285763336 0.061380937358463949 0.058572816493982771 -0.041870365865676884 -0.0037889359390434643 0.041076398723206113 -0.01307546882240479 -0.036909240383857317 0.012039616250692855 0.016579984786366391 0.042507315018096625 -0.053379997318504437 -0.0327772071149511 0.034996328120679952 -0.010648472097429454 0.01598152892067433 0.054651232978088521 -0.014663329263876005 -0.051185844282984332 -0.021124248495194429 -0.051966392877902057 -0.061401471702561695 -0.063495731041698242 -0.05904803795175554 -0.057281634035032114
leaf_weight=1.7020614054054046 2.8227334779803632 0.42993210820715322 0.87851145770400707 2.0209235362708569 2.4033339768648143 0.96998105198144902 0.9185035899281554 1.1297028713161115 1.3282319020945577 1.1976705729030075 1.575258622295223 0.47011267696507264 1.2806176248705012 1.1774584893137214 0.40221812017261971 2.0849919826723635 0.6688923471374435 1.9549983664182939 1.29921177244978 0.8337598025100309 1.7453780102077874 1.4023881722241638 0.21645171684212983 0.3302978068240916 0.38167591951787472 0.33386135124601424 0.40786625922191888 0.36924022901803255 0.74044172337744385 0.41970221255905926
leaf_count=30 2842 50 27 37 28 9 22 20 18 20 39 11 39 16 8 34 25 28 26 32 30 39 11 80 12 31 7 6 15 8
internal_value=-0.000534213 0.00396381 0.00245243 -0.0176719 0.00465659 0.0020746 0.00611915 0.00954031 0.00632177 0.0144937 0.00401001 -0.0054801 0.00806939 -0.0201673 0.0224422 0.0256163 -0.0361057 -0.0161978 -0.00571928 0.0310276 0.0240254 0.0332096 -0.0145451 -0.0443828 -0.0453328 -0.0372942 -0.0563615 -0.0575328 -0.0563579 -0.0545971
internal_weight=33.8964 31.0737 29.3716 2.89943 26.4722 23.1163 19.5595 18.3401 17.2104 12.6279 7.72789 6.15263 4.56328 3.55677 3.35587 3.28266 2.37932 4.58244 3.25421 4.90003 3.98153 3.14777 0.952531 1.58935 1.21947 0.550313 0.837798 1.11924 1.40933 0.75
internal_count=3600 758 728 64 664 586 521 452 432 360 237 198 93 65 78 54 49 72 54 123 101 69 50 105 69 42 57 94 40 88
is_linear=0
shrinkage=0.05


Tree=85
num_leaves=31
num_cat=0
split_feature=6 0 6 7 7 7 1 0 6 5 7 0 0 6 5 7 0 1 1 6 0 8 6 1 6 7 2 7 7 3
split_gain=2.86596 0.527192 0.522359 0.944694 1.36474 0.910073 0.677393 0.579502 0.666714 0.573829 0.737655 0.53652 1.01762 0.498566 1.16752 0.694947 0.830092 0.633849 0.816692 1.08447 0.347602 0.239886 0.216812 0.152173 0.110419 0.0215514 0.00795824 0.00651803 0.00296035 0.00101205
threshold=10.034239841943679 18.653229002336804 6.9412750327836124 19.380939879111715 17.199366996803416 12.107326605801719 73.763524679419433 18.544833662628516 6.2770418785418016 73.779948143422118 4.2889894364135248 18.53849536143381 18.537970678554903 5.1901810810604898 73.846549693948546 25.168328339853343 18.520168003625823 73.80331633181224 73.955017102037246 3.8449982720071083 18.540844248981024 5.5000000000000009 6.1978922637714797 73.747808243712129 8.061996702241002 20.490870582794138 18.524078808438642 16.325857617730588 12.225046900364484 73.711773150997729
decision_type=2 2 2 2 2 2 2 2 2 2 2 2 2 2 2 2 2 2 2 2 2 2 2 2 2 2 2 2 2 2
left_child=1 2 7 4 5 6 -4 13 29 -8 -11 12 -12 15 22 16 17 21 19 -19 -6 -1 -15 -5 -3 -25 -16 28 -7 -9
right_child=-2 24 3 23 20 27 9 8 -10 10 11 -13 -14 14 26 -17 -18 18 -20 -21 -22 -23 -24 25 -26 -27 -28 -29 -30 -31
leaf_value=-0.0096677757394124791 -0.050047672041319428 0.051539050661915976 -0.053739875112640972 -0.011918702417946316 0.024966733548641852 -0.05996793706247644 0.035957416094328107 0.054017343272670243 0.0078869379990769047 0.058146947044749799 -0.053536386357384162 -0.048312004361696297 0.08881676691865445 0.021188254096353713 -0.051666561351629108 0.025068538471470277 0.032044423164781628 0.054662438893241565 -0.011597912740965321 -0.004559670219839186 0.088735606433948067 -0.035995286334120774 -0.0098432352533801368 -0.071038094771022936 0.020858635995061953 -0.054047563991656104 -0.059996107284120428 -0.062448843003677881 -0.05149857755833416 0.051192278258041173
leaf_weight=1.7950343685224779 2.6851949583506203 0.60564019251614698 0.5090650735655794 0.21493693889351539 0.42749841947806988 0.14051635935902584 1.1634834057185801 0.51076937280595236 2.2787514440715313 0.32723185815848399 0.25634746422292642 0.90064394031651318 0.24603645503520966 1.1737123676575718 0.66696565272286512 3.769201820716261 1.7815065141767252 1.4400485744699838 3.8419054625555873 1.668877502903342 0.42730115121230483 1.6703189853578804 1.0815800745040176 0.24966980924364179 0.56859052926301956 0.7392833442427218 0.50303224101662636 0.3631708804750815 0.38827460596803576 0.83572497218847275
leaf_count=22 2842 29 25 24 36 2 22 16 14 17 52 17 1 26 63 37 17 28 30 37 4 19 27 6 11 58 5 11 61 41
internal_value=-0.000523061 0.0038306 0.00251719 -0.0101745 -0.000852299 -0.0123357 -0.000551712 0.00602045 0.0243695 0.00880511 -0.00945299 -0.0252195 0.0161794 0.00259022 -0.0147191 0.00630349 0.000504907 -0.00488938 0.00381954 0.0228719 0.0568438 -0.0223578 0.00630635 -0.0500497 0.0366829 -0.058337 -0.0552478 -0.0572913 -0.0537492 0.0522639
internal_weight=33.2303 30.5451 29.3709 6.35346 5.14957 4.29477 3.40281 23.0174 3.62525 2.89374 1.73026 1.40303 0.502384 19.3922 3.42529 15.9669 12.1977 10.4162 6.95083 3.10893 0.8548 3.46535 2.25529 1.20389 1.17423 0.988953 1.17 0.891962 0.528791 1.34649
internal_count=3600 758 718 336 248 208 134 382 71 109 87 70 53 311 121 190 153 136 95 65 40 41 53 88 40 64 68 74 63 57
is_linear=0
shrinkage=0.05


Tree=86
num_leaves=31
num_cat=0
split_feature=6 0 6 1 3 4 0 5 1 1 6 0 1 1 7 1 0 8 7 1 6 7 1 1 7 8 6 1 6 6
split_gain=2.71987 0.492457 0.517624 0.588443 1.21657 0.482438 1.00748 0.452035 0.787045 0.490407 0.445415 0.983167 0.993127 0.959632 0.612151 0.569487 0.56977 0.952749 0.540027 0.836514 0.502192 0.432444 0.323933 0.322145 0.112606 0.0235179 0.0210366 0.00258441 0.00159405 0.000246809
threshold=10.034239841943679 18.653229002336804 3.0350754803297613 73.984382554718579 73.967926473069511 18.425073633879659 18.468827789689339 73.973558453011108 73.744984705305555 73.963938716613399 6.2770418785418016 18.508617303427616 73.771701713731701 73.886366288444705 23.19649521117956 73.738972617224789 18.502249002665661 2.5000000000000004 18.479841001819707 73.887663132119698 5.1901810810604898 8.0169663729214822 73.854559165435177 73.968010627583894 9.1283117612580451 1.5000000000000002 3.8449982720071083 73.954297135201529 4.6107031191855068 6.4998050756016044
decision_type=2 2 2 2 2 2 2 2 2 2 2 2 2 2 2 2 2 2 2 2 2 2 2 2 2 2 2 2 2 2
left_child=1 2 5 4 7 -1 -7 9 -9 10 11 12 14 -14 -4 -12 21 -18 19 22 -13 -17 -19 26 -3 -23 -6 -28 -10 -27
right_child=-2 24 3 -5 23 6 -8 8 28 -11 15 20 13 -15 -16 16 17 18 -20 -21 -22 25 -24 -25 -26 29 27 -29 -30 -31
leaf_value=-0.0012760278890232308 -0.050045345370452535 0.021667302111929767 -0.0563096524507707 0.032770361443774702 -0.069193197252364516 0.00081511190594717349 0.04948516134393123 0.0087864022544339917 -0.057553523924522058 -0.035199697906089893 -0.052208305093025979 0.056935670539351474 0.044794876324563922 -0.011395598625437528 0.0012013080906758328 0.012551641179102697 0.037093081058101655 -0.012928971662710679 0.02553158815010605 -0.046973267157993111 0.014490290856785899 -0.070723830400003782 0.021472611631526778 -0.009761519543326767 0.053242987304544187 -0.053621907027614095 -0.051479309307785118 -0.057464800098919716 -0.053406638298817401 -0.050597687960757469
leaf_weight=3.0360402725637021 2.5543523393571368 0.6252148151397694 0.97552789130715456 1.187115151202305 0.39406326413154491 2.1562136383727193 2.0977597385644913 0.97251612599938997 0.39648133888840675 0.81311972683761169 0.55653762439032828 1.4801253890618684 1.5575619053561243 1.4835778856649993 0.88016356248408556 0.30550859647337336 1.7408525843638925 1.639459735772107 1.0983520200243218 1.3073198745260013 1.3168681059032676 0.27794492617249489 1.1745124624576417 0.44801684480626125 0.51488156151026487 0.090009231120347977 0.31802251114277169 0.41657449887134135 0.55771939741680399 0.2693476983695291
leaf_count=21 2842 28 29 16 2 26 33 17 4 30 50 30 30 34 13 27 24 34 26 21 31 9 16 14 12 4 54 13 38 72
internal_value=-0.000510678 0.0036947 0.00242522 -0.00145392 -0.00343867 0.0139494 0.0248157 8.25462e-05 -0.0228679 0.00268875 0.00459592 0.0133021 -0.000206206 0.0173831 -0.0290319 -0.00332192 0.000120577 0.00506149 -0.00562167 -0.0139242 0.0369517 -0.0363568 0.00142977 -0.0456338 0.0359273 -0.0598024 -0.0598732 -0.0548736 -0.0551297 -0.0513552
internal_weight=32.6418 30.0874 28.9473 21.6573 20.4702 7.29001 4.25397 18.8935 1.92672 16.9668 16.1537 7.69382 4.89683 3.04114 1.85569 8.45984 7.90331 6.9605 5.21964 4.12129 2.79699 0.94281 2.81397 1.57668 1.1401 0.637302 1.12866 0.734597 0.954201 0.359357
internal_count=3600 758 718 638 622 80 59 539 59 480 450 167 106 64 42 283 233 121 97 71 61 112 50 83 40 85 69 67 42 76
is_linear=0
shrinkage=0.05


Tree=87
num_leaves=31
num_cat=0
split_feature=6 3 1 6 1 6 2 8 0 0 6 0 7 7 7 6 1 7 6 0 1 0 3 1 6 0 0 0 1 6
split_gain=2.58126 0.469245 0.730535 0.737273 0.704196 0.760142 0.82652 1.01849 0.822748 0.675608 1.15914 0.924223 1.29777 0.585805 0.531526 0.531332 0.776217 0.82395 0.379407 1.27941 0.373879 0.240527 0.235428 0.223175 0.0947848 0.318298 0.00517986 0.00407221 0.00190346 0.000782018
threshold=10.034239841943679 73.747057326965916 73.771701713731701 8.7593409946772969 73.886366288444705 3.8449982720071083 18.486282009488828 6.5000000000000009 18.524168457542348 18.460072736752586 2.3971455884925401 18.483020437220819 27.092562299224799 9.0006530003552179 18.260341820951961 6.1978922637714797 73.847631492811431 11.830893071402267 5.1901810810604898 18.567688799248426 73.729460067219506 18.424512147100764 73.774649923850944 73.902196148128596 9.0137906069856637 18.695119111257256 18.475458527718366 18.520168003625823 73.755846897900128 4.3858722353422595
decision_type=2 2 2 2 2 2 2 2 2 2 2 2 2 2 2 2 2 2 2 2 2 2 2 2 2 2 2 2 2 2
left_child=1 18 9 4 15 6 -6 -8 21 -3 -11 -12 13 -13 -10 22 17 -17 20 -20 -1 -7 -4 -23 -5 -26 -24 29 -15 -25
right_child=-2 2 3 24 5 8 7 -9 14 10 11 12 -14 28 -16 16 -18 -19 19 -21 -22 23 26 27 25 -27 -28 -29 -30 -31
leaf_value=0.056608972723127739 -0.050043129749877957 -0.043268030180423966 0.019730205191457791 -0.057416350950133858 0.043564806644770318 -0.0025063970961929963 -0.022197004788210021 0.027721303385161291 -0.014875536034776773 0.042990714271126385 -0.061253750961399928 0.0038386179794420538 0.050243835013861628 -0.05298660721210148 0.02057448459965 0.015238438895766294 0.03917004771276375 -0.045614636331106934 -0.037959264864627487 0.033619175220485853 0.014547193084231982 -0.011055172111035336 0.058126049057131049 -0.053835130892244391 -0.051230061364626593 0.051663062920592931 0.051839381648260588 -0.059072739415705011 -0.057614782746145767 -0.051105127573100644
leaf_weight=0.96705101616680922 2.4298798728268585 1.5195722146309005 0.76454590447247683 0.42635003331815724 1.6715711541473846 0.42746018804609809 2.1220845095813274 1.9707976095378397 2.2582936439430341 0.9911968633532523 0.92015585454646531 0.79666751879267417 0.79166902229189862 0.47850674245273694 1.9883822398260234 1.5360196389956406 1.4843754849862305 0.87207079224754114 1.0355797694064679 1.5718946324195711 1.16451611649245 0.39038095221621905 0.56412857957184293 0.53429136052727677 0.27413631160743535 0.1035553440451622 0.78165148384869099 0.30326066515408445 0.41468872537370771 0.51532818347914144
leaf_count=21 2842 31 19 24 23 24 22 21 32 7 21 12 9 35 28 32 20 33 35 38 20 20 9 13 81 4 32 10 13 69
internal_value=-0.000499891 0.00356163 0.000817115 0.0055959 0.00766758 0.000760667 0.013939 0.00183957 -0.0110768 -0.0145306 -0.00458988 -0.0184541 -0.00258391 -0.0273327 0.0017229 0.0216842 0.0107311 -0.00679902 0.0179826 0.00519121 0.0336298 -0.0361175 0.0418872 -0.0443592 -0.0412584 -0.0230189 0.0544746 -0.0539693 -0.0551354 -0.0524948
internal_weight=32.0701 29.6402 24.9011 18.9887 18.1846 12.1819 5.76445 4.09288 6.4174 5.91246 4.39288 3.40169 2.48153 1.68986 4.24668 6.00279 3.89247 2.40809 4.73904 2.60747 2.13157 2.17072 2.11033 1.74326 0.804042 0.377692 1.34578 1.35288 0.893195 1.04962
internal_count=3600 758 644 516 407 262 66 43 196 128 97 90 69 60 60 145 85 65 114 73 41 136 60 112 109 85 41 92 48 82
is_linear=0
shrinkage=0.05


Tree=88
num_leaves=31
num_cat=0
split_feature=6 0 6 7 7 7 1 0 6 8 5 6 0 1 7 7 0 5 8 7 0 6 5 8 1 7 7 7 7 3
split_gain=2.45003 0.454895 0.481249 0.874241 1.20301 0.838059 0.61938 0.528247 0.627297 0.506496 0.521752 0.441978 0.933421 0.817712 0.684461 0.579168 1.00029 0.550499 0.437864 0.304905 0.278557 0.246625 0.241544 0.210689 0.143263 0.109169 0.020211 0.00640381 0.00212615 0.000984086
threshold=10.034239841943679 18.653229002336804 6.9412750327836124 19.380939879111715 17.199366996803416 12.107326605801719 73.763524679419433 18.544833662628516 6.2770418785418016 5.5000000000000009 73.779948143422118 4.7799243670370677 18.441112884714837 73.73940225630254 21.016347628510754 21.117515068380943 18.508617303427616 73.799148083326656 4.5000000000000009 24.494385280016832 18.540844248981024 7.9441325198846906 73.846549693948546 3.5000000000000004 73.747808243712129 9.1283117612580451 19.75725652204564 16.325857617730588 12.225046900364484 73.711773150997729
decision_type=2 2 2 2 2 2 2 2 2 2 2 2 2 2 2 2 2 2 2 2 2 2 2 2 2 2 2 2 2 2
left_child=1 2 7 4 5 6 -4 11 29 10 -8 12 -1 -14 17 16 18 -13 -15 -16 -6 -11 -19 -12 -5 -3 -26 28 -7 -9
right_child=-2 25 3 24 20 27 9 8 -10 21 23 14 13 15 19 -17 -18 22 -20 -21 -22 -23 -24 -25 26 -27 -28 -29 -30 -31
leaf_value=0.040755345298452178 -0.050041026597895555 0.021022140157318372 -0.053507614293762155 -0.012017907208903942 0.024526437119828721 -0.05885956060330097 0.050881250239807191 0.053988559188482846 0.0077727674061277537 0.0071066097956560218 -0.019570036225385695 0.024526080885026249 0.036014556702631643 0.0090853196758398681 -0.056532029971219734 -0.019645552288632392 0.029710040302711512 0.00033683225145013823 -0.021885639618121431 -0.016899288107774021 0.08282079744400439 -0.054116087830270915 -0.051575115659420891 0.021146092792964283 -0.071024841150570159 0.053023591017913374 -0.053850817018715386 -0.062298533132941925 -0.051361726100558037 0.051085755870975705
leaf_weight=1.7545216465369033 2.3114679235150097 0.59718856401741394 0.47624488332075943 0.20688445772975661 0.40297600679332379 0.12953296885825683 0.83936753147281784 0.47550934460014038 2.23606913164258 0.27682296448620025 0.65781532641267382 1.5383458668366068 1.5292348843067873 1.9705910887569169 0.81896900432184372 3.538084015250206 2.6244979556649923 0.46364304842427362 2.7115562316030264 1.1910399959888307 0.41697354195639491 0.40538160357391462 0.43367616948671639 0.61455059668514878 0.22582834202330559 0.48127284273505211 0.70961148856440559 0.34771452291170135 0.35009385435841978 0.75642772763967514
leaf_count=31 2842 28 25 24 36 2 12 16 14 18 29 29 17 26 22 33 24 15 32 31 4 32 51 18 4 12 60 11 61 41
internal_value=-0.000489415 0.00343571 0.00221275 -0.0102664 -0.00111303 -0.0121759 -0.00080215 0.00564349 0.0235568 0.00818184 0.0202819 0.00229887 0.00662537 0.00178604 -0.0114509 -0.00304059 0.005 0.00637151 -0.00885079 -0.0330475 0.0541712 -0.0292733 -0.0247523 9.57855e-05 -0.0496697 0.0353031 -0.0579969 -0.0571321 -0.0533867 0.0522062
internal_weight=31.4919 29.1804 28.102 6.0598 4.91747 4.09752 3.27018 22.0422 3.46801 2.79394 2.11173 18.5742 14.1285 12.374 4.44567 10.8447 7.30665 2.43567 4.68215 2.01001 0.81995 0.682205 0.897319 1.27237 1.14232 1.07846 0.93544 0.827341 0.479627 1.23194
internal_count=3600 758 718 336 248 208 134 382 71 109 59 311 163 132 148 115 82 95 58 53 40 50 66 47 88 40 64 74 63 57
is_linear=0
shrinkage=0.05


Tree=89
num_leaves=31
num_cat=0
split_feature=6 6 5 0 7 0 7 6 1 7 5 4 6 4 0 6 4 6 6 7 1 6 7 1 0 7 8 6 0 1
split_gain=2.3256 0.43785 0.442477 0.87026 0.462051 0.668343 0.725325 1.23375 1.14125 0.789701 0.781446 0.705435 0.508213 0.889651 0.62583 0.506385 0.557602 0.597912 0.418359 0.338033 0.669993 0.785624 0.616244 0.515775 0.273857 0.163835 0.12843 0.0536879 0.0917199 0.0362126
threshold=10.034239841943679 1.8333063912795591 73.973558453011108 18.483020437220819 26.165698634987731 18.508617303427616 17.693024436103055 2.1216903326982175 73.80331633181224 24.011493083270775 73.956151110660059 18.525441758885552 5.1901810810604898 18.447253701234249 18.531872213503316 3.3036893944104277 18.447253701234249 5.3763403707074664 4.6107031191855068 18.260341820951961 73.897298947331777 8.3668327803521638 21.548407070258197 73.854559165435177 18.55838607966361 14.396293165473397 5.5000000000000009 6.9412750327836124 18.530043969435656 73.844214057116474
decision_type=2 2 2 2 2 2 2 2 2 2 2 2 2 2 2 2 2 2 2 2 2 2 2 2 2 2 2 2 2 2
left_child=1 -1 4 -4 5 6 7 -3 -9 11 15 -8 13 -7 27 -10 25 -18 -6 20 21 24 -21 -23 -16 -17 -13 -14 -29 -19
right_child=-2 2 3 -5 18 12 9 8 10 -11 -12 26 14 -15 19 16 17 29 -20 22 -22 23 -24 -25 -26 -27 -28 28 -30 -31
leaf_value=0.028705621019873645 -0.050039023470715864 0.069587667772864042 -0.060703457357807314 0.0011604682186968751 0.055539704874536411 0.007282908880356688 -0.068649172415463131 -0.057782853662588007 0.065796962461887779 0.0039057970204126446 -0.059340456363889273 -0.031679188425740794 -0.054880371188927628 0.055793763464082796 0.0088187094682602423 -0.052908814888726119 0.055723327162005468 -0.010692085119606752 0.0041617543162488285 0.044456028838655119 -0.03136100198121438 -0.042213147131051863 -0.0021605881160026113 0.009425871723991841 0.038772760684615472 0.0020368369412274438 0.00084367093497427512 -0.05024402395338734 0.017523898633489132 0.0073472082703459306
leaf_weight=1.6029139952734173 2.1988221255014642 0.62973389402032776 0.81124214397277628 1.8996843227650968 0.79848160222172626 2.8769422420300534 1.237331681011711 0.83429003070341412 0.44234504736960012 1.507957764319144 0.38415355113102112 0.59233556629624196 0.43742098868824442 1.4074827590957282 1.5200365055352434 0.39645725296577472 0.75023297034203995 0.57838180358521618 0.78648597095161676 1.3670268575660887 1.3754612428601829 0.98528619739226975 1.4726757390890268 0.94958595791831613 1.5322090527042744 0.20624665525974706 0.62261243531247601 0.12976303038885817 0.081155763939023018 0.53603651287266985
leaf_count=30 2842 5 27 37 12 26 23 40 7 24 26 24 17 48 19 55 15 17 35 19 26 29 26 14 32 8 22 49 5 41
internal_value=-0.000478011 0.00331219 0.00181293 -0.0173523 0.00393893 0.00212835 -0.00875929 0.00439837 -0.00554603 -0.0245671 0.00768488 -0.0420756 0.00884356 0.0232193 0.00259098 0.0165339 0.00770207 0.0212156 0.0300452 0.00593617 -0.000465922 0.00805503 0.0202806 -0.01687 0.0238555 -0.0341063 -0.0150125 -0.0448892 -0.0241688 -0.00201516
internal_weight=30.9508 28.752 27.1491 2.71093 24.4381 22.8532 8.71812 4.75788 4.12814 3.96024 3.29385 2.45228 14.135 4.28443 9.85062 2.9097 2.46736 1.86465 1.58497 9.20228 6.36258 4.98712 2.8397 1.93487 3.05225 0.602704 1.21495 0.64834 0.210919 1.11442
internal_count=3600 758 728 64 664 617 307 214 209 93 169 69 310 74 236 143 136 73 47 165 120 94 45 43 51 63 46 71 54 58
is_linear=0
shrinkage=0.05


Tree=90
num_leaves=31
num_cat=0
split_feature=6 6 4 6 0 7 7 0 1 6 6 7 7 1 6 8 0 0 6 7 4 1 4 0 0 7 6 2 5 1
split_gain=2.20795 0.434178 0.765247 0.651753 0.58252 0.677069 0.838485 0.677344 0.719418 0.62359 0.6139 0.586557 0.63115 0.670044 0.785169 1.03984 0.579467 0.450065 0.428316 0.422663 0.393014 0.288907 0.530128 0.273938 0.133427 0.0123333 0.000184763 3.91094e-05 5.07291e-07 6.98986e-08
threshold=10.034239841943679 2.6699638003383241 18.425073633879659 2.1216903326982175 18.521367085018159 26.165698634987731 20.352291367455688 18.516475119798915 73.755846897900128 6.9412750327836124 5.1901810810604898 22.776294191724663 18.260341820951961 73.897298947331777 8.3668327803521638 3.5000000000000004 18.502249002665661 18.466422400556457 4.0636066783038824 29.289660190267693 18.525441758885552 73.928413510684194 18.556650015897734 18.458425916563133 18.524168457542348 14.151483924879132 7.1832665416965229 18.494225675594834 73.846549693948546 73.844214057116474
decision_type=2 2 2 2 2 2 2 2 2 2 2 2 2 2 2 2 2 2 2 2 2 2 2 2 2 2 2 2 2 2
left_child=1 2 -1 -4 5 6 7 8 -3 16 24 12 13 14 20 -16 17 23 -7 -20 -12 22 -8 -10 -6 -19 -11 28 -28 -30
right_child=-2 4 3 -5 10 18 21 -9 9 26 11 -13 -14 -15 15 -17 -18 25 19 -21 -22 -23 -24 -25 -26 -27 27 -29 29 -31
leaf_value=-0.0076776596075111411 -0.050037117646043253 -0.055784035351826071 0.056182110731519845 0.012583351275082491 0.01384984427253217 0.045558124955445672 -0.0010459218863568432 -0.061750653068469247 -0.00072454017056086347 -0.053145170701436373 0.00057460619147583635 -0.030722702065741455 0.030011133917736299 -0.031236628562076575 -0.06100332469847513 0.012973443211638697 0.042904235665007506 -0.020728218002174066 0.020606710098496666 -0.031863919403753507 0.03733559821993071 -0.063692618919629393 -0.054960831415893079 0.045017680062392325 0.040636496618391249 -0.011928437901197049 -0.050267642995730992 -0.051317518353505336 -0.050151588924639168 -0.050063007145804889
leaf_weight=2.2275825254619184 2.0916619338095179 0.50046348321484568 1.4061794308945539 2.1955753043293953 0.6875165775418276 0.76912911981344168 0.9226402741041968 0.46919183974387113 0.63012644543778173 0.097855043422896304 1.1762504116632029 1.1819092381047074 2.1927812322974205 1.4299900686019098 0.80100712931016449 1.1672388577135278 1.1780606346437705 0.82958072877954669 0.98811104043852516 0.62754436332033947 1.9039148679003117 0.80225167144089926 0.90134990931255743 0.68109162629116327 1.4356319969519971 0.76567954034544528 0.092260774050373584 0.13064599729841575 0.039131499826908112 0.051683233643416315
leaf_count=15 2842 39 34 26 6 8 25 15 33 13 17 38 35 35 17 33 24 21 28 27 37 12 39 11 38 19 27 21 17 48
internal_value=-0.000466359 0.00319971 0.015358 0.029605 4.31267e-05 -0.00856748 -0.0154678 -0.00431121 0.00108251 0.00741233 0.00757567 0.0023208 0.00682473 -0.0010233 0.00753478 -0.0171325 0.0133232 0.00133341 0.0148465 0.000226345 0.0232973 -0.038687 -0.0276887 0.0230355 0.0319625 -0.0165046 -0.0512483 -0.0506567 -0.0501851 -0.0501012
internal_weight=30.374 28.2824 5.82934 3.60175 22.453 10.4768 8.09201 5.46577 4.99658 4.49612 11.9762 9.85309 8.67118 6.4784 5.04841 1.96825 4.08454 2.90648 2.38478 1.61566 3.08017 2.62624 1.82399 1.31122 2.12315 1.59526 0.411577 0.313722 0.183076 0.0908147
internal_count=3600 758 75 60 683 427 364 288 273 234 256 212 174 139 104 50 108 84 63 55 54 76 64 44 44 40 126 113 92 65
is_linear=0
shrinkage=0.05


Tree=91
num_leaves=31
num_cat=0
split_feature=6 0 6 7 7 7 1 0 6 8 5 7 0 3 1 1 8 8 1 6 1 8 6 8 1 7 7 7 7 0
split_gain=2.09591 0.423328 0.458488 0.826363 1.04563 0.764666 0.580034 0.473076 0.580976 0.465025 0.468973 0.399041 0.941712 0.587483 1.51034 0.419035 0.711428 0.722312 0.376976 0.41387 0.739748 0.25022 0.23922 0.183384 0.143654 0.104868 0.0204489 0.00463093 0.00184921 0.000892751
threshold=10.034239841943679 18.653229002336804 6.9412750327836124 19.380939879111715 17.199366996803416 12.107326605801719 73.763524679419433 18.544833662628516 6.2770418785418016 5.5000000000000009 73.779948143422118 26.052872200373304 18.475458527718366 73.774649923850944 73.755846897900128 73.927318425425526 6.5000000000000009 3.5000000000000004 73.768933835735922 4.2089742726263095 73.853350056363254 6.5000000000000009 7.9441325198846906 3.5000000000000004 73.747808243712129 9.1283117612580451 19.75725652204564 16.325857617730588 12.225046900364484 18.580191550870058
decision_type=2 2 2 2 2 2 2 2 2 2 2 2 2 2 2 2 2 2 2 2 2 2 2 2 2 2 2 2 2 2
left_child=1 2 7 4 5 6 -4 11 29 10 -8 13 -13 14 21 18 17 -17 -15 -20 -21 -1 -11 -12 -5 -3 -26 28 -7 -9
right_child=-2 25 3 24 -6 27 9 8 -10 22 23 12 -14 15 -16 16 -18 -19 19 20 -22 -23 -24 -25 26 -27 -28 -29 -30 -31
leaf_value=0.019436390891983825 -0.050035307229648288 0.020391205787041587 -0.05351718655045512 -0.011330687177880678 0.050916861483825439 -0.058437155793331863 0.049612013115952688 0.053835360931326452 0.0077074129693726103 0.0074975076295753194 -0.018547415203504124 -0.0067196633998233106 0.044913848937542883 -0.0099378662580762878 -0.060925919823382052 0.0020913572350550959 0.015405757181598501 -0.043868904393984096 0.053599977569092072 0.037233551582006245 -0.020335972208308521 -0.01220965779794572 -0.054068681793942565 0.020023054095782283 -0.071155777431254577 0.052911800274571298 -0.053759337872924487 -0.061116136449368155 -0.051254987721380235 0.050933397681466278
leaf_weight=1.3363761565415364 1.9897205823799584 0.55221202876418718 0.45122574124252413 0.20063273311825447 0.79289539391174901 0.12502651754766692 0.79212532786186862 0.43351257685571842 2.183759018778801 0.26667681970866386 0.63034887443063758 1.9160320025403046 1.6379966053646056 1.0142266973853091 1.351070058532059 1.8756817102548669 2.7038555310573429 1.5707712235162032 0.90899715386331115 1.3694629478268328 0.94172308011911798 1.1728103761561213 0.38638859055936337 0.60294326994335279 0.22549000335857272 0.4498234037309885 0.67337156692519784 0.33034970896551386 0.31649091048166156 0.68189939018338919
leaf_count=26 2842 28 25 24 40 2 12 15 14 18 29 28 20 19 32 32 34 30 23 19 31 17 32 18 4 12 60 11 61 42
internal_value=-0.000456214 0.00308031 0.00189132 -0.0105669 -0.00142848 -0.0120663 -0.00107361 0.00531258 0.0227029 0.0077612 0.0195912 0.00208916 0.0170774 -0.00165032 -0.0183046 0.00454049 -0.00379336 -0.0188557 0.0166451 0.0250176 0.0137761 0.00464482 -0.0289284 0.000309273 -0.0495848 0.03499 -0.0581234 -0.0566388 -0.0532888 0.0520613
internal_weight=29.8839 27.8942 26.8921 5.79397 4.69447 3.90158 3.12971 21.0982 3.29917 2.67848 2.02542 17.799 3.55403 14.245 3.86026 10.3847 6.15031 3.44645 4.23441 3.22018 2.31119 2.50919 0.653065 1.23329 1.09949 1.00204 0.898862 0.771867 0.441517 1.11541
internal_count=3600 758 718 336 248 208 134 382 71 109 59 311 48 263 75 188 96 62 92 73 50 43 50 47 88 40 64 74 63 57
is_linear=0
shrinkage=0.05


Tree=92
num_leaves=31
num_cat=0
split_feature=6 6 4 6 0 7 7 0 1 6 6 1 0 7 0 2 6 7 5 6 0 7 1 4 0 0 7 1 2 6
split_gain=1.98996 0.410861 0.677109 0.645734 0.544194 0.608581 0.766914 0.630725 0.665604 0.580992 0.554719 0.569531 0.538044 0.484852 0.418807 0.417107 0.396859 0.369021 0.341974 0.284607 0.562281 0.62513 0.274487 0.483942 0.248381 0.160917 0.0166955 0.00635396 0.00372899 0.000158422
threshold=10.034239841943679 2.6699638003383241 18.425073633879659 2.1216903326982175 18.521367085018159 26.165698634987731 20.352291367455688 18.516475119798915 73.755846897900128 6.9412750327836124 6.2770418785418016 73.763524679419433 18.502249002665661 22.174420970848029 18.466422400556457 18.494225675594834 4.0636066783038824 29.289660190267693 73.779948143422118 7.1832665416965229 18.582874082855877 10.852348571311355 73.928413510684194 18.556650015897734 18.458425916563133 18.59649222817761 14.396293165473397 73.824040706206446 18.581900107688799 7.1832665416965229
decision_type=2 2 2 2 2 2 2 2 2 2 2 2 2 2 2 2 2 2 2 2 2 2 2 2 2 2 2 2 2 2
left_child=1 2 -1 -4 5 6 7 8 -3 12 13 25 14 15 24 -6 -7 -18 -13 -20 21 -21 23 -8 -10 -12 -16 -23 -17 -11
right_child=-2 4 3 -5 10 16 22 -9 9 29 11 18 -14 -15 26 28 17 -19 19 20 -22 27 -24 -25 -26 -27 -28 -29 -30 -31
leaf_value=-0.0067065758281408556 -0.050033587219852849 -0.055444805566231617 0.055965483998647841 0.01174696770038559 0.0092182043992780471 0.043949952353914433 -0.0017176445851246132 -0.060834067940143267 -0.00091562734677818908 -0.053024455487580439 -0.054123645489250451 0.022861504382447665 0.041550583422780563 -0.002481231007060606 -0.021211996923246938 0.056022479262643747 0.018738090706835877 -0.030671010971994025 0.012157083096832635 0.0052961221243520568 0.011556049544319791 -0.062348154816420226 -0.063211998681060796 -0.054553610974209334 0.043256962449847232 -0.014016981291660211 -0.010877450772014801 -0.054066399586343822 0.050820723480388498 -0.050665668948682477
leaf_weight=2.2202253900468412 1.8927442671265442 0.47613594413269478 1.3336663404479625 2.1673927344381809 0.81959606707096089 0.74249219894409213 0.89854843332432233 0.4555419050157069 0.60875276813749291 0.093402618076652177 0.52687809831695431 1.9745868691243229 1.1396985634928567 1.1283030081540344 0.83799485443159916 0.85827803052961804 0.98075068800244458 0.61478902603266761 2.2035013462882489 0.67776523577049397 1.4234424106543881 0.39421410299837589 0.76126530021429051 0.83716438303235918 0.66684431966859847 0.47608374757692218 0.73231955454684794 0.56145542144076899 0.57558837439864874 0.29923445201711729
leaf_count=15 2842 39 34 26 7 8 25 15 33 13 33 27 24 23 22 12 28 27 24 11 24 9 12 39 11 12 18 34 40 113
internal_value=-0.000444556 0.00297026 0.0148934 0.0285912 -0.000163988 -0.00862542 -0.0153272 -0.0045807 0.000698192 0.00680376 0.00722353 0.000223947 0.0125206 0.0242744 0.000894952 0.0376709 0.0137525 -0.00030009 0.00511885 -0.00154121 -0.0114154 -0.0314337 -0.0381801 -0.0272013 0.0221765 -0.0350859 -0.0163925 -0.0574826 0.0539344 -0.0512268
internal_weight=29.3787 27.4859 5.72128 3.50106 21.7646 10.1449 7.8069 5.30992 4.85438 4.37825 11.6197 8.23793 3.98561 3.38177 2.84591 2.25346 2.33803 1.59554 7.23497 5.26038 3.05688 1.63343 2.49698 1.73571 1.2756 1.00296 1.57031 0.95567 1.43387 0.392637
internal_count=3600 758 75 60 683 427 364 288 273 234 256 174 108 82 84 59 63 55 129 102 78 54 76 64 44 45 40 43 52 126
is_linear=0
shrinkage=0.05


Tree=93
num_leaves=31
num_cat=0
split_feature=6 0 6 0 0 7 6 1 7 9 0 1 1 6 6 6 8 0 7 0 0 5 0 8 7 1 6 6 6 7
split_gain=1.8893 0.377748 0.402775 0.878698 0.67218 0.677321 0.964194 0.941561 0.697426 0.533358 0.515687 0.495102 0.426727 0.617829 0.572615 0.418696 0.462945 0.54788 0.421401 0.366742 0.218604 0.132527 0.000867364 0.000727931 0.000215559 8.7234e-05 7.44637e-05 7.10407e-06 4.12082e-06 2.57162e-06
threshold=10.034239841943679 18.653229002336804 4.3858722353422595 18.438973453631764 18.446289511238572 17.693024436103055 3.0350754803297613 73.958731935009368 9.9471779036745946 -1.0000000180025095e-35 18.528845614882403 73.902050297856078 73.821754006160404 6.0215309568934048 4.7799243670370677 6.2770418785418016 2.5000000000000004 18.599406543986039 13.253697828132001 18.554842084576531 18.482330734710494 73.817477667796027 18.524168457542348 1.5000000000000002 24.401904450943253 73.835166519851612 6.0215309568934048 5.1901810810604898 6.2770418785418016 17.693024436103055
decision_type=2 2 2 2 2 2 2 2 2 2 2 2 2 2 2 2 2 2 2 2 2 2 2 2 2 2 2 2 2 2
left_child=1 2 3 -1 -5 6 -6 9 -8 -7 11 12 14 -14 -4 -12 -17 18 -18 -20 25 -3 26 -16 27 -15 -13 -25 -28 -27
right_child=-2 21 10 4 5 7 8 -9 -10 -11 15 22 13 20 23 16 17 -19 19 -21 -22 -23 -24 24 -26 29 28 -29 -30 -31
leaf_value=0.04821861541374961 -0.050031948849096813 0.05184090235244937 0.0054493000610208097 -0.030784184569737 0.050140925435877219 -0.0076144635294925159 -0.021216326018823582 -0.032625360870590474 0.031018459381638025 0.030361119852636481 0.025746761797008196 -0.051431603924289117 0.035630212454536618 -0.052209747836732413 -0.054475458902672795 0.021478990369754706 0.01603914570313086 -0.036710158733876612 -0.034144865058436606 0.005309071259907424 -0.0040366996290440247 0.014640817445856278 -0.055047841836708758 -0.05084464248193013 -0.052197040782457321 -0.0504615837839315 -0.050595341781361484 -0.05032843587043806 -0.050130528549613619 -0.050848286582953588
leaf_weight=1.2374444101005888 1.8004914825432923 0.49077745713293452 0.74304571747779791 1.2471827082335938 1.8604605263099054 1.8792182989418504 1.3849191563203933 1.8491517920047043 1.1864959690719841 1.8200917849317195 1.6265176604501883 0.483013734105043 0.93219703622162375 0.19094776664860524 0.27316132030682616 1.6060794892255215 2.0795846378896385 1.3532586076762525 1.20379019738175 1.1533184774452818 0.73403118131682277 0.46746325306594372 0.17335296305827796 0.094446972478181124 0.42510186351137236 0.08494475157931447 0.074530319310724735 0.22645907511468977 0.13237466843565926 0.087050861679017544
leaf_count=24 2842 25 12 10 27 15 26 20 17 29 39 32 16 15 16 27 32 22 37 20 30 15 5 8 27 26 11 71 88 16
internal_value=-0.0004348 0.00286032 0.00173014 0.00823119 0.00382396 0.00814874 0.022723 -0.00349258 0.00288572 0.0110698 -0.00419471 -0.0177119 -0.00993063 0.00570141 -0.0279308 0.00277868 -0.00227241 -0.00886083 -0.000366364 -0.0148403 -0.0197318 0.0336934 -0.0518861 -0.0522672 -0.0514586 -0.0514741 -0.0510916 -0.0504804 -0.050298 -0.0506573
internal_weight=28.9009 27.1004 26.1422 12.465 11.2275 9.98034 4.43188 5.54846 2.57142 3.69931 13.6772 4.65466 3.79139 2.02917 1.76221 9.02255 7.39603 5.78995 4.43669 2.35711 1.09697 0.958241 0.863272 1.01917 0.746008 0.362943 0.689919 0.320906 0.206905 0.171996
internal_count=3600 758 718 168 144 134 70 64 43 44 550 373 237 103 134 177 138 111 89 57 87 40 136 122 106 57 131 79 99 42
is_linear=0
shrinkage=0.05


Tree=94
num_leaves=31
num_cat=0
split_feature=6 6 4 6 0 7 7 0 1 6 7 7 1 6 1 7 0 5 6 7 0 6 7 7 6 5 8 4 1 1
split_gain=1.79389 0.361055 0.603988 0.64263 0.482859 0.565717 0.698218 0.574031 0.619082 0.518144 0.515319 0.595434 0.613841 0.711058 0.808588 0.430091 0.399304 0.55174 0.468826 0.382237 0.367989 0.358664 0.341645 0.298958 0.279667 0.51651 0.262073 0.475393 0.17065 0.0139007
threshold=10.034239841943679 2.6699638003383241 18.425073633879659 2.1216903326982175 18.521367085018159 26.165698634987731 20.352291367455688 18.516475119798915 73.755846897900128 5.1901810810604898 22.776294191724663 18.260341820951961 73.897298947331777 8.061996702241002 73.850473518602158 9.3177230976582752 18.502249002665661 73.952138398423614 6.0215309568934048 8.0169663729214822 18.471857544509842 4.0636066783038824 29.289660190267693 7.6434994584099689 3.8449982720071083 73.74653685882501 6.5000000000000009 18.556650015897734 73.954297135201529 73.844214057116474
decision_type=2 2 2 2 2 2 2 2 2 2 2 2 2 2 2 2 2 2 2 2 2 2 2 2 2 2 2 2 2 2
left_child=1 2 -1 -4 5 6 7 8 -3 28 11 12 13 15 23 -11 17 18 20 -20 -10 -7 -23 -15 -18 -26 27 -8 -6 -21
right_child=-2 4 3 -5 9 21 26 -9 16 10 -12 -13 -14 14 -16 -17 24 -19 19 29 -22 22 -24 -25 25 -27 -28 -29 -30 -31
leaf_value=-0.0063557040030118063 -0.050030388532381134 -0.055174303709299946 0.055715992885377631 0.010614945975367931 0.048475918943388346 0.042915428476050482 0.0083831597104889796 -0.059413343149985788 0.035988524348277477 0.050621610797119611 -0.029840002137498586 0.029320772392833747 -0.030763721967244712 -0.058078261131435008 0.020299192850231809 0.0049005711457341871 0.056362798095597813 -0.057849508652559493 0.011774119319338049 -0.070360244787081444 -0.0083849920627165255 0.018618236133184748 -0.029645265490840053 -0.013274492604172357 0.052220033346447439 -0.036026953498307139 -0.054091975910156666 -0.054128588874524777 0.018400107299136666 -0.050629003471892288
leaf_weight=2.197553236037499 1.7127325232722785 0.45079063862795177 1.2535940064117315 2.1348964395001531 0.76361642777919669 0.71264417842030559 0.64669183403020747 0.43634833785472427 1.1339137633331127 1.0892993221059426 1.128406430245376 2.0800818628049456 1.3970300125656647 0.71008813567459605 1.2190179179888216 0.97452926263213147 0.56445675157010533 0.40216146601596836 0.30254608130780969 0.24741561693372205 0.79466555197723199 0.95332874334417261 0.59584817144786939 0.78274227841757238 0.33453626418486238 0.32876633107662201 1.1754945270949972 0.57416466018185019 1.2335080504417417 0.13964208215475082
leaf_count=15 2842 39 34 26 26 8 18 15 30 29 38 35 35 17 19 14 7 34 36 13 20 28 27 25 8 35 29 29 18 51
internal_value=-0.000422557 0.00275278 0.01406 0.0273004 -0.00023058 -0.00836964 -0.0149551 -0.00455553 0.000538674 0.00677477 0.00185177 0.006185 -0.00161131 0.00691666 -0.00991431 0.0290324 0.0064507 -0.00332286 0.00505261 -0.0303304 0.0177045 0.0135593 5.50114e-05 -0.0345861 0.0304941 0.00848036 -0.0372409 -0.0210159 0.0298998 -0.0632416
internal_weight=28.4705 26.7578 5.58604 3.38849 21.1717 9.79341 7.53159 5.13524 4.69889 11.3783 9.3812 8.25279 6.17271 4.77568 2.71185 2.06383 4.2481 3.02034 2.61818 0.689604 1.92858 2.26182 1.54918 1.49283 1.22776 0.663303 2.39635 1.22086 1.99712 0.387058
internal_count=3600 758 75 60 683 427 364 288 273 256 212 174 139 104 61 43 234 184 150 100 50 63 55 42 50 43 76 47 44 64
is_linear=0
shrinkage=0.05


Tree=95
num_leaves=31
num_cat=0
split_feature=6 3 1 6 0 6 0 7 1 6 0 1 7 6 7 1 7 7 0 1 7 0 3 1 6 0 0 1 1 6
split_gain=1.70351 0.362671 0.577384 0.614971 0.607684 0.9518 0.767117 1.03191 0.599401 0.654811 0.709693 0.627789 0.501174 0.472203 0.697592 0.927577 0.478439 0.394819 0.356295 1.59544 0.720656 0.205372 0.182309 0.174884 0.0860209 0.270168 0.00555349 0.00236501 0.00102244 0.000444249
threshold=10.034239841943679 73.747057326965916 73.771701713731701 8.7593409946772969 18.460072736752586 2.3971455884925401 18.483020437220819 27.092562299224799 73.886366288444705 3.8449982720071083 18.524168457542348 73.958731935009368 9.0006530003552179 6.1978922637714797 12.107326605801719 73.847631492811431 9.0006530003552179 18.260341820951961 18.580191550870058 73.74589070238396 7.3289611064731348 18.424512147100764 73.774649923850944 73.902196148128596 9.0137906069856637 18.695119111257256 18.521895324678272 73.822356022856667 73.755846897900128 4.3858722353422595
decision_type=2 2 2 2 2 2 2 2 2 2 2 2 2 2 2 2 2 2 2 2 2 2 2 2 2 2 2 2 2 2
left_child=1 18 4 8 -3 -6 -7 12 13 11 21 -10 -8 22 16 -16 -15 -12 19 -1 -20 -11 -4 -23 -5 -26 29 -24 -14 -25
right_child=-2 2 3 24 5 6 7 -9 9 10 17 -13 28 14 15 -17 -18 -19 20 -21 -22 23 27 26 25 -27 -28 -29 -30 -31
leaf_value=0.037999425680854002 -0.050028904526324504 -0.04262563447151578 0.0204931142678621 -0.056925226302177369 0.040001600372241063 -0.059805129609298457 0.0047633006244342906 0.046323956311330544 0.039088280724259586 -0.003095570455534422 -0.014100871321672599 0.0012351466594223382 -0.052701688839581255 0.0062888921655943307 -0.059281355483317179 0.022569677949282965 0.053923395119305211 0.018017278635628339 -0.0055311603557527218 -0.040686095655269948 0.064001067807222936 -0.01318028915138905 0.056763234347810991 -0.053124145599888407 -0.051092690696692401 0.051363434675338319 -0.060090655800817717 0.051984779543684446 -0.056354415143832687 -0.050909417972802656
leaf_weight=1.537749527022249 1.629248656448907 1.3950648374157051 0.65404781908728793 0.38794059824431215 0.92878982611000571 0.80097740521887351 0.66836366534698777 0.72079585562460113 1.5804608436301331 0.36441894923336793 2.0904861707240348 3.5684990910813212 0.42330330749973655 1.1684154507238425 0.6831902962294405 0.70158166298642755 0.96044609148520965 1.7644320023246107 0.63457710528746225 1.108671377180144 0.90279940189793706 0.33847486128797744 0.40701625496149041 0.45785387977957703 0.22464872273849323 0.09016768354922533 0.27954842755571008 0.71174346841871738 0.34995930979494005 0.44795700762188062
leaf_count=34 2842 31 19 24 7 21 12 9 34 24 32 32 35 31 32 8 14 28 30 28 22 20 8 13 81 4 5 33 13 74
internal_value=-0.000412913 0.00265462 0.000106424 0.00462233 -0.0143121 -0.0041638 -0.0180061 -0.00252348 0.00661129 -9.3476e-05 -0.0117014 0.0128541 -0.0269466 0.0204257 0.00981109 -0.0178123 0.0277794 0.000599905 0.0161567 0.00503551 0.0353005 -0.0368149 0.0414635 -0.0448787 -0.0411667 -0.0217479 -0.0539301 0.0537232 -0.0543548 -0.0520289
internal_weight=27.9816 26.3524 22.1686 16.8813 5.28725 3.89219 2.9634 2.16242 16.1786 10.8921 5.74317 5.14896 1.44163 5.28644 3.51363 1.38477 2.12886 3.85492 4.1838 2.64642 1.53738 1.88825 1.77281 1.52383 0.702757 0.314816 1.18536 1.11876 0.773263 0.905811
internal_count=3600 758 644 516 128 97 90 69 407 262 196 66 60 145 85 40 45 60 114 62 52 136 60 112 109 85 92 41 48 87
is_linear=0
shrinkage=0.05


Tree=96
num_leaves=31
num_cat=0
split_feature=6 1 9 1 0 1 7 0 6 1 7 0 0 3 1 6 7 1 1 6 7 7 0 0 1 0 0 6 6 1
split_gain=1.61784 0.369359 0.455101 0.735296 0.906054 0.833626 0.804784 0.785223 0.71318 0.611111 0.749652 0.723345 1.18573 0.868976 0.875844 0.735966 0.684549 1.15658 0.424452 0.402713 0.344761 0.336538 0.255283 0.138323 0.135696 0.126359 0.0910593 0.058405 0.0165053 0.0150427
threshold=10.034239841943679 73.980931547760676 -1.0000000180025095e-35 73.904586609423191 18.516475119798915 73.836866324513892 25.238134529568732 18.556101302628253 3.8449982720071083 73.968010627583894 18.260341820951961 18.460072736752586 18.425729057553863 73.92818075202608 73.740639785001335 5.019130639256665 21.439913938635758 73.74589070238396 73.931917724426953 6.2770418785418016 22.776294191724663 12.107326605801719 18.483020437220819 18.444528681851128 73.828615910606331 18.601067106894359 18.55838607966361 4.2089742726263095 3.0350754803297613 73.938196464927358
decision_type=2 2 2 2 2 2 2 2 2 2 2 2 2 2 2 2 2 2 2 2 2 2 2 2 2 2 2 2 2 2
left_child=1 2 3 5 -5 6 7 28 -8 10 11 12 -4 14 25 -15 18 22 -12 27 -19 24 -18 -10 -21 -13 -7 -16 -1 -17
right_child=-2 -3 9 4 -6 26 8 -9 23 -11 16 13 -14 15 19 29 17 20 -20 21 -22 -23 -24 -25 -26 -27 -28 -29 -30 -31
leaf_value=-0.064989964342587248 -0.050027492671592358 0.026995888230252486 0.032675449052735971 0.0065006222639256836 -0.062150746895135993 0.023935743962875872 0.030903063540599164 0.0065878657389604189 -0.0013143894365512917 -0.022047929283541254 0.017599398463005334 -0.053328191641788071 -0.078906573147103101 0.007148264561339073 0.032978475506811149 -0.051899893705958045 0.059992748316835431 0.0036345801213419817 0.05824982714388105 0.010970717861780646 -0.03565867856747728 -0.0098696820570213662 0.021909662013179926 -0.032434430754121051 0.040883998425341066 -0.010383942122632842 0.055177009481010703 0.051003192623957895 -0.053004302615699751 -0.065375352044225191
leaf_weight=0.45568433403969011 1.5498319418984454 1.4596942948410276 0.36624799866695823 0.79773284966358948 1.2090095059247685 0.39108447061153118 1.6175922714173796 0.78320139518473286 0.684222698502708 1.7503339475370001 1.098819084640126 0.42872959352098394 0.68038764473749325 0.89765939395874716 0.92539709527045466 0.60021902166772634 0.78263282263651479 1.1541234189644458 1.5451358532882293 0.73781168099958472 1.0812191951554266 1.1116008940152822 1.0052750847535206 0.74679083633236587 0.7798381574684754 0.28526337165385485 0.57790238643065095 0.87376890412997454 0.7770324915763922 0.31620071653742343
leaf_count=3 2842 27 38 27 24 19 14 15 24 33 35 29 39 24 15 51 9 19 23 16 38 23 37 17 24 14 28 25 52 16
internal_value=-0.00040419 0.00256286 0.00110483 -0.00864166 -0.03486 7.85547e-05 -0.00805088 -0.0325615 0.008157 0.00587713 0.0092089 -0.00110736 -0.0398608 0.00472327 0.0152193 -0.02503 0.0215922 0.00860435 0.0413556 0.0235048 -0.0153713 0.0110321 0.03858 -0.0175547 0.0263415 -0.0361706 0.042568 0.0417322 -0.0574349 -0.0565495
internal_weight=27.4704 25.9206 24.4609 8.04025 2.00674 6.03351 5.06452 2.01592 3.04861 16.4207 14.6703 8.00312 1.04664 6.95649 5.14241 1.81408 6.66721 4.02325 2.64395 4.42842 2.23534 2.62925 1.78791 1.43101 1.51765 0.713993 0.968987 1.79917 1.23272 0.91642
internal_count=3600 758 731 223 51 172 125 70 55 508 475 314 77 237 146 91 161 103 58 103 57 63 46 41 40 43 47 40 55 67
is_linear=0
shrinkage=0.05


Tree=97
num_leaves=31
num_cat=0
split_feature=6 1 9 1 1 7 0 0 1 7 0 0 3 1 6 7 1 0 1 6 7 7 0 0 0 0 0 6 1 6
split_gain=1.53655 0.338389 0.460846 0.823061 0.772234 0.75184 0.899993 0.67926 0.599883 0.691035 0.673718 1.11489 0.799997 0.80649 0.699787 0.641191 1.06553 0.591856 0.424564 0.379889 0.319155 0.306765 0.252999 0.125908 0.124264 0.11405 0.0958084 0.061695 0.0135667 0.00790672
threshold=10.034239841943679 73.980224078025486 -1.0000000180025095e-35 73.904586609423191 73.836866324513892 26.052872200373304 18.475458527718366 18.516475119798915 73.968010627583894 18.260341820951961 18.460072736752586 18.425729057553863 73.92818075202608 73.740639785001335 5.019130639256665 21.439913938635758 73.74589070238396 18.556101302628253 73.931917724426953 6.2770418785418016 22.776294191724663 12.107326605801719 18.483020437220819 18.601067106894359 18.46396033216806 18.55177110251692 18.55838607966361 4.2089742726263095 73.938196464927358 4.0636066783038824
decision_type=2 2 2 2 2 2 2 2 2 2 2 2 2 2 2 2 2 2 2 2 2 2 2 2 2 2 2 2 2 2
left_child=1 2 3 4 5 17 -7 -5 9 10 11 -4 13 23 -14 18 22 24 -11 27 -18 25 -17 -12 -1 -21 -6 -15 -16 -26
right_child=-2 -3 8 7 26 6 -8 -9 -10 15 12 -13 14 19 28 16 20 -19 -20 21 -22 -23 -24 -25 29 -27 -28 -29 -30 -31
leaf_value=-0.02367065575211702 -0.05002615119704247 0.023501733449244652 0.031601177440811645 0.00053292544909762341 0.022642215076559141 -0.013382625190753276 0.045535109944423315 -0.061514783657838502 -0.024265987433270682 0.016750710489154566 -0.053171985893675222 -0.077938244466869422 0.0068085119776310765 0.031629400014253295 -0.051450230577196526 0.05933858652468349 0.0034538084920977619 0.0062646836068760321 0.057791331419162907 0.038619028107694631 -0.034540765654418763 -0.0093824181681343728 0.020949376252290507 -0.0098772670250868774 -0.061660760994639754 0.011066990663968219 0.054951593725940842 0.050379995726324858 -0.064495767311886915 -0.05287222622525517
leaf_weight=0.40258420794271232 1.4742842617561098 1.7797213054727752 0.35992821509717543 0.71110185747966159 0.39271239290246729 1.631617696839385 1.0753581572789697 1.1616334727150386 1.5043379715061735 1.0968199079507033 0.40898804907919828 0.65504441928351298 0.89539064699783899 0.91684814821928717 0.57581106416182593 0.75246302830055378 1.1538115981966259 0.782444696757011 1.4811440188786944 0.77485757868271343 1.0609290334396062 1.1108828747528603 0.99895400775130838 0.28491109982132912 0.40971217304468133 0.72895569959655404 0.5519158891402185 0.84117853920906782 0.30477704585064203 0.68178417952731252
leaf_count=10 2842 35 38 25 19 35 14 24 27 35 29 39 24 15 51 9 19 15 23 29 38 23 37 14 4 11 28 25 16 47
internal_value=-0.000396414 0.00247444 0.000895881 -0.00905863 6.97496e-05 -0.00778711 0.0100227 -0.0379545 0.00577792 0.00891617 -0.0010791 -0.0390935 0.00455963 0.0146816 -0.0243168 0.0209176 0.00829954 -0.0289644 0.0403302 0.0226282 -0.0147468 0.0105438 0.0374426 -0.0353954 -0.0474138 0.0252635 0.0415195 0.0406012 -0.0559654 -0.0561712
internal_weight=26.9609 25.4866 23.7069 7.80086 5.92813 4.9835 2.70698 1.87274 15.906 14.4017 7.85757 1.01497 6.8426 5.06662 1.77598 6.54412 3.96616 2.27653 2.57796 4.37272 2.21474 2.6147 1.75142 0.693899 1.49408 1.50381 0.944628 1.75803 0.880588 1.0915
internal_count=3600 758 723 221 172 125 49 49 502 475 314 77 237 146 91 161 103 76 58 103 57 63 46 43 61 40 47 40 67 51
is_linear=0
shrinkage=0.05


Tree=98
num_leaves=31
num_cat=0
split_feature=6 0 6 7 7 7 1 8 5 0 6 6 0 1 7 0 7 5 7 7 6 5 1 8 1 7 1 7 7 0
split_gain=1.45943 0.320767 0.355375 0.736881 0.920177 0.658906 0.470619 0.394361 0.409159 0.388903 0.51483 0.341045 0.801877 0.591493 0.816243 0.712349 0.52497 0.397491 0.377009 0.246948 0.189227 0.188609 0.144571 0.142072 0.1319 0.0146076 0.0112012 0.00366369 0.00130459 0.000812572
threshold=10.034239841943679 18.653229002336804 6.9412750327836124 19.380939879111715 17.199366996803416 12.107326605801719 73.763524679419433 5.5000000000000009 73.779948143422118 18.544833662628516 6.2770418785418016 4.7799243670370677 18.441112884714837 73.744984705305555 21.117515068380943 18.508617303427616 21.016347628510754 73.799148083326656 8.4536343495572428 24.494385280016832 7.9441325198846906 73.846549693948546 73.805504203633788 3.5000000000000004 73.747808243712129 20.490870582794138 73.870395774555348 16.325857617730588 12.225046900364484 18.570270609054585
decision_type=2 2 2 2 2 2 2 2 2 2 2 2 2 2 2 2 2 2 2 2 2 2 2 2 2 2 2 2 2 2
left_child=1 2 9 4 5 6 -4 8 -8 11 29 12 -1 -14 15 18 17 -13 -15 -18 -9 -19 -3 -10 -5 -26 -6 28 -7 -11
right_child=-2 22 3 24 26 27 7 20 23 10 -12 16 13 14 -16 -17 19 21 -20 -21 -22 -23 -24 -25 25 -27 -28 -29 -30 -31
leaf_value=0.040079831513951857 -0.05002487592174313 0.010290650659003185 -0.053100471361352181 -0.011123143432648197 0.042932701217408456 -0.057558472354544768 0.048122360471820752 0.0041552186279015203 -0.017500972018815755 0.053877448882806912 0.0070180513730059933 0.022062826015963606 0.027239701693980115 0.012078875877447602 -0.026994558713665046 0.028048213363859903 -0.055358919565861781 -4.3441207931108908e-05 -0.019456850418565572 -0.016801019037160442 -0.053593444401180329 -0.051213155482724183 0.051594187023047425 0.017403842215888473 -0.068534572048945516 -0.053573971089990374 0.055179243895193852 -0.060564887187260545 -0.05116725078657728 0.050789761991012483
leaf_weight=1.4731773789972233 1.4024174555088382 0.39342387299984594 0.37992466331343155 0.18638364895014081 0.36375136027345423 0.1151973140076733 0.70031429093796793 0.24531673244200636 0.58909923001192488 0.32908920571207945 2.0310619994997978 1.3057647376554085 1.7624753266572941 1.5567409386858329 2.7743473071604967 2.2563785482198 0.67948308307677496 0.38219582778401662 2.4225876317359507 1.0678873121505601 0.3363414277555421 0.34054372337413952 0.45906806830316782 0.577131173806265 0.22745809226762503 0.57721922197379172 0.38363431132165715 0.29644210980040953 0.26017333814525045 0.60442560072988272
leaf_count=31 2842 18 25 24 30 2 12 18 29 12 14 29 23 22 30 24 22 15 33 31 32 51 22 18 6 58 10 11 61 45
internal_value=-0.000387829 0.00238809 0.00132727 -0.0102021 -0.00114347 -0.011898 -0.00132429 0.0067106 0.0179129 0.00450828 0.0211441 0.00143006 0.00548085 0.000749328 -0.00443251 0.00560564 -0.0117072 0.00559621 -0.00711986 -0.0317947 -0.0292377 -0.0241538 0.0325327 -0.000227664 -0.0490241 -0.0578029 0.0492189 -0.0564099 -0.0531286 0.0518783
internal_weight=26.4795 25.077 24.2245 5.23839 4.24733 3.49994 2.82813 2.4482 1.86654 18.9862 2.96458 16.0216 12.2457 10.7725 9.01005 6.23571 3.77587 2.0285 3.97933 1.74737 0.581658 0.72274 0.852492 1.16623 0.991061 0.804677 0.747386 0.671813 0.375371 0.933515
internal_count=3600 758 718 336 248 208 134 109 59 382 71 311 163 132 109 79 148 95 55 53 50 66 40 47 88 64 40 74 63 57
is_linear=0
shrinkage=0.05


Tree=99
num_leaves=31
num_cat=0
split_feature=6 6 4 6 0 7 7 0 1 6 0 6 1 7 0 3 6 7 5 1 4 6 1 8 7 0 6 0 2 6
split_gain=1.38616 0.320345 0.521097 0.598731 0.435929 0.491654 0.56675 0.484751 0.542266 0.487889 0.483436 0.441063 0.454353 0.395945 0.358192 0.35174 0.313153 0.274181 0.268981 0.239627 0.396795 0.237054 0.558426 0.32558 0.463219 0.212781 0.168258 0.163545 0.00206275 0.000204622
threshold=10.034239841943679 2.6699638003383241 18.425073633879659 2.1216903326982175 18.521367085018159 26.165698634987731 20.352291367455688 18.516475119798915 73.755846897900128 6.9412750327836124 18.502249002665661 6.2770418785418016 73.763524679419433 22.174420970848029 18.466422400556457 73.967926473069511 4.0636066783038824 29.289660190267693 73.779948143422118 73.928413510684194 18.556650015897734 7.1832665416965229 73.789204433036986 3.5000000000000004 10.573816420176835 18.458425916563133 4.2089742726263095 18.59649222817761 18.581900107688799 7.1832665416965229
decision_type=2 2 2 2 2 2 2 2 2 2 2 2 2 2 2 2 2 2 2 2 2 2 2 2 2 2 2 2 2 2
left_child=1 2 -1 -4 5 6 7 8 -3 10 14 13 27 15 25 28 -7 -18 -14 20 -8 -20 -23 -24 -25 -10 -16 -13 -6 -11
right_child=-2 4 3 -5 11 16 19 -9 9 29 -12 12 18 -15 26 -17 17 -19 21 -21 -22 22 23 24 -26 -27 -28 -29 -30 -31
leaf_value=-0.0059415381879416515 -0.050023663074699298 -0.055079888091770092 0.055179155369176891 0.0097781228686454336 0.054971153556131261 0.04127900552145132 -0.0022358594982183205 -0.058071772361613629 -0.0030798638560037206 -0.053330637494927481 0.040189794733826868 -0.053919318948405209 0.020924955105403598 -0.0024236941932059605 -0.035881627049495504 0.0093674078282875838 0.016490573227415605 -0.028118964262612751 0.011250750571092368 -0.061248975854263858 -0.053700985233543691 0.028879446938348281 -0.050884299241797021 0.018385779715811901 -0.03925282308784326 0.0402332427402863 -0.0015829580609019957 -0.010852630394040037 0.050662083877159383 -0.05057688787596977
leaf_weight=2.1183961778879228 1.33405225680326 0.4130370486527698 1.1347911767661574 2.0166862378828228 0.71183802746236169 0.65025559999048743 0.83733338525053136 0.40053670821362164 0.52870124520268402 0.091419862583279499 0.99855986970942456 0.4710971361491828 1.7896988205611704 1.0203364999033508 0.66238598991185405 0.74785339087247837 0.90853241441072874 0.55477516166865826 2.0207549121696502 0.66555308178067196 0.677604143274948 0.66107600124087218 0.72679300629533861 0.71755169914104022 0.6778852793504484 0.6115245123510249 0.77702111995313317 0.41431273496709764 0.45540683483704925 0.2573884584417101
leaf_count=15 2842 39 34 26 12 8 25 15 33 13 24 33 27 23 12 7 28 27 24 12 39 7 25 13 33 11 28 12 40 113
internal_value=-0.000378596 0.00230067 0.0132356 0.0261262 -0.000662192 -0.00869917 -0.0151448 -0.00544102 -0.000583796 0.00514803 0.0106506 0.00630985 -0.000136412 0.0227342 -0.000783907 0.036138 0.0124077 -0.000421977 0.0043795 -0.0362417 -0.0252553 -0.00178432 -0.0112481 -0.0237479 -0.00961431 0.0201498 -0.0173665 -0.033767 0.0532899 -0.0512986
internal_weight=26.0532 24.7191 5.26987 3.15148 19.4492 9.03463 6.92107 4.74057 4.34004 3.927 3.57819 10.4146 7.47917 2.93543 2.57963 1.9151 2.11356 1.46331 6.59376 2.18049 1.51494 4.80406 2.78331 2.12223 1.39544 1.14023 1.43941 0.88541 1.16724 0.348808
internal_count=3600 758 75 60 683 427 364 288 273 234 108 256 174 82 84 59 63 55 129 76 64 102 78 71 46 44 40 45 52 126
is_linear=0
shrinkage=0.05


end of trees

feature_importances:
distance_report_to_route=802
report_lat=709
report_lng=505
distance_report_to_driver=425
driver_lng=155
route_centroid_lat=136
route_load=102
route_centroid_lng=70
driver_lat=66
driver_status=21

parameters:
[boosting: gbdt]
[objective: binary]
[metric: binary_logloss]
[tree_learner: serial]
[device_type: cpu]
[data_sample_strategy: bagging]
[data: ]
[valid: ]
[num_iterations: 100]
[learning_rate: 0.05]
[num_leaves: 31]
[num_threads: 0]
[seed: 0]
[deterministic: 0]
[force_col_wise: 0]
[force_row_wise: 0]
[histogram_pool_size: -1]
[max_depth: -1]
[min_data_in_leaf: 20]
[min_sum_hessian_in_leaf: 0.001]
[bagging_fraction: 1]
[pos_bagging_fraction: 1]
[neg_bagging_fraction: 1]
[bagging_freq: 0]
[bagging_seed: 3]
[bagging_by_query: 0]
[feature_fraction: 1]
[feature_fraction_bynode: 1]
[feature_fraction_seed: 2]
[extra_trees: 0]
[extra_seed: 6]
[early_stopping_round: 0]
[early_stopping_min_delta: 0]
[first_metric_only: 0]
[max_delta_step: 0]
[lambda_l1: 0]
[lambda_l2: 0]
[linear_lambda: 0]
[min_gain_to_split: 0]
[drop_rate: 0.1]
[max_drop: 50]
[skip_drop: 0.5]
[xgboost_dart_mode: 0]
[uniform_drop: 0]
[drop_seed: 4]
[top_rate: 0.2]
[other_rate: 0.1]
[min_data_per_group: 100]
[max_cat_threshold: 32]
[cat_l2: 10]
[cat_smooth: 10]
[max_cat_to_onehot: 4]
[top_k: 20]
[monotone_constraints: ]
[monotone_constraints_method: basic]
[monotone_penalty: 0]
[feature_contri: ]
[forcedsplits_filename: ]
[refit_decay_rate: 0.9]
[cegb_tradeoff: 1]
[cegb_penalty_split: 0]
[cegb_penalty_feature_lazy: ]
[cegb_penalty_feature_coupled: ]
[path_smooth: 0]
[interaction_constraints: ]
[verbosity: 1]
[saved_feature_importance_type: 0]
[use_quantized_grad: 0]
[num_grad_quant_bins: 4]
[quant_train_renew_leaf: 0]
[stochastic_rounding: 1]
[linear_tree: 0]
[max_bin: 255]
[max_bin_by_feature: ]
[min_data_in_bin: 3]
[bin_construct_sample_cnt: 200000]
[data_random_seed: 1]
[is_enable_sparse: 1]
[enable_bundle: 1]
[use_missing: 1]
[zero_as_missing: 0]
[feature_pre_filter: 1]
[pre_partition: 0]
[two_round: 0]
[header: 0]
[label_column: ]
[weight_column: ]
[group_column: ]
[ignore_column: ]
[categorical_feature: ]
[forcedbins_filename: ]
[precise_float_parser: 0]
[parser_config_file: ]
[objective_seed: 5]
[num_class: 1]
[is_unbalance: 0]
[scale_pos_weight: 1]
[sigmoid: 1]
[boost_from_average: 1]
[reg_sqrt: 0]
[alpha: 0.9]
[fair_c: 1]
[poisson_max_delta_step: 0.7]
[tweedie_variance_power: 1.5]
[lambdarank_truncation_level: 30]
[lambdarank_norm: 1]
[label_gain: ]
[lambdarank_position_bias_regularization: 0]
[eval_at: ]
[multi_error_top_k: 1]
[auc_mu_weights: ]
[num_machines: 1]
[local_listen_port: 12400]
[time_out: 120]
[machine_list_filename: ]
[machines: ]
[gpu_platform_id: -1]
[gpu_device_id: -1]
[gpu_use_dp: 0]
[num_gpu: 1]

end of parameters

pandas_categorical:[]
