report_lat,report_lng,route_id,route_centroid_lat,route_centroid_lng,driver_lat,driver_lng,distance_report_to_route,distance_report_to_driver,route_load,driver_status,label
18.445886553045238,73.83269672945072,route_0,18.614850109927637,73.86302144126736,18.619617102629167,73.82669921131617,19.0579771486521,19.32830123115235,1,offline,0
18.445886553045238,73.83269672945072,route_1,18.490846892322832,73.97446070300018,18.433331378744178,73.95982508422698,15.765273509104782,13.48272286992199,7,offline,0
18.445886553045238,73.83269672945072,route_2,18.45104358908976,73.76409496144304,18.416815889015137,73.86571283980354,7.258832532291647,4.7518130665775615,8,available,0
18.445886553045238,73.83269672945072,route_3,18.4684825752409,73.901965564234,18.530653191461774,73.70973295381015,7.726100504749576,16.03097958573789,6,busy,0
18.445886553045238,73.83269672945072,route_4,18.408602136415862,73.87587082059603,18.520230326309324,73.82979563386353,6.158914170489163,8.272310002260049,6,busy,1
18.445886553045238,73.83269672945072,route_5,18.431769736584847,73.96139224313882,18.616715114950075,73.86330375403355,13.666074800719038,19.267408314733267,4,available,0
18.445886553045238,73.83269672945072,route_6,18.67826540463728,73.72096512473394,18.635913870368796,73.72321747318321,28.396928367366847,24.076763378308193,5,available,0
18.445886553045238,73.83269672945072,route_7,18.48171712665482,73.76327581278754,18.582646840333684,73.98496711376072,8.335697070353959,22.1140153421868,5,offline,0
18.445886553045238,73.83269672945072,route_8,18.462018133622998,73.99743939448328,18.407198691898518,73.95179965975407,17.468915392356077,13.280675910379223,4,available,0
18.445886553045238,73.83269672945072,route_9,18.549459685890337,73.70258117726151,18.610627112704925,73.96214979226147,17.91353449972671,22.84380984982535,9,busy,0
18.445886553045238,73.83269672945072,route_10,18.439797083860952,73.76732376630396,18.665889926544153,73.70933023255468,6.928961017275207,27.705057920867574,5,offline,0
18.445886553045238,73.83269672945072,route_11,18.497604458866828,73.7819760813979,18.461176023724313,73.76985624446678,7.8540741058315175,6.8428105443165546,4,busy,0
18.445886553045238,73.83269672945072,route_12,18.452053246881384,73.73083884114426,18.49490139783674,73.95247713709313,10.765845755194691,13.758427847397613,3,available,0
18.445886553045238,73.83269672945072,route_13,18.61434052948725,73.95910897281446,18.595381819679304,73.79004004237743,22.988812811735137,17.220799318771356,1,busy,0
18.445886553045238,73.83269672945072,route_14,18.498697930986943,73.95439593981811,18.410949644255314,73.80825612427586,14.114693043401765,4.662552285488939,5,busy,0
18.528071109355547,73.95433841698608,route_0,18.614850109927637,73.86302144126736,18.619617102629167,73.82669921131617,13.629225882507255,16.87068586211715,7,offline,0
18.528071109355547,73.95433841698608,route_1,18.490846892322832,73.97446070300018,18.433331378744178,73.95982508422698,4.651274062853947,10.550456417935916,5,offline,0
18.528071109355547,73.95433841698608,route_2,18.45104358908976,73.76409496144304,18.416815889015137,73.86571283980354,21.81400212685431,15.50508607348648,4,available,0
18.528071109355547,73.95433841698608,route_3,18.4684825752409,73.901965564234,18.530653191461774,73.70973295381015,8.625742100199371,25.790517583014122,3,busy,0
18.528071109355547,73.95433841698608,route_4,18.408602136415862,73.87587082059603,18.520230326309324,73.82979563386353,15.651303353047368,13.159943075729748,1,busy,0
18.528071109355547,73.95433841698608,route_5,18.431769736584847,73.96139224313882,18.616715114950075,73.86330375403355,10.734032641437526,13.756017050693718,3,available,0
18.528071109355547,73.95433841698608,route_6,18.67826540463728,73.72096512473394,18.635913870368796,73.72321747318321,29.72853072192564,27.151310852882386,3,available,0
18.528071109355547,73.95433841698608,route_7,18.48171712665482,73.76327581278754,18.582646840333684,73.98496711376072,20.79563077321533,6.873995782952233,4,offline,0
18.528071109355547,73.95433841698608,route_8,18.462018133622998,73.99743939448328,18.407198691898518,73.95179965975407,8.637312031705031,13.443066475698426,1,available,0
18.528071109355547,73.95433841698608,route_9,18.549459685890337,73.70258117726151,18.610627112704925,73.96214979226147,26.647818435163387,9.216659889554938,3,busy,0
18.528071109355547,73.95433841698608,route_10,18.439797083860952,73.76732376630396,18.665889926544153,73.70933023255468,22.02989067822147,30.026306055730227,6,offline,0
18.528071109355547,73.95433841698608,route_11,18.497604458866828,73.7819760813979,18.461176023724313,73.76985624446678,18.487083808015264,20.827600034317133,9,busy,0
18.528071109355547,73.95433841698608,route_12,18.452053246881384,73.73083884114426,18.49490139783674,73.95247713709313,25.039035615970175,3.6935214032344086,7,available,0
18.528071109355547,73.95433841698608,route_13,18.61434052948725,73.95910897281446,18.595381819679304,73.79004004237743,9.60589194609013,18.866913285436514,7,busy,0
18.528071109355547,73.95433841698608,route_14,18.498697930986943,73.95439593981811,18.410949644255314,73.80825612427586,3.266154045583573,20.173754034682013,7,busy,1
18.47198942855143,73.888879758855,route_0,18.614850109927637,73.86302144126736,18.619617102629167,73.82669921131617,16.117588494565084,17.675868863037262,8,offline,0
18.47198942855143,73.888879758855,route_1,18.490846892322832,73.97446070300018,18.433331378744178,73.95982508422698,9.265763209774653,8.62991976125434,8,offline,0
18.47198942855143,73.888879758855,route_2,18.45104358908976,73.76409496144304,18.416815889015137,73.86571283980354,13.365849275580187,6.603800876006138,3,available,0
18.47198942855143,73.888879758855,route_3,18.4684825752409,73.901965564234,18.530653191461774,73.70973295381015,1.4341523301890995,19.985199444035075,6,busy,1
18.47198942855143,73.888879758855,route_4,18.408602136415862,73.87587082059603,18.520230326309324,73.82979563386353,7.180686094234954,8.221498525831302,7,busy,0
18.47198942855143,73.888879758855,route_5,18.431769736584847,73.96139224313882,18.616715114950075,73.86330375403355,8.860041497185726,16.317070804745118,5,available,0
18.47198942855143,73.888879758855,route_6,18.67826540463728,73.72096512473394,18.635913870368796,73.72321747318321,28.971348449820947,25.24308442010961,1,available,0
18.47198942855143,73.888879758855,route_7,18.48171712665482,73.76327581278754,18.582646840333684,73.98496711376072,13.29066116956853,15.93839196695287,7,offline,0
18.47198942855143,73.888879758855,route_8,18.462018133622998,73.99743939448328,18.407198691898518,73.95179965975407,11.503244100635234,9.795679148055816,1,available,0
18.47198942855143,73.888879758855,route_9,18.549459685890337,73.70258117726151,18.610627112704925,73.96214979226147,21.449523710922186,17.24276536929883,2,busy,0
18.47198942855143,73.888879758855,route_10,18.439797083860952,73.76732376630396,18.665889926544153,73.70933023255468,13.311559411695658,28.688768868389417,9,offline,0
18.47198942855143,73.888879758855,route_11,18.497604458866828,73.7819760813979,18.461176023724313,73.76985624446678,11.628093881849459,12.610784279200136,9,busy,0
18.47198942855143,73.888879758855,route_12,18.452053246881384,73.73083884114426,18.49490139783674,73.95247713709313,16.815674103694345,7.174499424127176,8,available,0
18.47198942855143,73.888879758855,route_13,18.61434052948725,73.95910897281446,18.595381819679304,73.79004004237743,17.47464896714115,17.229083795376916,3,busy,0
18.47198942855143,73.888879758855,route_14,18.498697930986943,73.95439593981811,18.410949644255314,73.80825612427586,7.520435265323919,10.880958459516902,6,busy,0
18.569063015533963,73.85214156672617,route_0,18.614850109927637,73.86302144126736,18.619617102629167,73.82669921131617,5.2188189175683295,6.2281203690123474,2,offline,1
18.569063015533963,73.85214156672617,route_1,18.490846892322832,73.97446070300018,18.433331378744178,73.95982508422698,15.554820592826129,18.887164299226505,9,offline,0
18.569063015533963,73.85214156672617,route_2,18.45104358908976,73.76409496144304,18.416815889015137,73.86571283980354,16.075055670064582,16.989492059296268,6,available,0
18.569063015533963,73.85214156672617,route_3,18.4684825752409,73.901965564234,18.530653191461774,73.70973295381015,12.356367559886424,15.608154052945203,4,busy,0
18.569063015533963,73.85214156672617,route_4,18.408602136415862,73.87587082059603,18.520230326309324,73.82979563386353,18.0170594507929,5.918937448473025,4,busy,0
18.569063015533963,73.85214156672617,route_5,18.431769736584847,73.96139224313882,18.616715114950075,73.86330375403355,19.125327374328755,5.427691613677982,4,available,0
18.569063015533963,73.85214156672617,route_6,18.67826540463728,73.72096512473394,18.635913870368796,73.72321747318321,18.39848789415842,15.487277227811887,5,available,0
18.569063015533963,73.85214156672617,route_7,18.48171712665482,73.76327581278754,18.582646840333684,73.98496711376072,13.495059586153268,14.081319465162393,2,offline,0
18.569063015533963,73.85214156672617,route_8,18.462018133622998,73.99743939448328,18.407198691898518,73.95179965975407,19.40058667607835,20.842175774667307,7,available,0
18.569063015533963,73.85214156672617,route_9,18.549459685890337,73.70258117726151,18.610627112704925,73.96214979226147,15.91547285018054,12.481352536329778,7,busy,0
18.569063015533963,73.85214156672617,route_10,18.439797083860952,73.76732376630396,18.665889926544153,73.70933023255468,16.929071626546623,18.503806168564175,7,offline,0
18.569063015533963,73.85214156672617,route_11,18.497604458866828,73.7819760813979,18.461176023724313,73.76985624446678,10.856245136322059,14.805090785076843,5,busy,0
18.569063015533963,73.85214156672617,route_12,18.452053246881384,73.73083884114426,18.49490139783674,73.95247713709313,18.244957772285627,13.41279782633291,1,available,0
18.569063015533963,73.85214156672617,route_13,18.61434052948725,73.95910897281446,18.595381819679304,73.79004004237743,12.346655731331017,7.169831753044343,5,busy,0
18.569063015533963,73.85214156672617,route_14,18.498697930986943,73.95439593981811,18.410949644255314,73.80825612427586,13.320552151929943,18.180307160723647,4,busy,0
18.404301790189265,73.77977759803721,route_0,18.614850109927637,73.86302144126736,18.619617102629167,73.82669921131617,25.003223153558384,24.447811285354522,6,offline,0
18.404301790189265,73.77977759803721,route_1,18.490846892322832,73.97446070300018,18.433331378744178,73.95982508422698,22.67842007321576,19.267092379519067,9,offline,0
18.404301790189265,73.77977759803721,route_2,18.45104358908976,73.76409496144304,18.416815889015137,73.86571283980354,5.454408758744386,9.172649261851337,5,available,0
18.404301790189265,73.77977759803721,route_3,18.4684825752409,73.901965564234,18.530653191461774,73.70973295381015,14.733161738861956,15.873490991618201,9,busy,0
18.404301790189265,73.77977759803721,route_4,18.408602136415862,73.87587082059603,18.520230326309324,73.82979563386353,10.149705280743017,13.928393791469638,5,busy,0
18.404301790189265,73.77977759803721,route_5,18.431769736584847,73.96139224313882,18.616715114950075,73.86330375403355,19.402101867926973,25.207877037708364,7,available,0
18.404301790189265,73.77977759803721,route_6,18.67826540463728,73.72096512473394,18.635913870368796,73.72321747318321,31.087923899674074,26.435511623934232,9,available,0
18.404301790189265,73.77977759803721,route_7,18.48171712665482,73.76327581278754,18.582646840333684,73.98496711376072,8.782420912279546,29.35072955824002,5,offline,0
18.404301790189265,73.77977759803721,route_8,18.462018133622998,73.99743939448328,18.407198691898518,73.95179965975407,23.84114801622771,18.152333465069933,1,available,0
18.404301790189265,73.77977759803721,route_9,18.549459685890337,73.70258117726151,18.610627112704925,73.96214979226147,18.07782963294928,29.935700051002307,6,busy,0
18.404301790189265,73.77977759803721,route_10,18.439797083860952,73.76732376630396,18.665889926544153,73.70933023255468,4.159827238445622,30.02050382661246,2,offline,1
18.404301790189265,73.77977759803721,route_11,18.497604458866828,73.7819760813979,18.461176023724313,73.76985624446678,10.377374680365406,6.410144622880818,7,busy,0
18.404301790189265,73.77977759803721,route_12,18.452053246881384,73.73083884114426,18.49490139783674,73.95247713709313,7.405843376811098,20.81642653246994,5,available,0
18.404301790189265,73.77977759803721,route_13,18.61434052948725,73.95910897281446,18.595381819679304,73.79004004237743,30.050396316547204,21.274670460206355,5,busy,0
18.404301790189265,73.77977759803721,route_14,18.498697930986943,73.95439593981811,18.410949644255314,73.80825612427586,21.199406186050687,3.0942367120323717,6,busy,0
18.54891166861012,73.79429455117122,route_0,18.614850109927637,73.86302144126736,18.619617102629167,73.82669921131617,10.306775074814245,8.57187144977336,1,offline,0
18.54891166861012,73.79429455117122,route_1,18.490846892322832,73.97446070300018,18.433331378744178,73.95982508422698,20.063350231379665,21.676729591908778,5,offline,0
18.54891166861012,73.79429455117122,route_2,18.45104358908976,73.76409496144304,18.416815889015137,73.86571283980354,11.338803752804132,16.506827810727064,7,available,0
18.54891166861012,73.79429455117122,route_3,18.4684825752409,73.901965564234,18.530653191461774,73.70973295381015,14.45260748658019,9.14310379813425,7,busy,0
18.54891166861012,73.79429455117122,route_4,18.408602136415862,73.87587082059603,18.520230326309324,73.82979563386353,17.816510070140403,4.9172751110162745,9,busy,0
18.54891166861012,73.79429455117122,route_5,18.431769736584847,73.96139224313882,18.616715114950075,73.86330375403355,21.9128714612112,10.47592554575409,2,available,0
18.54891166861012,73.79429455117122,route_6,18.67826540463728,73.72096512473394,18.635913870368796,73.72321747318321,16.32778123158893,12.235371967228566,4,available,0
18.54891166861012,73.79429455117122,route_7,18.48171712665482,73.76327581278754,18.582646840333684,73.98496711376072,8.156161888831406,20.445514858749263,5,offline,0
18.54891166861012,73.79429455117122,route_8,18.462018133622998,73.99743939448328,18.407198691898518,73.95179965975407,23.49898822995819,22.896008739473224,2,available,0
18.54891166861012,73.79429455117122,route_9,18.549459685890337,73.70258117726151,18.610627112704925,73.96214979226147,9.668473828495515,18.97617618781449,8,busy,0
18.54891166861012,73.79429455117122,route_10,18.439797083860952,73.76732376630396,18.665889926544153,73.70933023255468,12.461880937659474,15.791191831212682,7,offline,0
18.54891166861012,73.79429455117122,route_11,18.497604458866828,73.7819760813979,18.461176023724313,73.76985624446678,5.85107172516478,10.090357191445436,3,busy,1
18.54891166861012,73.79429455117122,route_12,18.452053246881384,73.73083884114426,18.49490139783674,73.95247713709313,12.679512941125896,17.726379719375046,6,available,0
18.54891166861012,73.79429455117122,route_13,18.61434052948725,73.95910897281446,18.595381819679304,73.79004004237743,18.83317731304442,5.1866677887004835,7,busy,0
18.54891166861012,73.79429455117122,route_14,18.498697930986943,73.95439593981811,18.410949644255314,73.80825612427586,17.779621942355437,15.411176020820509,2,busy,0
18.520977703633935,73.89710149453762,route_0,18.614850109927637,73.86302144126736,18.619617102629167,73.82669921131617,11.038980251625047,13.24271149943166,3,offline,0
18.520977703633935,73.89710149453762,route_1,18.490846892322832,73.97446070300018,18.433331378744178,73.95982508422698,8.81840506765727,11.77877134530669,4,offline,0
18.520977703633935,73.89710149453762,route_2,18.45104358908976,73.76409496144304,18.416815889015137,73.86571283980354,16.037905385733545,12.046088586781808,9,available,0
18.520977703633935,73.89710149453762,route_3,18.4684825752409,73.901965564234,18.530653191461774,73.70973295381015,5.8596845411933565,19.784076973270185,4,busy,1
18.520977703633935,73.89710149453762,route_4,18.408602136415862,73.87587082059603,18.520230326309324,73.82979563386353,12.69464044679753,7.096952963801891,8,busy,0
18.520977703633935,73.89710149453762,route_5,18.431769736584847,73.96139224313882,18.616715114950075,73.86330375403355,12.015349365653698,11.225789251302318,9,available,0
18.520977703633935,73.89710149453762,route_6,18.67826540463728,73.72096512473394,18.635913870368796,73.72321747318321,25.503983555306,22.34348796226365,1,available,0
18.520977703633935,73.89710149453762,route_7,18.48171712665482,73.76327581278754,18.582646840333684,73.98496711376072,14.771483732089328,11.524611449773897,4,offline,0
18.520977703633935,73.89710149453762,route_8,18.462018133622998,73.99743939448328,18.407198691898518,73.95179965975407,12.447468522322323,13.90490182462854,7,available,0
18.520977703633935,73.89710149453762,route_9,18.549459685890337,73.70258117726151,18.610627112704925,73.96214979226147,20.750812756252483,12.098985359873662,4,busy,0
18.520977703633935,73.89710149453762,route_10,18.439797083860952,73.76732376630396,18.665889926544153,73.70933023255468,16.395238254186676,25.519910923685377,2,offline,0
18.520977703633935,73.89710149453762,route_11,18.497604458866828,73.7819760813979,18.461176023724313,73.76985624446678,12.414278151514486,14.975825690026337,4,busy,0
18.520977703633935,73.89710149453762,route_12,18.452053246881384,73.73083884114426,18.49490139783674,73.95247713709313,19.13540711896216,6.519324883188824,5,available,0
18.520977703633935,73.89710149453762,route_13,18.61434052948725,73.95910897281446,18.595381819679304,73.79004004237743,12.267623251402865,13.993374736695959,4,busy,0
18.520977703633935,73.89710149453762,route_14,18.498697930986943,73.95439593981811,18.410949644255314,73.80825612427586,6.529516684096682,15.410732333156297,1,busy,0
18.487541254971678,73.79396252630906,route_0,18.614850109927637,73.86302144126736,18.619617102629167,73.82669921131617,15.9183377572992,15.086170795116383,5,offline,0
18.487541254971678,73.79396252630906,route_1,18.490846892322832,73.97446070300018,18.433331378744178,73.95982508422698,19.0380610351511,18.503420089961015,9,offline,0
18.487541254971678,73.79396252630906,route_2,18.45104358908976,73.76409496144304,18.416815889015137,73.86571283980354,5.137425564096177,10.914360689927568,1,available,0
18.487541254971678,73.79396252630906,route_3,18.4684825752409,73.901965564234,18.530653191461774,73.70973295381015,11.585720533207649,10.092603711581816,6,busy,0
18.487541254971678,73.79396252630906,route_4,18.408602136415862,73.87587082059603,18.520230326309324,73.82979563386353,12.316329063323579,5.242999804086017,4,busy,0
18.487541254971678,73.79396252630906,route_5,18.431769736584847,73.96139224313882,18.616715114950075,73.86330375403355,18.716666128204114,16.116496408227356,4,available,0
18.487541254971678,73.79396252630906,route_6,18.67826540463728,73.72096512473394,18.635913870368796,73.72321747318321,22.560014579562907,18.105368933894603,1,available,0
18.487541254971678,73.79396252630906,route_7,18.48171712665482,73.76327581278754,18.582646840333684,73.98496711376072,3.3003301272312853,22.74505398662936,1,offline,0
18.487541254971678,73.79396252630906,route_8,18.462018133622998,73.99743939448328,18.407198691898518,73.95179965975407,21.646397169065587,18.894300155032624,8,available,0
18.487541254971678,73.79396252630906,route_9,18.549459685890337,73.70258117726151,18.610627112704925,73.96214979226147,11.842163783841059,22.398112872710215,2,busy,0
18.487541254971678,73.79396252630906,route_10,18.439797083860952,73.76732376630396,18.665889926544153,73.70933023255468,6.006536927597352,21.745342995411697,9,offline,0
18.487541254971678,73.79396252630906,route_11,18.497604458866828,73.7819760813979,18.461176023724313,73.76985624446678,1.688144928419461,3.8805068354158356,9,busy,1
18.487541254971678,73.79396252630906,route_12,18.452053246881384,73.73083884114426,18.49490139783674,73.95247713709313,7.739105312404789,16.736050917040895,6,available,0
18.487541254971678,73.79396252630906,route_13,18.61434052948725,73.95910897281446,18.595381819679304,73.79004004237743,22.402628580416764,11.998451695985962,3,busy,0
18.487541254971678,73.79396252630906,route_14,18.498697930986943,73.95439593981811,18.410949644255314,73.80825612427586,16.963609366472593,8.649021626176133,7,busy,0
18.512787685842145,73.93011552087572,route_0,18.614850109927637,73.86302144126736,18.619617102629167,73.82669921131617,13.372130850390542,16.12258000544998,2,offline,0
18.512787685842145,73.93011552087572,route_1,18.490846892322832,73.97446070300018,18.433331378744178,73.95982508422698,5.274280101857746,9.374295745409539,6,offline,0
18.512787685842145,73.93011552087572,route_2,18.45104358908976,73.76409496144304,18.416815889015137,73.86571283980354,18.806511022757093,12.649966991221708,8,available,0
18.512787685842145,73.93011552087572,route_3,18.4684825752409,73.901965564234,18.530653191461774,73.70973295381015,5.751753750900839,23.320886513396818,2,busy,0
18.512787685842145,73.93011552087572,route_4,18.408602136415862,73.87587082059603,18.520230326309324,73.82979563386353,12.920674719598582,10.609914586884772,9,busy,0
18.512787685842145,73.93011552087572,route_5,18.431769736584847,73.96139224313882,18.616715114950075,73.86330375403355,9.593702880748198,13.53304571251747,5,available,0
18.512787685842145,73.93011552087572,route_6,18.67826540463728,73.72096512473394,18.635913870368796,73.72321747318321,28.71295476756408,25.749120537802277,4,available,0
18.512787685842145,73.93011552087572,route_7,18.48171712665482,73.76327581278754,18.582646840333684,73.98496711376072,17.929342880583754,9.683901112176256,3,offline,0
18.512787685842145,73.93011552087572,route_8,18.462018133622998,73.99743939448328,18.407198691898518,73.95179965975407,9.070608391070527,11.961645986178029,6,available,0
18.512787685842145,73.93011552087572,route_9,18.549459685890337,73.70258117726151,18.610627112704925,73.96214979226147,24.3329610996214,11.391247042166714,4,busy,0
18.512787685842145,73.93011552087572,route_10,18.439797083860952,73.76732376630396,18.665889926544153,73.70933023255468,18.990315182313918,28.832029889019374,2,offline,0
18.512787685842145,73.93011552087572,route_11,18.497604458866828,73.7819760813979,18.461176023724313,73.76985624446678,15.7116201770461,17.84825123693344,8,busy,0
18.512787685842145,73.93011552087572,route_12,18.452053246881384,73.73083884114426,18.49490139783674,73.95247713709313,22.074076860213307,3.0847237120925133,6,available,0
18.512787685842145,73.93011552087572,route_13,18.61434052948725,73.95910897281446,18.595381819679304,73.79004004237743,11.698426298995612,17.389217376180433,7,busy,0
18.512787685842145,73.93011552087572,route_14,18.498697930986943,73.95439593981811,18.410949644255314,73.80825612427586,3.0015798780354013,17.129625903982696,1,busy,1
18.571478202575193,73.95760306730718,route_0,18.614850109927637,73.86302144126736,18.619617102629167,73.82669921131617,11.073452321342577,14.797978176995654,4,offline,0
18.571478202575193,73.95760306730718,route_1,18.490846892322832,73.97446070300018,18.433331378744178,73.95982508422698,9.140252097355402,15.363012776141874,9,offline,0
18.571478202575193,73.95760306730718,route_2,18.45104358908976,73.76409496144304,18.416815889015137,73.86571283980354,24.406044611083978,19.739719658196297,3,available,0
18.571478202575193,73.95760306730718,route_3,18.4684825752409,73.901965564234,18.530653191461774,73.70973295381015,12.867571337160195,26.52118887269013,3,busy,0
18.571478202575193,73.95760306730718,route_4,18.408602136415862,73.87587082059603,18.520230326309324,73.82979563386353,20.057324943494354,14.629039204947869,4,busy,0
18.571478202575193,73.95760306730718,route_5,18.431769736584847,73.96139224313882,18.616715114950075,73.86330375403355,15.540010160198584,11.138727865850633,1,available,0
18.571478202575193,73.95760306730718,route_6,18.67826540463728,73.72096512473394,18.635913870368796,73.72321747318321,27.61786983763487,25.718842646846355,1,available,0
18.571478202575193,73.95760306730718,route_7,18.48171712665482,73.76327581278754,18.582646840333684,73.98496711376072,22.790211092242757,3.140213160936311,9,offline,0
18.571478202575193,73.95760306730718,route_8,18.462018133622998,73.99743939448328,18.407198691898518,73.95179965975407,12.87576937985442,18.277297168173288,4,available,0
18.571478202575193,73.95760306730718,route_9,18.549459685890337,73.70258117726151,18.610627112704925,73.96214979226147,26.993496921181116,4.3794551825814345,5,busy,0
18.571478202575193,73.95760306730718,route_10,18.439797083860952,73.76732376630396,18.665889926544153,73.70933023255468,24.83872665789818,28.189592431360026,7,offline,0
18.571478202575193,73.95760306730718,route_11,18.497604458866828,73.7819760813979,18.461176023724313,73.76985624446678,20.256234706620987,23.287425191174464,6,busy,0
18.571478202575193,73.95760306730718,route_12,18.452053246881384,73.73083884114426,18.49490139783674,73.95247713709313,27.350486022769743,8.53208430136345,9,available,0
18.571478202575193,73.95760306730718,route_13,18.61434052948725,73.95910897281446,18.595381819679304,73.79004004237743,4.768715066348812,17.85958181456138,1,busy,1
18.571478202575193,73.95760306730718,route_14,18.498697930986943,73.95439593981811,18.410949644255314,73.80825612427586,8.099857197462939,23.804623466861198,4,busy,0
18.635895949829898,73.74489335205469,route_0,18.614850109927637,73.86302144126736,18.619617102629167,73.82669921131617,12.665389227400492,8.807878420682242,5,offline,0
18.635895949829898,73.74489335205469,route_1,18.490846892322832,73.97446070300018,18.433331378744178,73.95982508422698,29.08106714631502,31.949942599753154,6,offline,0
18.635895949829898,73.74489335205469,route_2,18.45104358908976,73.76409496144304,18.416815889015137,73.86571283980354,20.654081667830326,27.490044715655948,1,available,0
18.635895949829898,73.74489335205469,route_3,18.4684825752409,73.901965564234,18.530653191461774,73.70973295381015,24.91395580899202,12.275204347532204,3,busy,0
18.635895949829898,73.74489335205469,route_4,18.408602136415862,73.87587082059603,18.520230326309324,73.82979563386353,28.80062847662518,15.668328728764676,1,busy,0
18.635895949829898,73.74489335205469,route_5,18.431769736584847,73.96139224313882,18.616715114950075,73.86330375403355,32.1896140476958,12.657970279835483,1,available,0
18.635895949829898,73.74489335205469,route_6,18.67826540463728,73.72096512473394,18.635913870368796,73.72321747318321,5.34330208159828,2.2838753504802316,2,available,1
18.635895949829898,73.74489335205469,route_7,18.48171712665482,73.76327581278754,18.582646840333684,73.98496711376072,17.253064836238615,25.982922387940537,6,offline,0
18.635895949829898,73.74489335205469,route_8,18.462018133622998,73.99743939448328,18.407198691898518,73.95179965975407,32.90292118912236,33.505055664543406,1,available,0
18.635895949829898,73.74489335205469,route_9,18.549459685890337,73.70258117726151,18.610627112704925,73.96214979226147,10.595393101118416,23.064665424345264,4,busy,0
18.635895949829898,73.74489335205469,route_10,18.439797083860952,73.76732376630396,18.665889926544153,73.70933023255468,21.933049848976484,5.016143707832977,2,offline,0
18.635895949829898,73.74489335205469,route_11,18.497604458866828,73.7819760813979,18.461176023724313,73.76985624446678,15.866330715170916,19.605384256730435,3,busy,0
18.635895949829898,73.74489335205469,route_12,18.452053246881384,73.73083884114426,18.49490139783674,73.95247713709313,20.495999983677176,26.917973247511526,9,available,0
18.635895949829898,73.74489335205469,route_13,18.61434052948725,73.95910897281446,18.595381819679304,73.79004004237743,22.699114967256882,6.551941589878279,5,busy,0
18.635895949829898,73.74489335205469,route_14,18.498697930986943,73.95439593981811,18.410949644255314,73.80825612427586,26.840264786883306,25.889671100681774,4,busy,0
18.479102628206835,73.70660710930892,route_0,18.614850109927637,73.86302144126736,18.619617102629167,73.82669921131617,22.35473994132513,20.109652374223963,5,offline,0
18.479102628206835,73.70660710930892,route_1,18.490846892322832,73.97446070300018,18.433331378744178,73.95982508422698,28.27747968557122,27.18894785534679,8,offline,0
18.479102628206835,73.70660710930892,route_2,18.45104358908976,73.76409496144304,18.416815889015137,73.86571283980354,6.818918717202874,18.155565451806396,1,available,0
18.479102628206835,73.70660710930892,route_3,18.4684825752409,73.901965564234,18.530653191461774,73.70973295381015,20.637274214470526,5.74162970767563,2,busy,0
18.479102628206835,73.70660710930892,route_4,18.408602136415862,73.87587082059603,18.520230326309324,73.82979563386353,19.49967980492279,13.77159710265579,1,busy,0
18.479102628206835,73.70660710930892,route_5,18.431769736584847,73.96139224313882,18.616715114950075,73.86330375403355,27.384304150134135,22.517045174382716,7,available,0
18.479102628206835,73.70660710930892,route_6,18.67826540463728,73.72096512473394,18.635913870368796,73.72321747318321,22.197536955905107,17.52430777988375,2,available,0
18.479102628206835,73.70660710930892,route_7,18.48171712665482,73.76327581278754,18.582646840333684,73.98496711376072,5.983395702166541,31.525128244390398,7,offline,0
18.479102628206835,73.70660710930892,route_8,18.462018133622998,73.99743939448328,18.407198691898518,73.95179965975407,30.731946289690676,27.071441533638136,3,available,0
18.479102628206835,73.70660710930892,route_9,18.549459685890337,73.70258117726151,18.610627112704925,73.96214979226147,7.834855911956847,30.653346655871136,6,busy,0
18.479102628206835,73.70660710930892,route_10,18.439797083860952,73.76732376630396,18.665889926544153,73.70933023255468,7.753277385362537,20.7717831328028,9,offline,0
18.479102628206835,73.70660710930892,route_11,18.497604458866828,73.7819760813979,18.461176023724313,73.76985624446678,8.210049823004137,6.962165949246063,7,busy,0
18.479102628206835,73.70660710930892,route_12,18.452053246881384,73.73083884114426,18.49490139783674,73.95247713709313,3.946933883935369,25.988103607997655,5,available,1
18.479102628206835,73.70660710930892,route_13,18.61434052948725,73.95910897281446,18.595381819679304,73.79004004237743,30.572720310568105,15.637945369356162,9,busy,0
18.479102628206835,73.70660710930892,route_14,18.498697930986943,73.95439593981811,18.410949644255314,73.80825612427586,26.22140653040001,13.129953672245747,4,busy,0
18.691179385340035,73.98843047967,route_0,18.614850109927637,73.86302144126736,18.619617102629167,73.82669921131617,15.703598684445081,18.805348248276857,9,offline,0
18.691179385340035,73.98843047967,route_1,18.490846892322832,73.97446070300018,18.433331378744178,73.95982508422698,22.324559374547412,28.829510265717012,8,offline,0
18.691179385340035,73.98843047967,route_2,18.45104358908976,73.76409496144304,18.416815889015137,73.86571283980354,35.66687144008158,33.13723062594884,7,available,0
18.691179385340035,73.98843047967,route_3,18.4684825752409,73.901965564234,18.530653191461774,73.70973295381015,26.386497552895573,34.36803854731978,1,busy,0
18.691179385340035,73.98843047967,route_4,18.408602136415862,73.87587082059603,18.520230326309324,73.82979563386353,33.58699565156112,25.314103799492166,7,busy,0
18.691179385340035,73.98843047967,route_5,18.431769736584847,73.96139224313882,18.616715114950075,73.86330375403355,28.985502220904024,15.567235401039955,6,available,0
18.691179385340035,73.98843047967,route_6,18.67826540463728,73.72096512473394,18.635913870368796,73.72321747318321,28.20989257370575,28.60739478501541,2,available,0
18.691179385340035,73.98843047967,route_7,18.48171712665482,73.76327581278754,18.582646840333684,73.98496711376072,33.25059558677286,12.073784177466386,4,offline,0
18.691179385340035,73.98843047967,route_8,18.462018133622998,73.99743939448328,18.407198691898518,73.95179965975407,25.49925463279552,31.81245006301059,2,available,0
18.691179385340035,73.98843047967,route_9,18.549459685890337,73.70258117726151,18.610627112704925,73.96214979226147,33.99437338524215,9.375193559536388,2,busy,0
18.691179385340035,73.98843047967,route_10,18.439797083860952,73.76732376630396,18.665889926544153,73.70933023255468,36.39409936798554,29.53412792068306,2,offline,0
18.691179385340035,73.98843047967,route_11,18.497604458866828,73.7819760813979,18.461176023724313,73.76985624446678,30.606056545006105,34.42157492456261,2,busy,0
18.691179385340035,73.98843047967,route_12,18.452053246881384,73.73083884114426,18.49490139783674,73.95247713709313,38.002649693004805,22.151602789895378,2,available,0
18.691179385340035,73.98843047967,route_13,18.61434052948725,73.95910897281446,18.595381819679304,73.79004004237743,9.085390611586492,23.46022321186625,8,busy,1
18.691179385340035,73.98843047967,route_14,18.498697930986943,73.95439593981811,18.410949644255314,73.80825612427586,21.70144295529676,36.49253610249987,2,busy,0
18.600338188047434,73.82019585406665,route_0,18.614850109927637,73.86302144126736,18.619617102629167,73.82669921131617,4.792868408297783,2.2506001532980235,5,offline,1
18.600338188047434,73.82019585406665,route_1,18.490846892322832,73.97446070300018,18.433331378744178,73.95982508422698,20.31509363297865,23.698139847346052,9,offline,0
18.600338188047434,73.82019585406665,route_2,18.45104358908976,73.76409496144304,18.416815889015137,73.86571283980354,17.62306541771402,20.963546325560653,9,available,0
18.600338188047434,73.82019585406665,route_3,18.4684825752409,73.901965564234,18.530653191461774,73.70973295381015,17.008308395590102,13.986320407684106,6,busy,0
18.600338188047434,73.82019585406665,route_4,18.408602136415862,73.87587082059603,18.520230326309324,73.82979563386353,22.11358792703736,8.964882536850658,5,busy,0
18.600338188047434,73.82019585406665,route_5,18.431769736584847,73.96139224313882,18.616715114950075,73.86330375403355,23.93691776618507,4.894186563191096,1,available,0
18.600338188047434,73.82019585406665,route_6,18.67826540463728,73.72096512473394,18.635913870368796,73.72321747318321,13.579236741712688,10.958110232125645,6,available,0
18.600338188047434,73.82019585406665,route_7,18.48171712665482,73.76327581278754,18.582646840333684,73.98496711376072,14.490899996519811,17.47668891838051,3,offline,0
18.600338188047434,73.82019585406665,route_8,18.462018133622998,73.99743939448328,18.407198691898518,73.95179965975407,24.20231945848013,25.569502054565234,1,available,0
18.600338188047434,73.82019585406665,route_9,18.549459685890337,73.70258117726151,18.610627112704925,73.96214979226147,13.6267883928688,15.003307271589152,6,busy,0
18.600338188047434,73.82019585406665,route_10,18.439797083860952,73.76732376630396,18.665889926544153,73.70933023255468,18.701538532354014,13.769089574449477,4,offline,0
18.600338188047434,73.82019585406665,route_11,18.497604458866828,73.7819760813979,18.461176023724313,73.76985624446678,12.113178320023126,16.35897214634915,9,busy,0
18.600338188047434,73.82019585406665,route_12,18.452053246881384,73.73083884114426,18.49490139783674,73.95247713709313,18.99025118775316,18.21857325799279,4,available,0
18.600338188047434,73.82019585406665,route_13,18.61434052948725,73.95910897281446,18.595381819679304,73.79004004237743,14.721577606782681,3.2255039775082732,5,busy,0
18.600338188047434,73.82019585406665,route_14,18.498697930986943,73.95439593981811,18.410949644255314,73.80825612427586,18.107289681713908,21.09664513883451,5,busy,0
18.510366243005993,73.98399443740915,route_0,18.614850109927637,73.86302144126736,18.619617102629167,73.82669921131617,17.250727383912015,20.55439162856761,9,offline,0
18.510366243005993,73.98399443740915,route_1,18.490846892322832,73.97446070300018,18.433331378744178,73.95982508422698,2.391971501089751,8.937116203032081,8,offline,1
18.510366243005993,73.98399443740915,route_2,18.45104358908976,73.76409496144304,18.416815889015137,73.86571283980354,24.110633054970474,16.243195688076977,1,available,0
18.510366243005993,73.98399443740915,route_3,18.4684825752409,73.901965564234,18.530653191461774,73.70973295381015,9.824410134883754,29.004923591665072,5,busy,0
18.510366243005993,73.98399443740915,route_4,18.408602136415862,73.87587082059603,18.520230326309324,73.82979563386353,16.06548086488702,16.295577114587026,3,busy,0
18.510366243005993,73.98399443740915,route_5,18.431769736584847,73.96139224313882,18.616715114950075,73.86330375403355,9.05879796880048,17.36921002223213,4,available,0
18.510366243005993,73.98399443740915,route_6,18.67826540463728,73.72096512473394,18.635913870368796,73.72321747318321,33.42145616947587,30.828800507724644,5,available,0
18.510366243005993,73.98399443740915,route_7,18.48171712665482,73.76327581278754,18.582646840333684,73.98496711376072,23.49204188624507,8.037889795103602,9,offline,0
18.510366243005993,73.98399443740915,route_8,18.462018133622998,73.99743939448328,18.407198691898518,73.95179965975407,5.559893922626307,11.96373585835587,6,available,0
18.510366243005993,73.98399443740915,route_9,18.549459685890337,73.70258117726151,18.610627112704925,73.96214979226147,29.986249687374762,11.383820480575743,6,busy,0
18.510366243005993,73.98399443740915,route_10,18.439797083860952,73.76732376630396,18.665889926544153,73.70933023255468,24.160742989404913,33.72021417735682,2,offline,0
18.510366243005993,73.98399443740915,route_11,18.497604458866828,73.7819760813979,18.461176023724313,73.76985624446678,21.34930479207538,23.235452454780596,5,busy,0
18.510366243005993,73.98399443740915,route_12,18.452053246881384,73.73083884114426,18.49490139783674,73.95247713709313,27.473989165700594,3.7419404877525695,4,available,0
18.510366243005993,73.98399443740915,route_13,18.61434052948725,73.95910897281446,18.595381819679304,73.79004004237743,11.855267608151722,22.525559307132088,8,busy,0
18.510366243005993,73.98399443740915,route_14,18.498697930986943,73.95439593981811,18.410949644255314,73.80825612427586,3.379985675954143,21.58181186527152,9,busy,0
18.482296324823185,73.8533470611495,route_0,18.614850109927637,73.86302144126736,18.619617102629167,73.82669921131617,14.77455007699707,15.525626317106699,6,offline,0
18.482296324823185,73.8533470611495,route_1,18.490846892322832,73.97446070300018,18.433331378744178,73.95982508422698,12.807626122196467,12.480936405328018,1,offline,0
18.482296324823185,73.8533470611495,route_2,18.45104358908976,73.76409496144304,18.416815889015137,73.86571283980354,10.034335521041077,7.396999845916279,2,available,0
18.482296324823185,73.8533470611495,route_3,18.4684825752409,73.901965564234,18.530653191461774,73.70973295381015,5.352624674198099,16.069656183665746,7,busy,1
18.482296324823185,73.8533470611495,route_4,18.408602136415862,73.87587082059603,18.520230326309324,73.82979563386353,8.531894254820326,4.894857527404962,2,busy,0
18.482296324823185,73.8533470611495,route_5,18.431769736584847,73.96139224313882,18.616715114950075,73.86330375403355,12.705750946491031,14.983496354680652,9,available,0
18.482296324823185,73.8533470611495,route_6,18.67826540463728,73.72096512473394,18.635913870368796,73.72321747318321,25.87512794580458,21.90754420221621,2,available,0
18.482296324823185,73.8533470611495,route_7,18.48171712665482,73.76327581278754,18.582646840333684,73.98496711376072,9.499118962830678,17.806450928094026,7,offline,0
18.482296324823185,73.8533470611495,route_8,18.462018133622998,73.99743939448328,18.407198691898518,73.95179965975407,15.363198744173442,13.325903840014657,4,available,0
18.482296324823185,73.8533470611495,route_9,18.549459685890337,73.70258117726151,18.610627112704925,73.96214979226147,17.563494511756513,18.30808710983203,2,busy,0
18.482296324823185,73.8533470611495,route_10,18.439797083860952,73.76732376630396,18.665889926544153,73.70933023255468,10.230034690163302,25.439841788786246,9,offline,0
18.482296324823185,73.8533470611495,route_11,18.497604458866828,73.7819760813979,18.461176023724313,73.76985624446678,7.716508339229472,9.11325294895631,6,busy,0
18.482296324823185,73.8533470611495,route_12,18.452053246881384,73.73083884114426,18.49490139783674,73.95247713709313,13.351270632473712,10.547385123328214,8,available,0
18.482296324823185,73.8533470611495,route_13,18.61434052948725,73.95910897281446,18.595381819679304,73.79004004237743,18.436029956152357,14.23597234627154,6,busy,0
18.482296324823185,73.8533470611495,route_14,18.498697930986943,73.95439593981811,18.410949644255314,73.80825612427586,10.811014053373613,9.249903011999857,2,busy,0
18.438721243671615,73.80574216916625,route_0,18.614850109927637,73.86302144126736,18.619617102629167,73.82669921131617,20.494596280150112,20.235691008890228,9,offline,0
18.438721243671615,73.80574216916625,route_1,18.490846892322832,73.97446070300018,18.433331378744178,73.95982508422698,18.714977731130453,16.264960379280463,5,offline,0
18.438721243671615,73.80574216916625,route_2,18.45104358908976,73.76409496144304,18.416815889015137,73.86571283980354,4.6017784027678434,6.779196447024979,5,available,0
18.438721243671615,73.80574216916625,route_3,18.4684825752409,73.901965564234,18.530653191461774,73.70973295381015,10.675277382290352,14.387895750852005,2,busy,0
18.438721243671615,73.80574216916625,route_4,18.408602136415862,73.87587082059603,18.520230326309324,73.82979563386353,8.121011340004825,9.411698225198585,2,busy,0
18.438721243671615,73.80574216916625,route_5,18.431769736584847,73.96139224313882,18.616715114950075,73.86330375403355,16.437490509861,20.701554514427784,6,available,0
18.438721243671615,73.80574216916625,route_6,18.67826540463728,73.72096512473394,18.635913870368796,73.72321747318321,28.095263639094593,23.589813995888886,3,available,0
18.438721243671615,73.80574216916625,route_7,18.48171712665482,73.76327581278754,18.582646840333684,73.98496711376072,6.5512787818949905,24.763900794266004,9,offline,0
18.438721243671615,73.80574216916625,route_8,18.462018133622998,73.99743939448328,18.407198691898518,73.95179965975407,20.38535366079287,15.802148306728247,3,available,0
18.438721243671615,73.80574216916625,route_9,18.549459685890337,73.70258117726151,18.610627112704925,73.96214979226147,16.43067102277942,25.24530901755711,3,busy,0
18.438721243671615,73.80574216916625,route_10,18.439797083860952,73.76732376630396,18.665889926544153,73.70933023255468,4.054373656203274,27.22797461285805,6,offline,1
18.438721243671615,73.80574216916625,route_11,18.497604458866828,73.7819760813979,18.461176023724313,73.76985624446678,7.01090899174939,4.534564556763311,9,busy,0
18.438721243671615,73.80574216916625,route_12,18.452053246881384,73.73083884114426,18.49490139783674,73.95247713709313,8.038852169809786,16.689263112853347,9,available,0
18.438721243671615,73.80574216916625,route_13,18.61434052948725,73.95910897281446,18.595381819679304,73.79004004237743,25.35359978746955,17.49835970471763,9,busy,0
18.438721243671615,73.80574216916625,route_14,18.498697930986943,73.95439593981811,18.410949644255314,73.80825612427586,17.037708143122668,3.0994284373891396,5,busy,0
18.46170832861692,73.95249537229675,route_0,18.614850109927637,73.86302144126736,18.619617102629167,73.82669921131617,19.466653455263927,22.00418461681919,6,offline,0
18.46170832861692,73.95249537229675,route_1,18.490846892322832,73.97446070300018,18.433331378744178,73.95982508422698,3.9830063794325397,3.248712388211547,6,offline,0
18.46170832861692,73.95249537229675,route_2,18.45104358908976,73.76409496144304,18.416815889015137,73.86571283980354,19.90700028847328,10.426905145772873,1,available,0
18.46170832861692,73.95249537229675,route_3,18.4684825752409,73.901965564234,18.530653191461774,73.70973295381015,5.382361835510776,26.722842420886796,5,busy,0
18.46170832861692,73.95249537229675,route_4,18.408602136415862,73.87587082059603,18.520230326309324,73.82979563386353,10.010288366784975,14.483403527500682,8,busy,0
18.46170832861692,73.95249537229675,route_5,18.431769736584847,73.96139224313882,18.616715114950075,73.86330375403355,3.458767114016828,19.634020839147308,7,available,1
18.46170832861692,73.95249537229675,route_6,18.67826540463728,73.72096512473394,18.635913870368796,73.72321747318321,34.28456610944236,30.974561582933024,3,available,0
18.46170832861692,73.95249537229675,route_7,18.48171712665482,73.76327581278754,18.582646840333684,73.98496711376072,20.07990427965424,13.876721718066218,6,offline,0
18.46170832861692,73.95249537229675,route_8,18.462018133622998,73.99743939448328,18.407198691898518,73.95179965975407,4.740471874608509,6.0616393502819355,4,available,0
18.46170832861692,73.95249537229675,route_9,18.549459685890337,73.70258117726151,18.610627112704925,73.96214979226147,28.100741485549534,16.59026524489765,3,busy,0
18.46170832861692,73.95249537229675,route_10,18.439797083860952,73.76732376630396,18.665889926544153,73.70933023255468,19.683102024013134,34.241245020697036,7,offline,0
18.46170832861692,73.95249537229675,route_11,18.497604458866828,73.7819760813979,18.461176023724313,73.76985624446678,18.42082404568901,19.26349539020611,9,busy,0
18.46170832861692,73.95249537229675,route_12,18.452053246881384,73.73083884114426,18.49490139783674,73.95247713709313,23.403925328559957,3.6909013980220124,9,available,0
18.46170832861692,73.95249537229675,route_13,18.61434052948725,73.95910897281446,18.595381819679304,73.79004004237743,16.98624236776832,22.678101887227676,9,busy,0
18.46170832861692,73.95249537229675,route_14,18.498697930986943,73.95439593981811,18.410949644255314,73.80825612427586,4.117936998663517,16.228595865010846,1,busy,0
18.596147556171843,73.70960637725415,route_0,18.614850109927637,73.86302144126736,18.619617102629167,73.82669921131617,16.300639816043045,12.612440247526415,6,offline,0
18.596147556171843,73.70960637725415,route_1,18.490846892322832,73.97446070300018,18.433331378744178,73.95982508422698,30.277152988995873,31.997313026154988,9,offline,0
18.596147556171843,73.70960637725415,route_2,18.45104358908976,73.76409496144304,18.416815889015137,73.86571283980354,17.12708810591209,25.85702669732409,1,available,0
18.596147556171843,73.70960637725415,route_3,18.4684825752409,73.901965564234,18.530653191461774,73.70973295381015,24.754888662106588,7.282653301733463,7,busy,0
18.596147556171843,73.70960637725415,route_4,18.408602136415862,73.87587082059603,18.520230326309324,73.82979563386353,27.244613733520076,15.224221284900462,4,busy,0
18.596147556171843,73.70960637725415,route_5,18.431769736584847,73.96139224313882,18.616715114950075,73.86330375403355,32.23194863426834,16.357763194649564,8,available,0
18.596147556171843,73.70960637725415,route_6,18.67826540463728,73.72096512473394,18.635913870368796,73.72321747318321,9.20918603432678,4.648616501579615,9,available,0
18.596147556171843,73.70960637725415,route_7,18.48171712665482,73.76327581278754,18.582646840333684,73.98496711376072,13.92538129524249,29.060057836887456,4,offline,0
18.596147556171843,73.70960637725415,route_8,18.462018133622998,73.99743939448328,18.407198691898518,73.95179965975407,33.81347115103857,33.07042166528049,8,available,0
18.596147556171843,73.70960637725415,route_9,18.549459685890337,73.70258117726151,18.610627112704925,73.96214979226147,5.2439978267386085,26.66292711871989,7,busy,1
18.596147556171843,73.70960637725415,route_10,18.439797083860952,73.76732376630396,18.665889926544153,73.70933023255468,18.419711657667712,7.755052342924328,7,offline,0
18.596147556171843,73.70960637725415,route_11,18.497604458866828,73.7819760813979,18.461176023724313,73.76985624446678,13.3518311825563,16.297089065231926,8,busy,0
18.596147556171843,73.70960637725415,route_12,18.452053246881384,73.73083884114426,18.49490139783674,73.95247713709313,16.178186886919757,27.969417829975548,6,available,0
18.596147556171843,73.70960637725415,route_13,18.61434052948725,73.95910897281446,18.595381819679304,73.79004004237743,26.371233910551442,8.47730418219469,9,busy,0
18.596147556171843,73.70960637725415,route_14,18.498697930986943,73.95439593981811,18.410949644255314,73.80825612427586,27.988312753349927,23.071232211882148,4,busy,0
18.697223129677962,73.75769339068317,route_0,18.614850109927637,73.86302144126736,18.619617102629167,73.82669921131617,14.388508876770224,11.28347257609639,5,offline,0
18.697223129677962,73.75769339068317,route_1,18.490846892322832,73.97446070300018,18.433331378744178,73.95982508422698,32.380790672127056,36.2629030747043,5,offline,0
18.697223129677962,73.75769339068317,route_2,18.45104358908976,73.76409496144304,18.416815889015137,73.86571283980354,27.382230638265025,33.193988675595605,8,available,0
18.697223129677962,73.75769339068317,route_3,18.4684825752409,73.901965564234,18.530653191461774,73.70973295381015,29.633577670087643,19.19889044861063,8,busy,0
18.697223129677962,73.75769339068317,route_4,18.408602136415862,73.87587082059603,18.520230326309324,73.82979563386353,34.42628988387028,21.096525753896707,7,busy,0
18.697223129677962,73.75769339068317,route_5,18.431769736584847,73.96139224313882,18.616715114950075,73.86330375403355,36.50054569581676,14.280505280848454,7,available,0
18.697223129677962,73.75769339068317,route_6,18.67826540463728,73.72096512473394,18.635913870368796,73.72321747318321,4.405722401929839,7.724372045297773,1,available,1
18.697223129677962,73.75769339068317,route_7,18.48171712665482,73.76327581278754,18.582646840333684,73.98496711376072,23.97039579033014,27.124338540145633,5,offline,0
18.697223129677962,73.75769339068317,route_8,18.462018133622998,73.99743939448328,18.407198691898518,73.95179965975407,36.366732964931764,38.19302151046381,1,available,0
18.697223129677962,73.75769339068317,route_9,18.549459685890337,73.70258117726151,18.610627112704925,73.96214979226147,17.426638079507647,23.594475919907545,5,busy,0
18.697223129677962,73.75769339068317,route_10,18.439797083860952,73.76732376630396,18.665889926544153,73.70933023255468,28.642463814469902,6.171859472779654,7,offline,0
18.697223129677962,73.75769339068317,route_11,18.497604458866828,73.7819760813979,18.461176023724313,73.76985624446678,22.343621061882462,26.27852865886145,5,busy,0
18.697223129677962,73.75769339068317,route_12,18.452053246881384,73.73083884114426,18.49490139783674,73.95247713709313,27.40819878090428,30.455317519624952,3,available,0
18.697223129677962,73.75769339068317,route_13,18.61434052948725,73.95910897281446,18.595381819679304,73.79004004237743,23.134592453188077,11.825934745098674,7,busy,0
18.697223129677962,73.75769339068317,route_14,18.498697930986943,73.95439593981811,18.410949644255314,73.80825612427586,30.282730993500618,32.275318164467265,8,busy,0
18.537871251010714,73.87324988664467,route_0,18.614850109927637,73.86302144126736,18.619617102629167,73.82669921131617,8.627284843028617,10.329391452215464,3,offline,0
18.537871251010714,73.87324988664467,route_1,18.490846892322832,73.97446070300018,18.433331378744178,73.95982508422698,11.883830860842554,14.78112290739285,8,offline,0
18.537871251010714,73.87324988664467,route_2,18.45104358908976,73.76409496144304,18.416815889015137,73.86571283980354,15.023633111047927,13.484191028764396,4,available,0
18.537871251010714,73.87324988664467,route_3,18.4684825752409,73.901965564234,18.530653191461774,73.70973295381015,8.288557574397935,17.257880901816534,9,busy,1
18.537871251010714,73.87324988664467,route_4,18.408602136415862,73.87587082059603,18.520230326309324,73.82979563386353,14.376727260721758,4.983694385925489,7,busy,0
18.537871251010714,73.87324988664467,route_5,18.431769736584847,73.96139224313882,18.616715114950075,73.86330375403355,15.019810424172102,8.82949328579093,9,available,0
18.537871251010714,73.87324988664467,route_6,18.67826540463728,73.72096512473394,18.635913870368796,73.72321747318321,22.388560854525696,19.206540112266108,3,available,0
18.537871251010714,73.87324988664467,route_7,18.48171712665482,73.76327581278754,18.582646840333684,73.98496711376072,13.170219111445574,12.785526944680106,2,offline,0
18.537871251010714,73.87324988664467,route_8,18.462018133622998,73.99743939448328,18.407198691898518,73.95179965975407,15.576781814159995,16.72585493273378,8,available,0
18.537871251010714,73.87324988664467,route_9,18.549459685890337,73.70258117726151,18.610627112704925,73.96214979226147,18.03829588054487,12.379507406013767,9,busy,0
18.537871251010714,73.87324988664467,route_10,18.439797083860952,73.76732376630396,18.665889926544153,73.70933023255468,15.611113481468236,22.384259767925048,8,offline,0
18.537871251010714,73.87324988664467,route_11,18.497604458866828,73.7819760813979,18.461176023724313,73.76985624446678,10.614308131848748,13.841931318205688,8,busy,0
18.537871251010714,73.87324988664467,route_12,18.452053246881384,73.73083884114426,18.49490139783674,73.95247713709313,17.792847809676395,9.623537801442193,3,available,0
18.537871251010714,73.87324988664467,route_13,18.61434052948725,73.95910897281446,18.595381819679304,73.79004004237743,12.417651226533659,10.854685810537232,2,busy,0
18.537871251010714,73.87324988664467,route_14,18.498697930986943,73.95439593981811,18.410949644255314,73.80825612427586,9.600833475698625,15.689566782577101,8,busy,0
18.516994899799272,73.96556296090124,route_0,18.614850109927637,73.86302144126736,18.619617102629167,73.82669921131617,15.337025691461552,18.55960368972141,5,offline,0
18.516994899799272,73.96556296090124,route_1,18.490846892322832,73.97446070300018,18.433331378744178,73.95982508422698,3.0551579640738633,9.322619902529246,1,offline,0
18.516994899799272,73.96556296090124,route_2,18.45104358908976,73.76409496144304,18.416815889015137,73.86571283980354,22.476536700850048,15.329394854220638,1,available,0
18.516994899799272,73.96556296090124,route_3,18.4684825752409,73.901965564234,18.530653191461774,73.70973295381015,8.60677484843402,27.01592650805929,9,busy,0
18.516994899799272,73.96556296090124,route_4,18.408602136415862,73.87587082059603,18.520230326309324,73.82979563386353,15.321858973280284,14.319461759085486,1,busy,0
18.516994899799272,73.96556296090124,route_5,18.431769736584847,73.96139224313882,18.616715114950075,73.86330375403355,9.48680853779344,15.464044426240052,9,available,0
18.516994899799272,73.96556296090124,route_6,18.67826540463728,73.72096512473394,18.635913870368796,73.72321747318321,31.401711696342172,28.763308451140556,6,available,0
18.516994899799272,73.96556296090124,route_7,18.48171712665482,73.76327581278754,18.582646840333684,73.98496711376072,21.68869982264489,7.58133512125909,4,offline,0
18.516994899799272,73.96556296090124,route_8,18.462018133622998,73.99743939448328,18.407198691898518,73.95179965975407,6.976415931332596,12.294779808627098,5,available,0
18.516994899799272,73.96556296090124,route_9,18.549459685890337,73.70258117726151,18.610627112704925,73.96214979226147,27.95973962182545,10.41764151931765,5,busy,0
18.516994899799272,73.96556296090124,route_10,18.439797083860952,73.76732376630396,18.665889926544153,73.70933023255468,22.600350215614164,31.676188674192495,2,offline,0
18.516994899799272,73.96556296090124,route_11,18.497604458866828,73.7819760813979,18.461176023724313,73.76985624446678,19.477890332392416,21.551460351526284,3,busy,0
18.516994899799272,73.96556296090124,route_12,18.452053246881384,73.73083884114426,18.49490139783674,73.95247713709313,25.785391327265458,2.8176676059630874,3,available,0
18.516994899799272,73.96556296090124,route_13,18.61434052948725,73.95910897281446,18.595381819679304,73.79004004237743,10.845697430361694,20.452837558746072,7,busy,0
18.516994899799272,73.96556296090124,route_14,18.498697930986943,73.95439593981811,18.410949644255314,73.80825612427586,2.3507034421403468,20.354733856701205,9,busy,1
18.64872348226112,73.99070038791245,route_0,18.614850109927637,73.86302144126736,18.619617102629167,73.82669921131617,13.970512941925495,17.580601593626685,4,offline,0
18.64872348226112,73.99070038791245,route_1,18.490846892322832,73.97446070300018,18.433331378744178,73.95982508422698,17.638333058607035,24.170680191929645,4,offline,0
18.64872348226112,73.99070038791245,route_2,18.45104358908976,73.76409496144304,18.416815889015137,73.86571283980354,32.46250529603925,28.95870397176656,7,available,0
18.64872348226112,73.99070038791245,route_3,18.4684825752409,73.901965564234,18.530653191461774,73.70973295381015,22.117180600436626,32.39201802388896,1,busy,0
18.64872348226112,73.99070038791245,route_4,18.408602136415862,73.87587082059603,18.520230326309324,73.82979563386353,29.316793947481855,22.175263022609812,9,busy,0
18.64872348226112,73.99070038791245,route_5,18.431769736584847,73.96139224313882,18.616715114950075,73.86330375403355,24.321217606989322,13.887208784675575,7,available,0
18.64872348226112,73.99070038791245,route_6,18.67826540463728,73.72096512473394,18.635913870368796,73.72321747318321,28.605217709599053,28.218186635453286,6,available,0
18.64872348226112,73.99070038791245,route_7,18.48171712665482,73.76327581278754,18.582646840333684,73.98496711376072,30.323825613766054,7.372184658879329,2,offline,0
18.64872348226112,73.99070038791245,route_8,18.462018133622998,73.99743939448328,18.407198691898518,73.95179965975407,20.77283804870268,27.167695646266036,3,available,0
18.64872348226112,73.99070038791245,route_9,18.549459685890337,73.70258117726151,18.610627112704925,73.96214979226147,32.30809441721751,5.195655350886827,7,busy,0
18.64872348226112,73.99070038791245,route_10,18.439797083860952,73.76732376630396,18.665889926544153,73.70933023255468,33.07938031083388,29.704163209168005,1,offline,0
18.64872348226112,73.99070038791245,route_11,18.497604458866828,73.7819760813979,18.461176023724313,73.76985624446678,27.683499001392246,31.25496405689251,3,busy,0
18.64872348226112,73.99070038791245,route_12,18.452053246881384,73.73083884114426,18.49490139783674,73.95247713709313,35.052418905196284,17.5723334796195,2,available,0
18.64872348226112,73.99070038791245,route_13,18.61434052948725,73.95910897281446,18.595381819679304,73.79004004237743,5.069243953455626,21.960422982411018,5,busy,1
18.64872348226112,73.99070038791245,route_14,18.498697930986943,73.95439593981811,18.410949644255314,73.80825612427586,17.115335855284766,32.69594284323728,8,busy,0
18.689254015592173,73.96616882944862,route_0,18.614850109927637,73.86302144126736,18.619617102629167,73.82669921131617,13.658011698242168,16.609022002389036,7,offline,0
18.689254015592173,73.96616882944862,route_1,18.490846892322832,73.97446070300018,18.433331378744178,73.95982508422698,22.079167163635354,28.465154416318583,1,offline,0
18.689254015592173,73.96616882944862,route_2,18.45104358908976,73.76409496144304,18.416815889015137,73.86571283980354,33.98939928833352,32.09129924714714,6,available,0
18.689254015592173,73.96616882944862,route_3,18.4684825752409,73.901965564234,18.530653191461774,73.70973295381015,25.46427982578365,32.26887110164619,6,busy,0
18.689254015592173,73.96616882944862,route_4,18.408602136415862,73.87587082059603,18.520230326309324,73.82979563386353,32.62658051545044,23.659624654574788,1,busy,0
18.689254015592173,73.96616882944862,route_5,18.431769736584847,73.96139224313882,18.616715114950075,73.86330375403355,28.635372527898905,13.509478611780201,9,available,0
18.689254015592173,73.96616882944862,route_6,18.67826540463728,73.72096512473394,18.635913870368796,73.72321747318321,25.857435010936506,26.27273651669162,2,available,0
18.689254015592173,73.96616882944862,route_7,18.48171712665482,73.76327581278754,18.582646840333684,73.98496711376072,31.461562503352457,12.018510397612388,7,offline,0
18.689254015592173,73.96616882944862,route_8,18.462018133622998,73.99743939448328,18.407198691898518,73.95179965975407,25.481540258342335,31.399680338846654,7,available,0
18.689254015592173,73.96616882944862,route_9,18.549459685890337,73.70258117726151,18.610627112704925,73.96214979226147,31.829392162484478,8.75316030967306,6,busy,0
18.689254015592173,73.96616882944862,route_10,18.439797083860952,73.76732376630396,18.665889926544153,73.70933023255468,34.76691991442406,27.179547809701877,8,offline,0
18.689254015592173,73.96616882944862,route_11,18.497604458866828,73.7819760813979,18.461176023724313,73.76985624446678,28.826578799208026,32.731276556382255,6,busy,0
18.689254015592173,73.96616882944862,route_12,18.452053246881384,73.73083884114426,18.49490139783674,73.95247713709313,36.207113106763906,21.659146656912224,8,available,0
18.689254015592173,73.96616882944862,route_13,18.61434052948725,73.95910897281446,18.595381819679304,73.79004004237743,8.363140423034485,21.291289078472982,1,busy,1
18.689254015592173,73.96616882944862,route_14,18.498697930986943,73.95439593981811,18.410949644255314,73.80825612427586,21.225166047818586,35.13933720711956,4,busy,0
18.520283195486662,73.82261279854833,route_0,18.614850109927637,73.86302144126736,18.619617102629167,73.82669921131617,11.345260794839241,11.053821782796067,8,offline,0
18.520283195486662,73.82261279854833,route_1,18.490846892322832,73.97446070300018,18.433331378744178,73.95982508422698,16.34278806893436,17.403637531257026,4,offline,0
18.520283195486662,73.82261279854833,route_2,18.45104358908976,73.76409496144304,18.416815889015137,73.86571283980354,9.867072993043164,12.370494786336875,2,available,0
18.520283195486662,73.82261279854833,route_3,18.4684825752409,73.901965564234,18.530653191461774,73.70973295381015,10.158710562031816,11.957000002222786,3,busy,0
18.520283195486662,73.82261279854833,route_4,18.408602136415862,73.87587082059603,18.520230326309324,73.82979563386353,13.62968447841361,0.7573543857045565,9,busy,0
18.520283195486662,73.82261279854833,route_5,18.431769736584847,73.96139224313882,18.616715114950075,73.86330375403355,17.637665871675267,11.54874291069373,2,available,0
18.520283195486662,73.82261279854833,route_6,18.67826540463728,73.72096512473394,18.635913870368796,73.72321747318321,20.57543277642688,16.58522828674907,7,available,0
18.520283195486662,73.82261279854833,route_7,18.48171712665482,73.76327581278754,18.582646840333684,73.98496711376072,7.585493023406179,18.466394824609523,6,offline,0
18.520283195486662,73.82261279854833,route_8,18.462018133622998,73.99743939448328,18.407198691898518,73.95179965975407,19.54144617965975,18.54102733745275,9,available,0
18.520283195486662,73.82261279854833,route_9,18.549459685890337,73.70258117726151,18.610627112704925,73.96214979226147,13.06385978584127,17.811623413543508,4,busy,0
18.520283195486662,73.82261279854833,route_10,18.439797083860952,73.76732376630396,18.665889926544153,73.70933023255468,10.681520295575265,20.116642803302007,5,offline,0
18.520283195486662,73.82261279854833,route_11,18.497604458866828,73.7819760813979,18.461176023724313,73.76985624446678,4.97185802375148,8.61093837351558,6,busy,1
18.520283195486662,73.82261279854833,route_12,18.452053246881384,73.73083884114426,18.49490139783674,73.95247713709313,12.297482719713715,13.981255579874325,2,available,0
18.520283195486662,73.82261279854833,route_13,18.61434052948725,73.95910897281446,18.595381819679304,73.79004004237743,17.787350602433317,9.028945851026016,3,busy,0
18.520283195486662,73.82261279854833,route_14,18.498697930986943,73.95439593981811,18.410949644255314,73.80825612427586,14.101366632802616,12.25127000704198,3,busy,0
18.59792020215957,73.73161568028645,route_0,18.614850109927637,73.86302144126736,18.619617102629167,73.82669921131617,13.975315359530041,10.306409511828472,2,offline,0
18.59792020215957,73.73161568028645,route_1,18.490846892322832,73.97446070300018,18.433331378744178,73.95982508422698,28.234151031472873,30.231307372861206,8,offline,0
18.59792020215957,73.73161568028645,route_2,18.45104358908976,73.76409496144304,18.416815889015137,73.86571283980354,16.6870804653478,24.60624309116552,5,available,0
18.59792020215957,73.73161568028645,route_3,18.4684825752409,73.901965564234,18.530653191461774,73.70973295381015,23.015289998651266,7.827339762707972,8,busy,0
18.59792020215957,73.73161568028645,route_4,18.408602136415862,73.87587082059603,18.520230326309324,73.82979563386353,25.971809074181724,13.480990597360957,7,busy,0
18.59792020215957,73.73161568028645,route_5,18.431769736584847,73.96139224313882,18.616715114950075,73.86330375403355,30.46806170209614,14.034100976249944,3,available,0
18.59792020215957,73.73161568028645,route_6,18.67826540463728,73.72096512473394,18.635913870368796,73.72321747318321,9.004180397002534,4.316398497417235,1,available,0
18.59792020215957,73.73161568028645,route_7,18.48171712665482,73.76327581278754,18.582646840333684,73.98496711376072,13.345326987427896,26.75543391702061,7,offline,0
18.59792020215957,73.73161568028645,route_8,18.462018133622998,73.99743939448328,18.407198691898518,73.95179965975407,31.840386268251798,31.445394891864108,4,available,0
18.59792020215957,73.73161568028645,route_9,18.549459685890337,73.70258117726151,18.610627112704925,73.96214979226147,6.196955175899607,24.335748437307995,6,busy,1
18.59792020215957,73.73161568028645,route_10,18.439797083860952,73.76732376630396,18.665889926544153,73.70933023255468,17.981068069594624,7.914260456323578,8,offline,0
18.59792020215957,73.73161568028645,route_11,18.497604458866828,73.7819760813979,18.461176023724313,73.76985624446678,12.353549431484417,15.730692600066838,9,busy,0
18.59792020215957,73.73161568028645,route_12,18.452053246881384,73.73083884114426,18.49490139783674,73.95247713709313,16.21987218867851,25.948610879925468,6,available,0
18.59792020215957,73.73161568028645,route_13,18.61434052948725,73.95910897281446,18.595381819679304,73.79004004237743,24.043407382848606,6.163757604941061,4,busy,0
18.59792020215957,73.73161568028645,route_14,18.498697930986943,73.95439593981811,18.410949644255314,73.80825612427586,25.947737132448506,22.305625813100548,4,busy,0
18.47499700905263,73.72486825208746,route_0,18.614850109927637,73.86302144126736,18.619617102629167,73.82669921131617,21.30609523829206,19.334915082265596,7,offline,0
18.47499700905263,73.72486825208746,route_1,18.490846892322832,73.97446070300018,18.433331378744178,73.95982508422698,26.380778018895864,25.211875578745335,7,offline,0
18.47499700905263,73.72486825208746,route_2,18.45104358908976,73.76409496144304,18.416815889015137,73.86571283980354,4.920516753510175,16.20405824479622,8,available,0
18.47499700905263,73.72486825208746,route_3,18.4684825752409,73.901965564234,18.530653191461774,73.70973295381015,18.691815525008867,6.391161954880308,6,busy,0
18.47499700905263,73.72486825208746,route_4,18.408602136415862,73.87587082059603,18.520230326309324,73.82979563386353,17.55620948685321,12.154168322322237,7,busy,0
18.47499700905263,73.72486825208746,route_5,18.431769736584847,73.96139224313882,18.616715114950075,73.86330375403355,25.40676839240581,21.478083172291885,6,available,0
18.47499700905263,73.72486825208746,route_6,18.67826540463728,73.72096512473394,18.635913870368796,73.72321747318321,22.606158006440634,17.893984749001955,4,available,0
18.47499700905263,73.72486825208746,route_7,18.48171712665482,73.76327581278754,18.582646840333684,73.98496711376072,4.118890914986353,29.921164020711508,6,offline,0
18.47499700905263,73.72486825208746,route_8,18.462018133622998,73.99743939448328,18.407198691898518,73.95179965975407,28.783775638291583,25.0969091033703,2,available,0
18.47499700905263,73.72486825208746,route_9,18.549459685890337,73.70258117726151,18.610627112704925,73.96214979226147,8.606896602957537,29.209365816790257,3,busy,0
18.47499700905263,73.72486825208746,route_10,18.439797083860952,73.76732376630396,18.665889926544153,73.70933023255468,5.947457228013139,21.28941477068825,5,offline,0
18.47499700905263,73.72486825208746,route_11,18.497604458866828,73.7819760813979,18.461176023724313,73.76985624446678,6.526028807671835,4.987491296202679,8,busy,0
18.47499700905263,73.72486825208746,route_12,18.452053246881384,73.73083884114426,18.49490139783674,73.95247713709313,2.62779912100751,24.105009667282562,2,available,1
18.47499700905263,73.72486825208746,route_13,18.61434052948725,73.95910897281446,18.595381819679304,73.79004004237743,29.152420934763754,15.046550463857466,6,busy,0
18.47499700905263,73.72486825208746,route_14,18.498697930986943,73.95439593981811,18.410949644255314,73.80825612427586,24.34831811124973,11.31768982386685,1,busy,0
18.680323323059444,73.7537354129398,route_0,18.614850109927637,73.86302144126736,18.619617102629167,73.82669921131617,13.622674604522418,10.230260512940308,6,offline,0
18.680323323059444,73.7537354129398,route_1,18.490846892322832,73.97446070300018,18.433331378744178,73.95982508422698,31.386100063032565,35.01779336771581,9,offline,0
18.680323323059444,73.7537354129398,route_2,18.45104358908976,73.76409496144304,18.416815889015137,73.86571283980354,25.518118139764788,31.589191320742373,7,available,0
18.680323323059444,73.7537354129398,route_3,18.4684825752409,73.901965564234,18.530653191461774,73.70973295381015,28.266100271249357,17.276510791293358,5,busy,0
18.680323323059444,73.7537354129398,route_4,18.408602136415862,73.87587082059603,18.520230326309324,73.82979563386353,32.843105903758385,19.522976248605822,9,busy,0
18.680323323059444,73.7537354129398,route_5,18.431769736584847,73.96139224313882,18.616715114950075,73.86330375403355,35.25654041332534,13.538281939984898,4,available,0
18.680323323059444,73.7537354129398,route_6,18.67826540463728,73.72096512473394,18.635913870368796,73.72321747318321,3.459528092666134,5.892514666353806,7,available,1
18.680323323059444,73.7537354129398,route_7,18.48171712665482,73.76327581278754,18.582646840333684,73.98496711376072,22.106882233100087,26.67552528697027,2,offline,0
18.680323323059444,73.7537354129398,route_8,18.462018133622998,73.99743939448328,18.407198691898518,73.95179965975407,35.34259289852149,36.8554839373092,1,available,0
18.680323323059444,73.7537354129398,route_9,18.549459685890337,73.70258117726151,18.610627112704925,73.96214979226147,15.517736617795142,23.285773294607925,5,busy,0
18.680323323059444,73.7537354129398,route_10,18.439797083860952,73.76732376630396,18.665889926544153,73.70933023255468,26.783626060066425,4.945382419106365,3,offline,0
18.680323323059444,73.7537354129398,route_11,18.497604458866828,73.7819760813979,18.461176023724313,73.76985624446678,20.534266106515055,24.427240332136122,2,busy,0
18.680323323059444,73.7537354129398,route_12,18.452053246881384,73.73083884114426,18.49490139783674,73.95247713709313,25.496958332522542,29.391307830844216,4,available,0
18.680323323059444,73.7537354129398,route_13,18.61434052948725,73.95910897281446,18.595381819679304,73.79004004237743,22.847762010373884,10.190254264158572,1,busy,0
18.680323323059444,73.7537354129398,route_14,18.498697930986943,73.95439593981811,18.410949644255314,73.80825612427586,29.24247214233911,30.49944784274036,9,busy,0
18.56289083517938,73.96613953951658,route_0,18.614850109927637,73.86302144126736,18.619617102629167,73.82669921131617,12.308315181317875,15.99243222037362,1,offline,0
18.56289083517938,73.96613953951658,route_1,18.490846892322832,73.97446070300018,18.433331378744178,73.95982508422698,8.058817679185154,14.421733973007237,7,offline,0
18.56289083517938,73.96613953951658,route_2,18.45104358908976,73.76409496144304,18.416815889015137,73.86571283980354,24.668929393848934,19.390382483201446,8,available,0
18.56289083517938,73.96613953951658,route_3,18.4684825752409,73.901965564234,18.530653191461774,73.70973295381015,12.489471916680028,27.267020683932625,6,busy,0
18.56289083517938,73.96613953951658,route_4,18.408602136415862,73.87587082059603,18.520230326309324,73.82979563386353,19.620235077357904,15.136323825940572,8,busy,0
18.56289083517938,73.96613953951658,route_5,18.431769736584847,73.96139224313882,18.616715114950075,73.86330375403355,14.588592530978698,12.38090473841691,9,available,0
18.56289083517938,73.96613953951658,route_6,18.67826540463728,73.72096512473394,18.635913870368796,73.72321747318321,28.845033391377086,26.857741089131846,6,available,0
18.56289083517938,73.96613953951658,route_7,18.48171712665482,73.76327581278754,18.582646840333684,73.98496711376072,23.215455137141827,2.96040970242398,8,offline,0
18.56289083517938,73.96613953951658,route_8,18.462018133622998,73.99743939448328,18.407198691898518,73.95179965975407,11.691985460486652,17.378100191295864,2,available,0
18.56289083517938,73.96613953951658,route_9,18.549459685890337,73.70258117726151,18.610627112704925,73.96214979226147,27.822886737028632,5.324661767324457,8,busy,0
18.56289083517938,73.96613953951658,route_10,18.439797083860952,73.76732376630396,18.665889926544153,73.70933023255468,25.03725194262913,29.38582425114358,6,offline,0
18.56289083517938,73.96613953951658,route_11,18.497604458866828,73.7819760813979,18.461176023724313,73.76985624446678,20.729115281976938,23.585162184684542,4,busy,0
18.56289083517938,73.96613953951658,route_12,18.452053246881384,73.73083884114426,18.49490139783674,73.95247713709313,27.703519271812247,7.696082461072485,7,available,0
18.56289083517938,73.96613953951658,route_13,18.61434052948725,73.95910897281446,18.595381819679304,73.79004004237743,5.76873149204369,18.909222545127385,6,busy,1
18.56289083517938,73.96613953951658,route_14,18.498697930986943,73.95439593981811,18.410949644255314,73.80825612427586,7.2445104345820805,23.720507497452324,1,busy,0
18.52962012040925,73.74565162027542,route_0,18.614850109927637,73.86302144126736,18.619617102629167,73.82669921131617,15.584113603483505,13.157539813310079,9,offline,0
18.52962012040925,73.74565162027542,route_1,18.490846892322832,73.97446070300018,18.433331378744178,73.95982508422698,24.50839214354087,24.99596060797904,7,offline,0
18.52962012040925,73.74565162027542,route_2,18.45104358908976,73.76409496144304,18.416815889015137,73.86571283980354,8.95116730129699,17.823209110589595,7,available,0
18.52962012040925,73.74565162027542,route_3,18.4684825752409,73.901965564234,18.530653191461774,73.70973295381015,17.83006848494963,3.7886542868807838,7,busy,0
18.52962012040925,73.74565162027542,route_4,18.408602136415862,73.87587082059603,18.520230326309324,73.82979563386353,19.227596116264678,8.932819684205429,7,busy,0
18.52962012040925,73.74565162027542,route_5,18.431769736584847,73.96139224313882,18.616715114950075,73.86330375403355,25.219924459222092,15.734477742341065,2,available,0
18.52962012040925,73.74565162027542,route_6,18.67826540463728,73.72096512473394,18.635913870368796,73.72321747318321,16.732090767577574,12.053520416968718,5,available,0
18.52962012040925,73.74565162027542,route_7,18.48171712665482,73.76327581278754,18.582646840333684,73.98496711376072,5.64144950736654,25.90714132209266,8,offline,0
18.52962012040925,73.74565162027542,route_8,18.462018133622998,73.99743939448328,18.407198691898518,73.95179965975407,27.59492413311253,25.65192317968154,9,available,0
18.52962012040925,73.74565162027542,route_9,18.549459685890337,73.70258117726151,18.610627112704925,73.96214979226147,5.0482108959482535,24.533510406734493,6,busy,1
18.52962012040925,73.74565162027542,route_10,18.439797083860952,73.76732376630396,18.665889926544153,73.70933023255468,10.246023601344234,15.628533176689283,5,offline,0
18.52962012040925,73.74565162027542,route_11,18.497604458866828,73.7819760813979,18.461176023724313,73.76985624446678,5.229039351088988,8.027242041777882,2,busy,0
18.52962012040925,73.74565162027542,route_12,18.452053246881384,73.73083884114426,18.49490139783674,73.95247713709313,8.765354253993836,22.147004854525328,9,available,0
18.52962012040925,73.74565162027542,route_13,18.61434052948725,73.95910897281446,18.595381819679304,73.79004004237743,24.391913841834576,8.681226572233758,4,busy,0
18.52962012040925,73.74565162027542,route_14,18.498697930986943,73.95439593981811,18.410949644255314,73.80825612427586,22.276964103673386,14.755286148665194,5,busy,0
18.44233227248595,73.95425585341695,route_0,18.614850109927637,73.86302144126736,18.619617102629167,73.82669921131617,21.45963057963106,23.863458210528027,7,offline,0
18.44233227248595,73.95425585341695,route_1,18.490846892322832,73.97446070300018,18.433331378744178,73.95982508422698,5.800225493957475,1.1605354897705762,8,offline,0
18.44233227248595,73.95425585341695,route_2,18.45104358908976,73.76409496144304,18.416815889015137,73.86571283980354,20.081842463751048,9.762006130867338,8,available,0
18.44233227248595,73.95425585341695,route_3,18.4684825752409,73.901965564234,18.530653191461774,73.70973295381015,6.234951583096511,27.593498549629665,9,busy,0
18.44233227248595,73.95425585341695,route_4,18.408602136415862,73.87587082059603,18.520230326309324,73.82979563386353,9.080019852545107,15.726080769211684,8,busy,0
18.44233227248595,73.95425585341695,route_5,18.431769736584847,73.96139224313882,18.616715114950075,73.86330375403355,1.3950479146790251,21.631975770156654,1,available,1
18.44233227248595,73.95425585341695,route_6,18.67826540463728,73.72096512473394,18.635913870368796,73.72321747318321,35.9582459044336,32.50550372062213,7,available,0
18.44233227248595,73.95425585341695,route_7,18.48171712665482,73.76327581278754,18.582646840333684,73.98496711376072,20.613647738103005,15.934769746332845,8,offline,0
18.44233227248595,73.95425585341695,route_8,18.462018133622998,73.99743939448328,18.407198691898518,73.95179965975407,5.053602017384473,3.9152596227050576,7,available,0
18.44233227248595,73.95425585341695,route_9,18.549459685890337,73.70258117726151,18.610627112704925,73.96214979226147,29.090151949515477,18.73203086640547,1,busy,0
18.44233227248595,73.95425585341695,route_10,18.439797083860952,73.76732376630396,18.665889926544153,73.70933023255468,19.72054822913167,35.840759504171395,7,offline,0
18.44233227248595,73.95425585341695,route_11,18.497604458866828,73.7819760813979,18.461176023724313,73.76985624446678,19.181174583978603,19.56272154277285,9,busy,0
18.44233227248595,73.95425585341695,route_12,18.452053246881384,73.73083884114426,18.49490139783674,73.95247713709313,23.591081381274886,5.84842956240609,4,available,0
18.44233227248595,73.95425585341695,route_13,18.61434052948725,73.95910897281446,18.595381819679304,73.79004004237743,19.133288398077397,24.27784068612284,6,busy,0
18.44233227248595,73.95425585341695,route_14,18.498697930986943,73.95439593981811,18.410949644255314,73.80825612427586,6.267592676120182,15.7924398806832,2,busy,0
18.60472455143275,73.71886939774858,route_0,18.614850109927637,73.86302144126736,18.619617102629167,73.82669921131617,15.232550727977555,11.483083451036627,8,offline,0
18.60472455143275,73.71886939774858,route_1,18.490846892322832,73.97446070300018,18.433331378744178,73.95982508422698,29.77137270606499,31.759345845360485,5,offline,0
18.60472455143275,73.71886939774858,route_2,18.45104358908976,73.76409496144304,18.416815889015137,73.86571283980354,17.74130936976042,26.006110728602774,5,available,0
18.60472455143275,73.71886939774858,route_3,18.4684825752409,73.901965564234,18.530653191461774,73.70973295381015,24.538044413557508,8.292470861210118,1,busy,0
18.60472455143275,73.71886939774858,route_4,18.408602136415862,73.87587082059603,18.520230326309324,73.82979563386353,27.37968893653605,14.99976147731452,7,busy,0
18.60472455143275,73.71886939774858,route_5,18.431769736584847,73.96139224313882,18.616715114950075,73.86330375403355,31.995844678888442,15.278835146595688,8,available,0
18.60472455143275,73.71886939774858,route_6,18.67826540463728,73.72096512473394,18.635913870368796,73.72321747318321,8.180350413894836,3.49822834008984,3,available,0
18.60472455143275,73.71886939774858,route_7,18.48171712665482,73.76327581278754,18.582646840333684,73.98496711376072,14.456760658063036,28.15153169175579,4,offline,0
18.60472455143275,73.71886939774858,route_8,18.462018133622998,73.99743939448328,18.407198691898518,73.95179965975407,33.381823243544645,32.94952336400655,1,available,0
18.60472455143275,73.71886939774858,route_9,18.549459685890337,73.70258117726151,18.610627112704925,73.96214979226147,6.38048138870654,25.64584216926478,8,busy,1
18.60472455143275,73.71886939774858,route_10,18.439797083860952,73.76732376630396,18.665889926544153,73.70933023255468,19.03738973407815,6.87514499432249,5,offline,0
18.60472455143275,73.71886939774858,route_11,18.497604458866828,73.7819760813979,18.461176023724313,73.76985624446678,13.64306069663449,16.8427087209535,3,busy,0
18.60472455143275,73.71886939774858,route_12,18.452053246881384,73.73083884114426,18.49490139783674,73.95247713709313,17.023114355542457,27.48800621004419,1,available,0
18.60472455143275,73.71886939774858,route_13,18.61434052948725,73.95910897281446,18.595381819679304,73.79004004237743,25.339287263691485,7.572064162376728,8,busy,0
18.60472455143275,73.71886939774858,route_14,18.498697930986943,73.95439593981811,18.410949644255314,73.80825612427586,27.485416141066832,23.518077805779445,8,busy,0
18.64765786540293,73.97825624175253,route_0,18.614850109927637,73.86302144126736,18.619617102629167,73.82669921131617,12.678210798637304,16.27053861637595,8,offline,0
18.64765786540293,73.97825624175253,route_1,18.490846892322832,73.97446070300018,18.433331378744178,73.95982508422698,17.441173765013836,23.911098796728464,4,offline,0
18.64765786540293,73.97825624175253,route_2,18.45104358908976,73.76409496144304,18.416815889015137,73.86571283980354,31.427189963992788,28.278179270779624,8,available,0
18.64765786540293,73.97825624175253,route_3,18.4684825752409,73.901965564234,18.530653191461774,73.70973295381015,21.485234922842984,31.14797487481401,6,busy,0
18.64765786540293,73.97825624175253,route_4,18.408602136415862,73.87587082059603,18.520230326309324,73.82979563386353,28.689986722882722,21.109399666764308,3,busy,0
18.64765786540293,73.97825624175253,route_5,18.431769736584847,73.96139224313882,18.616715114950075,73.86330375403355,24.071409814408515,12.591420918723166,5,available,0
18.64765786540293,73.97825624175253,route_6,18.67826540463728,73.72096512473394,18.635913870368796,73.72321747318321,27.317937628914677,26.902886708831634,4,available,0
18.64765786540293,73.97825624175253,route_7,18.48171712665482,73.76327581278754,18.582646840333684,73.98496711376072,29.22295569924325,7.263403989259266,6,offline,0
18.64765786540293,73.97825624175253,route_8,18.462018133622998,73.99743939448328,18.407198691898518,73.95179965975407,20.741010664365863,26.882943474917713,2,available,0
18.64765786540293,73.97825624175253,route_9,18.549459685890337,73.70258117726151,18.610627112704925,73.96214979226147,31.036974441781975,4.453662411972456,5,busy,0
18.64765786540293,73.97825624175253,route_10,18.439797083860952,73.76732376630396,18.665889926544153,73.70933023255468,32.07322946977602,28.404288556678136,9,offline,0
18.64765786540293,73.97825624175253,route_11,18.497604458866828,73.7819760813979,18.461176023724313,73.76985624446678,26.578514075329032,30.209114731295674,7,busy,0
18.64765786540293,73.97825624175253,route_12,18.452053246881384,73.73083884114426,18.49490139783674,73.95247713709313,33.961097354521854,17.20171216897764,1,available,0
18.64765786540293,73.97825624175253,route_13,18.61434052948725,73.95910897281446,18.595381819679304,73.79004004237743,4.2184442860696265,20.667326379517558,2,busy,1
18.64765786540293,73.97825624175253,route_14,18.498697930986943,73.95439593981811,18.410949644255314,73.80825612427586,16.75343281961461,31.84373981980993,8,busy,0
18.44329914822014,73.74499981995791,route_0,18.614850109927637,73.86302144126736,18.619617102629167,73.82669921131617,22.775194648284227,21.4143545384098,8,offline,0
18.44329914822014,73.74499981995791,route_1,18.490846892322832,73.97446070300018,18.433331378744178,73.95982508422698,24.771803881183466,22.688296623692683,3,offline,0
18.44329914822014,73.74499981995791,route_2,18.45104358908976,73.76409496144304,18.416815889015137,73.86571283980354,2.190544756211735,13.070290037977049,7,available,0
18.44329914822014,73.74499981995791,route_3,18.4684825752409,73.901965564234,18.530653191461774,73.70973295381015,16.79125041597087,10.400992265683946,4,busy,0
18.44329914822014,73.74499981995791,route_4,18.408602136415862,73.87587082059603,18.520230326309324,73.82979563386353,14.33508839197678,12.375237459266819,6,busy,0
18.44329914822014,73.74499981995791,route_5,18.431769736584847,73.96139224313882,18.616715114950075,73.86330375403355,22.86259818079986,22.965281792634176,2,available,0
18.44329914822014,73.74499981995791,route_6,18.67826540463728,73.72096512473394,18.635913870368796,73.72321747318321,26.24960552111856,21.540536124374974,4,available,0
18.44329914822014,73.74499981995791,route_7,18.48171712665482,73.76327581278754,18.582646840333684,73.98496711376072,4.686645631370741,29.669772415225502,3,offline,0
18.44329914822014,73.74499981995791,route_8,18.462018133622998,73.99743939448328,18.407198691898518,73.95179965975407,26.70802424303756,22.182520172974534,2,available,0
18.44329914822014,73.74499981995791,route_9,18.549459685890337,73.70258117726151,18.610627112704925,73.96214979226147,12.623590861985654,29.501623061314206,3,busy,0
18.44329914822014,73.74499981995791,route_10,18.439797083860952,73.76732376630396,18.665889926544153,73.70933023255468,2.386815951240064,25.034949806121674,3,offline,0
18.44329914822014,73.74499981995791,route_11,18.497604458866828,73.7819760813979,18.461176023724313,73.76985624446678,7.188283231164038,3.290183327631458,8,busy,0
18.44329914822014,73.74499981995791,route_12,18.452053246881384,73.73083884114426,18.49490139783674,73.95247713709313,1.7828936996335674,22.62195964783939,7,available,1
18.44329914822014,73.74499981995791,route_13,18.61434052948725,73.95910897281446,18.595381819679304,73.79004004237743,29.51767761501878,17.564962709903867,8,busy,0
18.44329914822014,73.74499981995791,route_14,18.498697930986943,73.95439593981811,18.410949644255314,73.80825612427586,22.92733463841419,7.580886562327135,9,busy,0
18.511175964798834,73.92314589149026,route_0,18.614850109927637,73.86302144126736,18.619617102629167,73.82669921131617,13.15531351074263,15.771853787248174,8,offline,0
18.511175964798834,73.92314589149026,route_1,18.490846892322832,73.97446070300018,18.433331378744178,73.95982508422698,5.864239068945014,9.481009294174243,2,offline,0
18.511175964798834,73.92314589149026,route_2,18.45104358908976,73.76409496144304,18.416815889015137,73.86571283980354,18.057157453773574,12.115409993603187,9,available,0
18.511175964798834,73.92314589149026,route_3,18.4684825752409,73.901965564234,18.530653191461774,73.70973295381015,5.246483696891349,22.605370077663622,1,busy,0
18.511175964798834,73.92314589149026,route_4,18.408602136415862,73.87587082059603,18.520230326309324,73.82979563386353,12.447994962568108,9.894125372320286,3,busy,0
18.511175964798834,73.92314589149026,route_5,18.431769736584847,73.96139224313882,18.616715114950075,73.86330375403355,9.707319584385546,13.323283229832786,5,available,0
18.511175964798834,73.92314589149026,route_6,18.67826540463728,73.72096512473394,18.635913870368796,73.72321747318321,28.270542422160098,25.228155612412827,6,available,0
18.511175964798834,73.92314589149026,route_7,18.48171712665482,73.76327581278754,18.582646840333684,73.98496711376072,17.173744350955634,10.277726022363963,9,offline,0
18.511175964798834,73.92314589149026,route_8,18.462018133622998,73.99743939448328,18.407198691898518,73.95179965975407,9.553110167971273,11.950221291687644,5,available,0
18.511175964798834,73.92314589149026,route_9,18.549459685890337,73.70258117726151,18.610627112704925,73.96214979226147,23.640589563698818,11.798034165386778,3,busy,0
18.511175964798834,73.92314589149026,route_10,18.439797083860952,73.76732376630396,18.665889926544153,73.70933023255468,18.2498971721371,28.35100030718238,8,offline,0
18.511175964798834,73.92314589149026,route_11,18.497604458866828,73.7819760813979,18.461176023724313,73.76985624446678,14.96209986034804,17.094864779921174,7,busy,0
18.511175964798834,73.92314589149026,route_12,18.452053246881384,73.73083884114426,18.49490139783674,73.95247713709313,21.31963676146612,3.5834053255173464,6,available,0
18.511175964798834,73.92314589149026,route_13,18.61434052948725,73.95910897281446,18.595381819679304,73.79004004237743,12.081521798141539,16.86869813545102,4,busy,0
18.511175964798834,73.92314589149026,route_14,18.498697930986943,73.95439593981811,18.410949644255314,73.80825612427586,3.575385307937236,16.463381225863472,6,busy,1
18.564038807522678,73.87681469031898,route_0,18.614850109927637,73.86302144126736,18.619617102629167,73.82669921131617,5.833981332525613,8.129566429914822,3,offline,1
18.564038807522678,73.87681469031898,route_1,18.490846892322832,73.97446070300018,18.433331378744178,73.95982508422698,13.123389427303472,16.966420257479196,1,offline,0
18.564038807522678,73.87681469031898,route_2,18.45104358908976,73.76409496144304,18.416815889015137,73.86571283980354,17.29551303222609,16.412251363237264,5,available,0
18.564038807522678,73.87681469031898,route_3,18.4684825752409,73.901965564234,18.530653191461774,73.70973295381015,10.951296711191597,18.000644899318498,9,busy,0
18.564038807522678,73.87681469031898,route_4,18.408602136415862,73.87587082059603,18.520230326309324,73.82979563386353,17.28405586006576,6.9498232055876095,8,busy,0
18.564038807522678,73.87681469031898,route_5,18.431769736584847,73.96139224313882,18.616715114950075,73.86330375403355,17.20053129263506,6.027940474450824,7,available,0
18.564038807522678,73.87681469031898,route_6,18.67826540463728,73.72096512473394,18.635913870368796,73.72321747318321,20.761113080659953,18.05265536432033,8,available,0
18.564038807522678,73.87681469031898,route_7,18.48171712665482,73.76327581278754,18.582646840333684,73.98496711376072,15.0696535592402,11.585905233294628,4,offline,0
18.564038807522678,73.87681469031898,route_8,18.462018133622998,73.99743939448328,18.407198691898518,73.95179965975407,17.042805990636015,19.148883977358665,6,available,0
18.564038807522678,73.87681469031898,route_9,18.549459685890337,73.70258117726151,18.610627112704925,73.96214979226147,18.438017941994133,10.379127445706422,5,busy,0
18.564038807522678,73.87681469031898,route_10,18.439797083860952,73.76732376630396,18.665889926544153,73.70933023255468,18.00431486884775,20.97033675370031,2,offline,0
18.564038807522678,73.87681469031898,route_11,18.497604458866828,73.7819760813979,18.461176023724313,73.76985624446678,12.431670666265566,16.062770568163824,7,busy,0
18.564038807522678,73.87681469031898,route_12,18.452053246881384,73.73083884114426,18.49490139783674,73.95247713709313,19.798465478981875,11.078623903360308,3,available,0
18.564038807522678,73.87681469031898,route_13,18.61434052948725,73.95910897281446,18.595381819679304,73.79004004237743,10.32042201715743,9.78754548866478,2,busy,0
18.564038807522678,73.87681469031898,route_14,18.498697930986943,73.95439593981811,18.410949644255314,73.80825612427586,10.940305835565715,18.494477002924274,7,busy,0
18.56748235272104,73.7811882329144,route_0,18.614850109927637,73.86302144126736,18.619617102629167,73.82669921131617,10.10572599075014,7.524128975272139,9,offline,0
18.56748235272104,73.7811882329144,route_1,18.490846892322832,73.97446070300018,18.433331378744178,73.95982508422698,22.08692664626342,24.028029486125433,5,offline,0
18.56748235272104,73.7811882329144,route_2,18.45104358908976,73.76409496144304,18.416815889015137,73.86571283980354,13.072248723521097,18.976925478015573,4,available,0
18.56748235272104,73.7811882329144,route_3,18.4684825752409,73.901965564234,18.530653191461774,73.70973295381015,16.832976543538127,8.573943745739431,6,busy,0
18.56748235272104,73.7811882329144,route_4,18.408602136415862,73.87587082059603,18.520230326309324,73.82979563386353,20.29307067030342,7.339255936509617,9,busy,0
18.56748235272104,73.7811882329144,route_5,18.431769736584847,73.96139224313882,18.616715114950075,73.86330375403355,24.26547524752573,10.240436981674662,5,available,0
18.56748235272104,73.7811882329144,route_6,18.67826540463728,73.72096512473394,18.635913870368796,73.72321747318321,13.85698270340324,9.758284035873677,5,available,0
18.56748235272104,73.7811882329144,route_7,18.48171712665482,73.76327581278754,18.582646840333684,73.98496711376072,9.72185923236235,21.54488222536169,8,offline,0
18.56748235272104,73.7811882329144,route_8,18.462018133622998,73.99743939448328,18.407198691898518,73.95179965975407,25.640411187493644,25.325183595282244,3,available,0
18.56748235272104,73.7811882329144,route_9,18.549459685890337,73.70258117726151,18.610627112704925,73.96214979226147,8.525078651839344,19.666358300765243,1,busy,0
18.56748235272104,73.7811882329144,route_10,18.439797083860952,73.76732376630396,18.665889926544153,73.70933023255468,14.273024438303864,13.30692291547358,9,offline,0
18.56748235272104,73.7811882329144,route_11,18.497604458866828,73.7819760813979,18.461176023724313,73.76985624446678,7.770511233216876,11.880958674755362,2,busy,1
18.56748235272104,73.7811882329144,route_12,18.452053246881384,73.73083884114426,18.49490139783674,73.95247713709313,13.889774348821524,19.780277824991803,6,available,0
18.56748235272104,73.7811882329144,route_13,18.61434052948725,73.95910897281446,18.595381819679304,73.79004004237743,19.461973224762637,3.239531569324842,7,busy,0
18.56748235272104,73.7811882329144,route_14,18.498697930986943,73.95439593981811,18.410949644255314,73.80825612427586,19.798070341469455,17.638149580390024,5,busy,0
18.51595533979855,73.87767245665628,route_0,18.614850109927637,73.86302144126736,18.619617102629167,73.82669921131617,11.104509279507242,12.717403784251331,1,offline,0
18.51595533979855,73.87767245665628,route_1,18.490846892322832,73.97446070300018,18.433331378744178,73.95982508422698,10.580988100329161,12.628365369459072,6,offline,0
18.51595533979855,73.87767245665628,route_2,18.45104358908976,73.76409496144304,18.416815889015137,73.86571283980354,13.984427664468196,11.09573424295112,2,available,0
18.51595533979855,73.87767245665628,route_3,18.4684825752409,73.901965564234,18.530653191461774,73.70973295381015,5.867519846054561,17.78186787580057,3,busy,1
18.51595533979855,73.87767245665628,route_4,18.408602136415862,73.87587082059603,18.520230326309324,73.82979563386353,11.9386439196418,5.07035089509349,9,busy,0
18.51595533979855,73.87767245665628,route_5,18.431769736584847,73.96139224313882,18.616715114950075,73.86330375403355,12.868120391617458,11.305883780210834,6,available,0
18.51595533979855,73.87767245665628,route_6,18.67826540463728,73.72096512473394,18.635913870368796,73.72321747318321,24.463931623748472,21.04653208037544,9,available,0
18.51595533979855,73.87767245665628,route_7,18.48171712665482,73.76327581278754,18.582646840333684,73.98496711376072,12.649574635025825,13.52509794338224,5,offline,0
18.51595533979855,73.87767245665628,route_8,18.462018133622998,73.99743939448328,18.407198691898518,73.95179965975407,13.981761949893079,14.400421850078652,3,available,0
18.51595533979855,73.87767245665628,route_9,18.549459685890337,73.70258117726151,18.610627112704925,73.96214979226147,18.831819541408386,13.788126412652563,6,busy,0
18.51595533979855,73.87767245665628,route_10,18.439797083860952,73.76732376630396,18.665889926544153,73.70933023255468,14.392656635980002,24.346127890682315,2,offline,0
18.51595533979855,73.87767245665628,route_11,18.497604458866828,73.7819760813979,18.461176023724313,73.76985624446678,10.294915512945861,12.898678226021017,5,busy,0
18.51595533979855,73.87767245665628,route_12,18.452053246881384,73.73083884114426,18.49490139783674,73.95247713709313,17.037328997300822,8.22789694700563,3,available,0
18.51595533979855,73.87767245665628,route_13,18.61434052948725,73.95910897281446,18.595381819679304,73.79004004237743,13.905720036241789,12.780319742137122,5,busy,0
18.51595533979855,73.87767245665628,route_14,18.498697930986943,73.95439593981811,18.410949644255314,73.80825612427586,8.314520242860185,13.781676864526565,3,busy,0
18.69518534877142,73.87996638882053,route_0,18.614850109927637,73.86302144126736,18.619617102629167,73.82669921131617,9.10950724452617,10.104412379850396,5,offline,1
18.69518534877142,73.87996638882053,route_1,18.490846892322832,73.97446070300018,18.433331378744178,73.95982508422698,24.80808816549387,30.30923572919073,9,offline,0
18.69518534877142,73.87996638882053,route_2,18.45104358908976,73.76409496144304,18.416815889015137,73.86571283980354,29.76812059614075,30.98971777914294,3,available,0
18.69518534877142,73.87996638882053,route_3,18.4684825752409,73.901965564234,18.530653191461774,73.70973295381015,25.314610514974124,25.622663299720813,3,busy,0
18.69518534877142,73.87996638882053,route_4,18.408602136415862,73.87587082059603,18.520230326309324,73.82979563386353,31.869523838345387,20.15975969310509,2,busy,0
18.69518534877142,73.87996638882053,route_5,18.431769736584847,73.96139224313882,18.616715114950075,73.86330375403355,30.52214105142324,8.900326126517282,1,available,0
18.69518534877142,73.87996638882053,route_6,18.67826540463728,73.72096512473394,18.635913870368796,73.72321747318321,16.853460357204682,17.77959705275515,3,available,0
18.69518534877142,73.87996638882053,route_7,18.48171712665482,73.76327581278754,18.582646840333684,73.98496711376072,26.733470619898366,16.70290217142667,8,offline,0
18.69518534877142,73.87996638882053,route_8,18.462018133622998,73.99743939448328,18.407198691898518,73.95179965975407,28.731790972888657,32.90581228822759,8,available,0
18.69518534877142,73.87996638882053,route_9,18.549459685890337,73.70258117726151,18.610627112704925,73.96214979226147,24.7375347324256,12.78175906677278,3,busy,0
18.69518534877142,73.87996638882053,route_10,18.439797083860952,73.76732376630396,18.665889926544153,73.70933023255468,30.780113288639424,18.267109078979093,5,offline,0
18.69518534877142,73.87996638882053,route_11,18.497604458866828,73.7819760813979,18.461176023724313,73.76985624446678,24.27611955466016,28.491498675115828,1,busy,0
18.69518534877142,73.87996638882053,route_12,18.452053246881384,73.73083884114426,18.49490139783674,73.95247713709313,31.272454139055682,23.545203342951208,6,available,0
18.69518534877142,73.87996638882053,route_13,18.61434052948725,73.95910897281446,18.595381819679304,73.79004004237743,12.26101718402452,14.591941964213033,7,busy,0
18.69518534877142,73.87996638882053,route_14,18.498697930986943,73.95439593981811,18.410949644255314,73.80825612427586,23.213827994271256,32.4970232302208,3,busy,0
18.61284901255248,73.79672877607166,route_0,18.614850109927637,73.86302144126736,18.619617102629167,73.82669921131617,6.989361927428274,3.2466232844817684,5,offline,1
18.61284901255248,73.79672877607166,route_1,18.490846892322832,73.97446070300018,18.433331378744178,73.95982508422698,23.131618425719086,26.34693696003242,9,offline,0
18.61284901255248,73.79672877607166,route_2,18.45104358908976,73.76409496144304,18.416815889015137,73.86571283980354,18.317952422618763,22.97942433814139,8,available,0
18.61284901255248,73.79672877607166,route_3,18.4684825752409,73.901965564234,18.530653191461774,73.70973295381015,19.513576632778353,12.946795611888643,4,busy,0
18.61284901255248,73.79672877607166,route_4,18.408602136415862,73.87587082059603,18.520230326309324,73.82979563386353,24.195800449208868,10.87255826102376,3,busy,0
18.61284901255248,73.79672877607166,route_5,18.431769736584847,73.96139224313882,18.616715114950075,73.86330375403355,26.586395759242382,7.028689218019059,6,available,0
18.61284901255248,73.79672877607166,route_6,18.67826540463728,73.72096512473394,18.635913870368796,73.72321747318321,10.799483230937225,8.159571982601577,2,available,0
18.61284901255248,73.79672877607166,route_7,18.48171712665482,73.76327581278754,18.582646840333684,73.98496711376072,15.001609865029714,20.120393996345918,8,offline,0
18.61284901255248,73.79672877607166,route_8,18.462018133622998,73.99743939448328,18.407198691898518,73.95179965975407,27.000651963858722,28.111732300205002,8,available,0
18.61284901255248,73.79672877607166,route_9,18.549459685890337,73.70258117726151,18.610627112704925,73.96214979226147,12.171645604982096,17.43377885667105,5,busy,0
18.61284901255248,73.79672877607166,route_10,18.439797083860952,73.76732376630396,18.665889926544153,73.70933023255468,19.490643499089263,10.9353657336071,3,offline,0
18.61284901255248,73.79672877607166,route_11,18.497604458866828,73.7819760813979,18.461176023724313,73.76985624446678,12.908629507640882,17.101563196577114,3,busy,0
18.61284901255248,73.79672877607166,route_12,18.452053246881384,73.73083884114426,18.49490139783674,73.95247713709313,19.1817427177304,21.01352626731177,2,available,0
18.61284901255248,73.79672877607166,route_13,18.61434052948725,73.95910897281446,18.595381819679304,73.79004004237743,17.112204267524596,2.0662174777523985,5,busy,0
18.61284901255248,73.79672877607166,route_14,18.498697930986943,73.95439593981811,18.410949644255314,73.80825612427586,20.912912479769048,22.48306403330421,9,busy,0
18.546331234064844,73.98862745761869,route_0,18.614850109927637,73.86302144126736,18.619617102629167,73.82669921131617,15.274586892440096,18.912524237530363,2,offline,0
18.546331234064844,73.98862745761869,route_1,18.490846892322832,73.97446070300018,18.433331378744178,73.95982508422698,6.3478214987705615,12.926910532525454,9,offline,1
18.546331234064844,73.98862745761869,route_2,18.45104358908976,73.76409496144304,18.416815889015137,73.86571283980354,25.939508280748104,19.37602618445283,9,available,0
18.546331234064844,73.98862745761869,route_3,18.4684825752409,73.901965564234,18.530653191461774,73.70973295381015,12.587127831800954,29.454101243916515,7,busy,0
18.546331234064844,73.98862745761869,route_4,18.408602136415862,73.87587082059603,18.520230326309324,73.82979563386353,19.389501438311854,16.99501303794477,7,busy,0
18.546331234064844,73.98862745761869,route_5,18.431769736584847,73.96139224313882,18.616715114950075,73.86330375403355,13.058421269092358,15.353408635895708,3,available,0
18.546331234064844,73.98862745761869,route_6,18.67826540463728,73.72096512473394,18.635913870368796,73.72321747318321,31.79315231073469,29.692920481168258,1,available,0
18.546331234064844,73.98862745761869,route_7,18.48171712665482,73.76327581278754,18.582646840333684,73.98496711376072,24.82359637064314,4.056502077376971,2,offline,0
18.546331234064844,73.98862745761869,route_8,18.462018133622998,73.99743939448328,18.407198691898518,73.95179965975407,9.421122773144216,15.95092172995818,5,available,0
18.546331234064844,73.98862745761869,route_9,18.549459685890337,73.70258117726151,18.610627112704925,73.96214979226147,30.156787179673852,7.67475628704233,9,busy,0
18.546331234064844,73.98862745761869,route_10,18.439797083860952,73.76732376630396,18.665889926544153,73.70933023255468,26.171574634510637,32.29635594650044,9,offline,0
18.546331234064844,73.98862745761869,route_11,18.497604458866828,73.7819760813979,18.461176023724313,73.76985624446678,22.45190772799933,24.936342632245776,9,busy,0
18.546331234064844,73.98862745761869,route_12,18.452053246881384,73.73083884114426,18.49490139783674,73.95247713709313,29.134982604872036,6.872543050190774,9,available,0
18.546331234064844,73.98862745761869,route_13,18.61434052948725,73.95910897281446,18.595381819679304,73.79004004237743,8.177281179912255,21.631032891732268,4,busy,0
18.546331234064844,73.98862745761869,route_14,18.498697930986943,73.95439593981811,18.410949644255314,73.80825612427586,6.409374243893508,24.25826077843093,9,busy,0
18.696029215611265,73.77335318966539,route_0,18.614850109927637,73.86302144126736,18.619617102629167,73.82669921131617,13.066109403201938,10.187150024112013,9,offline,0
18.696029215611265,73.77335318966539,route_1,18.490846892322832,73.97446070300018,18.433331378744178,73.95982508422698,31.1409658385724,35.208128948378786,7,offline,0
18.696029215611265,73.77335318966539,route_2,18.45104358908976,73.76409496144304,18.416815889015137,73.86571283980354,27.25863184570546,32.53785745306549,2,available,0
18.696029215611265,73.77335318966539,route_3,18.4684825752409,73.901965564234,18.530653191461774,73.70973295381015,28.704420944745106,19.572964938000545,3,busy,0
18.696029215611265,73.77335318966539,route_4,18.408602136415862,73.87587082059603,18.520230326309324,73.82979563386353,33.73812850619067,20.432841657936724,3,busy,0
18.696029215611265,73.77335318966539,route_5,18.431769736584847,73.96139224313882,18.616715114950075,73.86330375403355,35.44449186724347,12.945430090312566,9,available,0
18.696029215611265,73.77335318966539,route_6,18.67826540463728,73.72096512473394,18.635913870368796,73.72321747318321,5.861059805326844,8.519281749262355,2,available,1
18.696029215611265,73.77335318966539,route_7,18.48171712665482,73.76327581278754,18.582646840333684,73.98496711376072,23.854073392853984,25.61387795619656,3,offline,0
18.696029215611265,73.77335318966539,route_8,18.462018133622998,73.99743939448328,18.407198691898518,73.95179965975407,35.14151063246121,37.22005103719852,8,available,0
18.696029215611265,73.77335318966539,route_9,18.549459685890337,73.70258117726151,18.610627112704925,73.96214979226147,17.92293232713326,22.04110170690892,7,busy,0
18.696029215611265,73.77335318966539,route_10,18.439797083860952,73.76732376630396,18.665889926544153,73.70933023255468,28.49880047809456,7.530779855192905,3,offline,0
18.696029215611265,73.77335318966539,route_11,18.497604458866828,73.7819760813979,18.461176023724313,73.76985624446678,22.082533136530564,26.117084365812158,7,busy,0
18.696029215611265,73.77335318966539,route_12,18.452053246881384,73.73083884114426,18.49490139783674,73.95247713709313,27.49649578486509,29.26668053300562,3,available,0
18.696029215611265,73.77335318966539,route_13,18.61434052948725,73.95910897281446,18.595381819679304,73.79004004237743,21.57517853361096,11.328731330554282,7,busy,0
18.696029215611265,73.77335318966539,route_14,18.498697930986943,73.95439593981811,18.410949644255314,73.80825612427586,29.07751952130255,31.912214766375175,9,busy,0
18.59759707172993,73.79553971794708,route_0,18.614850109927637,73.86302144126736,18.619617102629167,73.82669921131617,7.365664594347883,4.096037742497487,6,offline,1
18.59759707172993,73.79553971794708,route_1,18.490846892322832,73.97446070300018,18.433331378744178,73.95982508422698,22.28627875666694,25.17309434208473,6,offline,0
18.59759707172993,73.79553971794708,route_2,18.45104358908976,73.76409496144304,18.416815889015137,73.86571283980354,16.629828901116365,21.420524124182887,9,available,0
18.59759707172993,73.79553971794708,route_3,18.4684825752409,73.901965564234,18.530653191461774,73.70973295381015,18.22128320072493,11.714063791608554,6,busy,0
18.59759707172993,73.79553971794708,route_4,18.408602136415862,73.87587082059603,18.520230326309324,73.82979563386353,22.658198469967477,9.32991456138407,9,busy,0
18.59759707172993,73.79553971794708,route_5,18.431769736584847,73.96139224313882,18.616715114950075,73.86330375403355,25.412851586109483,7.450851309777761,3,available,0
18.59759707172993,73.79553971794708,route_6,18.67826540463728,73.72096512473394,18.635913870368796,73.72321747318321,11.924708264765295,8.73119730483566,5,available,0
18.59759707172993,73.79553971794708,route_7,18.48171712665482,73.76327581278754,18.582646840333684,73.98496711376072,13.326646162784849,20.03344161393729,9,offline,0
18.59759707172993,73.79553971794708,route_8,18.462018133622998,73.99743939448328,18.407198691898518,73.95179965975407,26.084199448488263,26.827649855931607,7,available,0
18.59759707172993,73.79553971794708,route_9,18.549459685890337,73.70258117726151,18.610627112704925,73.96214979226147,11.164871976313377,17.6177958078974,8,busy,0
18.59759707172993,73.79553971794708,route_10,18.439797083860952,73.76732376630396,18.665889926544153,73.70933023255468,17.796977073508,11.83972459305641,8,offline,0
18.59759707172993,73.79553971794708,route_11,18.497604458866828,73.7819760813979,18.461176023724313,73.76985624446678,11.210235516634853,15.409115509645703,2,busy,0
18.59759707172993,73.79553971794708,route_12,18.452053246881384,73.73083884114426,18.49490139783674,73.95247713709313,17.5626876440858,20.1026249600298,4,available,0
18.59759707172993,73.79553971794708,route_13,18.61434052948725,73.95910897281446,18.595381819679304,73.79004004237743,17.337726868857242,0.6297773933108209,8,busy,0
18.59759707172993,73.79553971794708,route_14,18.498697930986943,73.95439593981811,18.410949644255314,73.80825612427586,20.034477009397712,20.797518335471718,4,busy,0
18.698432339293483,73.82785134705446,route_0,18.614850109927637,73.86302144126736,18.619617102629167,73.82669921131617,10.005284878834367,8.764694952137333,8,offline,1
18.698432339293483,73.82785134705446,route_1,18.490846892322832,73.97446070300018,18.433331378744178,73.95982508422698,27.77659138756426,32.59545860355555,2,offline,0
18.698432339293483,73.82785134705446,route_2,18.45104358908976,73.76409496144304,18.416815889015137,73.86571283980354,28.317312587165155,31.567634181125094,7,available,0
18.698432339293483,73.82785134705446,route_3,18.4684825752409,73.901965564234,18.530653191461774,73.70973295381015,26.735834175419882,22.427286332394004,9,busy,0
18.698432339293483,73.82785134705446,route_4,18.408602136415862,73.87587082059603,18.520230326309324,73.82979563386353,32.622770859137994,19.81621903441744,6,busy,0
18.698432339293483,73.82785134705446,route_5,18.431769736584847,73.96139224313882,18.616715114950075,73.86330375403355,32.82311106897127,9.824211791225325,8,available,0
18.698432339293483,73.82785134705446,route_6,18.67826540463728,73.72096512473394,18.635913870368796,73.72321747318321,11.479715985391861,13.031747545573802,3,available,0
18.698432339293483,73.82785134705446,route_7,18.48171712665482,73.76327581278754,18.582646840333684,73.98496711376072,25.040267590556788,20.971285933238097,7,offline,0
18.698432339293483,73.82785134705446,route_8,18.462018133622998,73.99743939448328,18.407198691898518,73.95179965975407,31.78927009518389,34.920314505361084,6,available,0
18.698432339293483,73.82785134705446,route_9,18.549459685890337,73.70258117726151,18.610627112704925,73.96214979226147,21.181101067606956,17.190510342703597,9,busy,0
18.698432339293483,73.82785134705446,route_10,18.439797083860952,73.76732376630396,18.665889926544153,73.70933023255468,29.458105683941543,12.998378985584432,5,offline,0
18.698432339293483,73.82785134705446,route_11,18.497604458866828,73.7819760813979,18.461176023724313,73.76985624446678,22.848410124570343,27.080593093297086,9,busy,0
18.698432339293483,73.82785134705446,route_12,18.452053246881384,73.73083884114426,18.49490139783674,73.95247713709313,29.242162498106662,26.166708760494785,9,available,0
18.698432339293483,73.82785134705446,route_13,18.61434052948725,73.95910897281446,18.595381819679304,73.79004004237743,16.69293975351738,12.131435498677034,9,busy,0
18.698432339293483,73.82785134705446,route_14,18.498697930986943,73.95439593981811,18.410949644255314,73.80825612427586,25.905901017278445,32.03328636906542,4,busy,0
18.48886492493502,73.9378645256712,route_0,18.614850109927637,73.86302144126736,18.619617102629167,73.82669921131617,16.077850614664936,18.67366400492134,6,offline,0
18.48886492493502,73.9378645256712,route_1,18.490846892322832,73.97446070300018,18.433331378744178,73.95982508422698,3.8655382400051486,6.595164186602708,2,offline,0
18.48886492493502,73.9378645256712,route_2,18.45104358908976,73.76409496144304,18.416815889015137,73.86571283980354,18.803337368971558,11.04998211955034,7,available,0
18.48886492493502,73.9378645256712,route_3,18.4684825752409,73.901965564234,18.530653191461774,73.70973295381015,4.4125074536743805,24.499505313339398,4,busy,0
18.48886492493502,73.9378645256712,route_4,18.408602136415862,73.87587082059603,18.520230326309324,73.82979563386353,11.06401086342139,11.917201188374003,3,busy,0
18.48886492493502,73.9378645256712,route_5,18.431769736584847,73.96139224313882,18.616715114950075,73.86330375403355,6.816449871748966,16.2444207061153,4,available,0
18.48886492493502,73.9378645256712,route_6,18.67826540463728,73.72096512473394,18.635913870368796,73.72321747318321,31.08287661396456,27.91584208463601,3,available,0
18.48886492493502,73.9378645256712,route_7,18.48171712665482,73.76327581278754,18.582646840333684,73.98496711376072,18.428893662737373,11.550090525947683,1,offline,0
18.48886492493502,73.9378645256712,route_8,18.462018133622998,73.99743939448328,18.407198691898518,73.95179965975407,6.956122290967342,9.199064367800727,7,available,0
18.48886492493502,73.9378645256712,route_9,18.549459685890337,73.70258117726151,18.610627112704925,73.96214979226147,25.70629157316767,13.779252682990853,6,busy,0
18.48886492493502,73.9378645256712,route_10,18.439797083860952,73.76732376630396,18.665889926544153,73.70933023255468,18.796360106882066,31.10771617048451,1,offline,0
18.48886492493502,73.9378645256712,route_11,18.497604458866828,73.7819760813979,18.461176023724313,73.76985624446678,16.467593827609466,17.98435587299851,4,busy,0
18.48886492493502,73.9378645256712,route_12,18.452053246881384,73.73083884114426,18.49490139783674,73.95247713709313,22.2147352959746,1.6807991282466344,6,available,0
18.48886492493502,73.9378645256712,route_13,18.61434052948725,73.95910897281446,18.595381819679304,73.79004004237743,14.13084454965961,19.574136601624193,3,busy,0
18.48886492493502,73.9378645256712,route_14,18.498697930986943,73.95439593981811,18.410949644255314,73.80825612427586,2.05779211385566,16.18513065579352,1,busy,1
18.436086835751993,73.80336531680872,route_0,18.614850109927637,73.86302144126736,18.619617102629167,73.82669921131617,20.848942578061635,20.555383287384156,9,offline,0
18.436086835751993,73.80336531680872,route_1,18.490846892322832,73.97446070300018,18.433331378744178,73.95982508422698,19.045253036017144,16.507614558023455,3,offline,0
18.436086835751993,73.80336531680872,route_2,18.45104358908976,73.76409496144304,18.416815889015137,73.86571283980354,4.463766575377253,6.917546585886735,4,available,0
18.436086835751993,73.80336531680872,route_3,18.4684825752409,73.901965564234,18.530653191461774,73.70973295381015,11.006346413131478,14.424798048526076,3,busy,0
18.436086835751993,73.80336531680872,route_4,18.408602136415862,73.87587082059603,18.520230326309324,73.82979563386353,8.237019261161764,9.76270934938974,4,busy,0
18.436086835751993,73.80336531680872,route_5,18.431769736584847,73.96139224313882,18.616715114950075,73.86330375403355,16.677074737236165,21.055656611355538,6,available,0
18.436086835751993,73.80336531680872,route_6,18.67826540463728,73.72096512473394,18.635913870368796,73.72321747318321,28.295240575663794,23.772146825362057,9,available,0
18.436086835751993,73.80336531680872,route_7,18.48171712665482,73.76327581278754,18.582646840333684,73.98496711376072,6.604802186349057,25.14465136962669,1,offline,0
18.436086835751993,73.80336531680872,route_8,18.462018133622998,73.99743939448328,18.407198691898518,73.95179965975407,20.67302882570237,15.98543426294782,5,available,0
18.436086835751993,73.80336531680872,route_9,18.549459685890337,73.70258117726151,18.610627112704925,73.96214979226147,16.488726130111953,25.63088938909205,5,busy,0
18.436086835751993,73.80336531680872,route_10,18.439797083860952,73.76732376630396,18.665889926544153,73.70933023255468,3.8242314049171644,27.4083673610058,9,offline,1
18.436086835751993,73.80336531680872,route_11,18.497604458866828,73.7819760813979,18.461176023724313,73.76985624446678,7.202834878444058,4.5028845496911645,7,busy,0
18.436086835751993,73.80336531680872,route_12,18.452053246881384,73.73083884114426,18.49490139783674,73.95247713709313,7.853624816261789,17.032410988010263,5,available,0
18.436086835751993,73.80336531680872,route_13,18.61434052948725,73.95910897281446,18.595381819679304,73.79004004237743,25.739129151311573,17.768430145121407,5,busy,0
18.436086835751993,73.80336531680872,route_14,18.498697930986943,73.95439593981811,18.410949644255314,73.80825612427586,17.384007972886533,2.842350386515122,8,busy,0
18.423097863835892,73.92889286185161,route_0,18.614850109927637,73.86302144126736,18.619617102629167,73.82669921131617,22.42452765470375,24.364002974958765,3,offline,0
18.423097863835892,73.92889286185161,route_1,18.490846892322832,73.97446070300018,18.433331378744178,73.95982508422698,8.935975179827386,3.4558453500188,4,offline,0
18.423097863835892,73.92889286185161,route_2,18.45104358908976,73.76409496144304,18.416815889015137,73.86571283980354,17.65965566353028,6.701866188015985,7,available,0
18.423097863835892,73.92889286185161,route_3,18.4684825752409,73.901965564234,18.530653191461774,73.70973295381015,5.790962030741425,26.024121105689982,5,busy,0
18.423097863835892,73.92889286185161,route_4,18.408602136415862,73.87587082059603,18.520230326309324,73.82979563386353,5.821446047743297,15.029493859751556,3,busy,0
18.423097863835892,73.92889286185161,route_5,18.431769736584847,73.96139224313882,18.616715114950075,73.86330375403355,3.5614908475782725,22.612668205635742,7,available,1
18.423097863835892,73.92889286185161,route_6,18.67826540463728,73.72096512473394,18.635913870368796,73.72321747318321,35.85383717761598,32.09678474365264,7,available,0
18.423097863835892,73.92889286185161,route_7,18.48171712665482,73.76327581278754,18.582646840333684,73.98496711376072,18.645404171065884,18.700435655964498,4,offline,0
18.423097863835892,73.92889286185161,route_8,18.462018133622998,73.99743939448328,18.407198691898518,73.95179965975407,8.426768759568464,2.9943075315923613,7,available,0
18.423097863835892,73.92889286185161,route_9,18.549459685890337,73.70258117726151,18.610627112704925,73.96214979226147,27.69512653715938,21.1450795424521,7,busy,0
18.423097863835892,73.92889286185161,route_10,18.439797083860952,73.76732376630396,18.665889926544153,73.70933023255468,17.14492164506835,35.56142131245216,5,offline,0
18.423097863835892,73.92889286185161,route_11,18.497604458866828,73.7819760813979,18.461176023724313,73.76985624446678,17.571461668170187,17.301952235433696,9,busy,0
18.423097863835892,73.92889286185161,route_12,18.452053246881384,73.73083884114426,18.49490139783674,73.95247713709313,21.138792022139366,8.362718628700675,1,available,0
18.423097863835892,73.92889286185161,route_13,18.61434052948725,73.95910897281446,18.595381819679304,73.79004004237743,21.50254177484746,24.111309729822352,1,busy,0
18.423097863835892,73.92889286185161,route_14,18.498697930986943,73.95439593981811,18.410949644255314,73.80825612427586,8.826215573889673,12.798632449506833,9,busy,0
18.64139978614362,73.89135139985463,route_0,18.614850109927637,73.86302144126736,18.619617102629167,73.82669921131617,4.198373990746455,7.230065859316817,6,offline,1
18.64139978614362,73.89135139985463,route_1,18.490846892322832,73.97446070300018,18.433331378744178,73.95982508422698,18.89433557965137,24.236208096943688,8,offline,0
18.64139978614362,73.89135139985463,route_2,18.45104358908976,73.76409496144304,18.416815889015137,73.86571283980354,25.059923721121457,25.118458540287506,3,available,0
18.64139978614362,73.89135139985463,route_3,18.4684825752409,73.901965564234,18.530653191461774,73.70973295381015,19.260044388108355,22.760805316941962,6,busy,0
18.64139978614362,73.89135139985463,route_4,18.408602136415862,73.87587082059603,18.520230326309324,73.82979563386353,25.937322572170906,14.954138433003624,3,busy,0
18.64139978614362,73.89135139985463,route_5,18.431769736584847,73.96139224313882,18.616715114950075,73.86330375403355,24.45142435014534,4.033372904088526,2,available,0
18.64139978614362,73.89135139985463,route_6,18.67826540463728,73.72096512473394,18.635913870368796,73.72321747318321,18.412308403794587,17.725608127090556,6,available,0
18.64139978614362,73.89135139985463,route_7,18.48171712665482,73.76327581278754,18.582646840333684,73.98496711376072,22.305532195556957,11.832259041690094,1,offline,0
18.64139978614362,73.89135139985463,route_8,18.462018133622998,73.99743939448328,18.407198691898518,73.95179965975407,22.867572227017032,26.81050418352779,2,available,0
18.64139978614362,73.89135139985463,route_9,18.549459685890337,73.70258117726151,18.610627112704925,73.96214979226147,22.36749967139443,8.20740207516535,3,busy,0
18.64139978614362,73.89135139985463,route_10,18.439797083860952,73.76732376630396,18.665889926544153,73.70933023255468,25.951842425294377,19.36900582551926,1,offline,0
18.64139978614362,73.89135139985463,route_11,18.497604458866828,73.7819760813979,18.461176023724313,73.76985624446678,19.71221168416496,23.78311654515259,8,busy,0
18.64139978614362,73.89135139985463,route_12,18.452053246881384,73.73083884114426,18.49490139783674,73.95247713709313,27.01137381568238,17.517795535235575,7,available,0
18.64139978614362,73.89135139985463,route_13,18.61434052948725,73.95910897281446,18.595381819679304,73.79004004237743,7.747714474107788,11.83870572239637,3,busy,0
18.64139978614362,73.89135139985463,route_14,18.498697930986943,73.95439593981811,18.410949644255314,73.80825612427586,17.203019092266892,27.08115597581781,7,busy,0
18.532838650199462,73.83503982325414,route_0,18.614850109927637,73.86302144126736,18.619617102629167,73.82669921131617,9.584338773745143,9.689287384671442,1,offline,0
18.532838650199462,73.83503982325414,route_1,18.490846892322832,73.97446070300018,18.433331378744178,73.95982508422698,15.424459520801502,17.193216514993534,5,offline,0
18.532838650199462,73.83503982325414,route_2,18.45104358908976,73.76409496144304,18.416815889015137,73.86571283980354,11.776838948671388,13.300529923137216,8,available,0
18.532838650199462,73.83503982325414,route_3,18.4684825752409,73.901965564234,18.530653191461774,73.70973295381015,10.050549038017715,13.213239358122287,9,busy,0
18.532838650199462,73.83503982325414,route_4,18.408602136415862,73.87587082059603,18.520230326309324,73.82979563386353,14.470104244851187,1.5070698001368228,2,busy,0
18.532838650199462,73.83503982325414,route_5,18.431769736584847,73.96139224313882,18.616715114950075,73.86330375403355,17.43153272796189,9.790871104852833,7,available,0
18.532838650199462,73.83503982325414,route_6,18.67826540463728,73.72096512473394,18.635913870368796,73.72321747318321,20.14971258999856,16.439814047780658,2,available,0
18.532838650199462,73.83503982325414,route_7,18.48171712665482,73.76327581278754,18.582646840333684,73.98496711376072,9.464359433754417,16.74664962471159,6,offline,0
18.532838650199462,73.83503982325414,route_8,18.462018133622998,73.99743939448328,18.407198691898518,73.95179965975407,18.848939847015487,18.623060578297416,2,available,0
18.532838650199462,73.83503982325414,route_9,18.549459685890337,73.70258117726151,18.610627112704925,73.96214979226147,14.08601460607203,15.947490294008231,2,busy,0
18.532838650199462,73.83503982325414,route_10,18.439797083860952,73.76732376630396,18.665889926544153,73.70933023255468,12.571018053932233,19.859404999299727,6,offline,0
18.532838650199462,73.83503982325414,route_11,18.497604458866828,73.7819760813979,18.461176023724313,73.76985624446678,6.830357208061044,10.523514608206888,2,busy,1
18.532838650199462,73.83503982325414,route_12,18.452053246881384,73.73083884114426,18.49490139783674,73.95247713709313,14.192843434664733,13.081451242219028,1,available,0
18.532838650199462,73.83503982325414,route_13,18.61434052948725,73.95910897281446,18.595381819679304,73.79004004237743,15.910579988153769,8.418111697672915,4,busy,0
18.532838650199462,73.83503982325414,route_14,18.498697930986943,73.95439593981811,18.410949644255314,73.80825612427586,13.144915920191137,13.844675554605578,3,busy,0
18.698929182976187,73.80625310817584,route_0,18.614850109927637,73.86302144126736,18.619617102629167,73.82669921131617,11.098423803048052,9.078340669168846,3,offline,0
18.698929182976187,73.80625310817584,route_1,18.490846892322832,73.97446070300018,18.433331378744178,73.95982508422698,29.148144199513165,33.678584734510785,7,offline,0
18.698929182976187,73.80625310817584,route_2,18.45104358908976,73.76409496144304,18.416815889015137,73.86571283980354,27.919500083323815,31.989613482360934,5,available,0
18.698929182976187,73.80625310817584,route_3,18.4684825752409,73.901965564234,18.530653191461774,73.70973295381015,27.5386736435415,21.297154979692493,1,busy,0
18.698929182976187,73.80625310817584,route_4,18.408602136415862,73.87587082059603,18.520230326309324,73.82979563386353,33.10654071286393,20.024686981432904,1,busy,0
18.698929182976187,73.80625310817584,route_5,18.431769736584847,73.96139224313882,18.616715114950075,73.86330375403355,33.91034840065784,10.940594862866545,6,available,0
18.698929182976187,73.80625310817584,route_6,18.67826540463728,73.72096512473394,18.635913870368796,73.72321747318321,9.272745225902598,11.207807531119682,5,available,1
18.698929182976187,73.80625310817584,route_7,18.48171712665482,73.76327581278754,18.582646840333684,73.98496711376072,24.57392827971024,22.841619347919565,2,offline,0
18.698929182976187,73.80625310817584,route_8,18.462018133622998,73.99743939448328,18.407198691898518,73.95179965975407,33.16664603973604,35.884408021688394,3,available,0
18.698929182976187,73.80625310817584,route_9,18.549459685890337,73.70258117726151,18.610627112704925,73.96214979226147,19.8889189576222,19.135355534861652,4,busy,0
18.698929182976187,73.80625310817584,route_10,18.439797083860952,73.76732376630396,18.665889926544153,73.70933023255468,29.10488623609427,10.850339035673201,9,offline,0
18.698929182976187,73.80625310817584,route_11,18.497604458866828,73.7819760813979,18.461176023724313,73.76985624446678,22.532018366596986,26.713826404889726,7,busy,0
18.698929182976187,73.80625310817584,route_12,18.452053246881384,73.73083884114426,18.49490139783674,73.95247713709313,28.579021439746477,27.425778855432725,4,available,0
18.698929182976187,73.80625310817584,route_13,18.61434052948725,73.95910897281446,18.595381819679304,73.79004004237743,18.649327554966288,11.639961450306595,5,busy,0
18.698929182976187,73.80625310817584,route_14,18.498697930986943,73.95439593981811,18.410949644255314,73.80825612427586,27.193103411824815,32.02255981317161,4,busy,0
18.508129103214067,73.73974692870789,route_0,18.614850109927637,73.86302144126736,18.619617102629167,73.82669921131617,17.59766975028606,15.417232633108965,2,offline,0
18.508129103214067,73.73974692870789,route_1,18.490846892322832,73.97446070300018,18.433331378744178,73.95982508422698,24.82484416254865,24.65607465329567,2,offline,0
18.508129103214067,73.73974692870789,route_2,18.45104358908976,73.76409496144304,18.416815889015137,73.86571283980354,6.847316853698089,16.721510597776156,4,available,0
18.508129103214067,73.73974692870789,route_3,18.4684825752409,73.901965564234,18.530653191461774,73.70973295381015,17.665832932905985,4.0357649844318,3,busy,0
18.508129103214067,73.73974692870789,route_4,18.408602136415862,73.87587082059603,18.520230326309324,73.82979563386353,18.1277767471425,9.589614163158261,8,busy,0
18.508129103214067,73.73974692870789,route_5,18.431769736584847,73.96139224313882,18.616715114950075,73.86330375403355,24.870578924530324,17.759934766109353,6,available,0
18.508129103214067,73.73974692870789,route_6,18.67826540463728,73.72096512473394,18.635913870368796,73.72321747318321,19.021566737504415,14.315436165976978,9,available,0
18.508129103214067,73.73974692870789,route_7,18.48171712665482,73.76327581278754,18.582646840333684,73.98496711376072,3.8446630586427575,27.146778000128233,4,offline,1
18.508129103214067,73.73974692870789,route_8,18.462018133622998,73.99743939448328,18.407198691898518,73.95179965975407,27.655181117098003,25.024035227814306,6,available,0
18.508129103214067,73.73974692870789,route_9,18.549459685890337,73.70258117726151,18.610627112704925,73.96214979226147,6.039451214521435,26.067542413454955,9,busy,0
18.508129103214067,73.73974692870789,route_10,18.439797083860952,73.76732376630396,18.665889926544153,73.70933023255468,8.135782224624698,17.832718390036042,1,offline,0
18.508129103214067,73.73974692870789,route_11,18.497604458866828,73.7819760813979,18.461176023724313,73.76985624446678,4.604153436680875,6.110697950629873,5,busy,0
18.508129103214067,73.73974692870789,route_12,18.452053246881384,73.73083884114426,18.49490139783674,73.95247713709313,6.305725687053049,22.480110857931717,8,available,0
18.508129103214067,73.73974692870789,route_13,18.61434052948725,73.95910897281446,18.595381819679304,73.79004004237743,25.96461241736438,11.056148590391311,9,busy,0
18.508129103214067,73.73974692870789,route_14,18.498697930986943,73.95439593981811,18.410949644255314,73.80825612427586,22.65830514964509,12.999250690287678,9,busy,0
18.482385280873512,73.7007555944274,route_0,18.614850109927637,73.86302144126736,18.619617102629167,73.82669921131617,22.57357662568625,20.22673602496238,8,offline,0
18.482385280873512,73.7007555944274,route_1,18.490846892322832,73.97446070300018,18.433331378744178,73.95982508422698,28.879452889562213,27.864361515803857,5,offline,0
18.482385280873512,73.7007555944274,route_2,18.45104358908976,73.76409496144304,18.416815889015137,73.86571283980354,7.534762053341612,18.86547915861233,2,available,0
18.482385280873512,73.7007555944274,route_3,18.4684825752409,73.901965564234,18.530653191461774,73.70973295381015,21.27662189338766,5.4499858202322615,2,busy,0
18.482385280873512,73.7007555944274,route_4,18.408602136415862,73.87587082059603,18.520230326309324,73.82979563386353,20.2116061587226,14.242874629529721,6,busy,0
18.482385280873512,73.7007555944274,route_5,18.431769736584847,73.96139224313882,18.616715114950075,73.86330375403355,28.06091249795991,22.73179194981302,9,available,0
18.482385280873512,73.7007555944274,route_6,18.67826540463728,73.72096512473394,18.635913870368796,73.72321747318321,21.8847834159218,17.235016963856822,9,available,0
18.482385280873512,73.7007555944274,route_7,18.48171712665482,73.76327581278754,18.582646840333684,73.98496711376072,6.593789949872026,31.970850589139935,2,offline,0
18.482385280873512,73.7007555944274,route_8,18.462018133622998,73.99743939448328,18.407198691898518,73.95179965975407,31.371867364268365,27.769208395382027,9,available,0
18.482385280873512,73.7007555944274,route_9,18.549459685890337,73.70258117726151,18.610627112704925,73.96214979226147,7.460817028817831,31.02719602115096,7,busy,0
18.482385280873512,73.7007555944274,route_10,18.439797083860952,73.76732376630396,18.665889926544153,73.70933023255468,8.468886023355408,20.42479171590877,2,offline,0
18.482385280873512,73.7007555944274,route_11,18.497604458866828,73.7819760813979,18.461176023724313,73.76985624446678,8.73068297867034,7.659869002414504,1,busy,0
18.482385280873512,73.7007555944274,route_12,18.452053246881384,73.73083884114426,18.49490139783674,73.95247713709313,4.63060822849353,26.58194483725371,5,available,1
18.482385280873512,73.7007555944274,route_13,18.61434052948725,73.95910897281446,18.595381819679304,73.79004004237743,30.93627541060321,15.699392127611336,7,busy,0
18.482385280873512,73.7007555944274,route_14,18.498697930986943,73.95439593981811,18.410949644255314,73.80825612427586,26.808973138166184,13.844709272185103,5,busy,0
18.56339005697639,73.94503321749262,route_0,18.614850109927637,73.86302144126736,18.619617102629167,73.82669921131617,10.365953986237123,13.950901079254976,1,offline,0
18.56339005697639,73.94503321749262,route_1,18.490846892322832,73.97446070300018,18.433331378744178,73.95982508422698,8.642537371097275,14.545738786980028,6,offline,0
18.56339005697639,73.94503321749262,route_2,18.45104358908976,73.76409496144304,18.416815889015137,73.86571283980354,22.804906523039314,18.31947603283367,3,available,0
18.56339005697639,73.94503321749262,route_3,18.4684825752409,73.901965564234,18.530653191461774,73.70973295381015,11.488752169404993,25.070976315767822,8,busy,0
18.56339005697639,73.94503321749262,route_4,18.408602136415862,73.87587082059603,18.520230326309324,73.82979563386353,18.693262886542005,13.06225419446092,3,busy,0
18.56339005697639,73.94503321749262,route_5,18.431769736584847,73.96139224313882,18.616715114950075,73.86330375403355,14.73682634127792,10.457294483454298,1,available,0
18.56339005697639,73.94503321749262,route_6,18.67826540463728,73.72096512473394,18.635913870368796,73.72321747318321,26.844774112167855,24.728437908134826,2,available,0
18.56339005697639,73.94503321749262,route_7,18.48171712665482,73.76327581278754,18.582646840333684,73.98496711376072,21.206557127755843,4.722519365456389,3,offline,0
18.56339005697639,73.94503321749262,route_8,18.462018133622998,73.99743939448328,18.407198691898518,73.95179965975407,12.553603031238538,17.382340259910272,2,available,0
18.56339005697639,73.94503321749262,route_9,18.549459685890337,73.70258117726151,18.610627112704925,73.96214979226147,25.604729717257925,5.553683633549931,2,busy,0
18.56339005697639,73.94503321749262,route_10,18.439797083860952,73.76732376630396,18.665889926544153,73.70933023255468,23.23833393374232,27.3280684608037,1,offline,0
18.56339005697639,73.94503321749262,route_11,18.497604458866828,73.7819760813979,18.461176023724313,73.76985624446678,18.682714753294103,21.687593450817023,5,busy,0
18.56339005697639,73.94503321749262,route_12,18.452053246881384,73.73083884114426,18.49490139783674,73.95247713709313,25.756006778323947,7.655924035776266,9,available,0
18.56339005697639,73.94503321749262,route_13,18.61434052948725,73.95910897281446,18.595381819679304,73.79004004237743,5.856441972749713,16.719076706261944,4,busy,1
18.56339005697639,73.94503321749262,route_14,18.498697930986943,73.95439593981811,18.410949644255314,73.80825612427586,7.260847573777617,22.257046686259105,8,busy,0
18.60752265732899,73.95964189403578,route_0,18.614850109927637,73.86302144126736,18.619617102629167,73.82669921131617,10.21442206187305,14.073719977750203,8,offline,0
18.60752265732899,73.95964189403578,route_1,18.490846892322832,73.97446070300018,18.433331378744178,73.95982508422698,13.06746581195817,19.369196074707222,1,offline,0
18.60752265732899,73.95964189403578,route_2,18.45104358908976,73.76409496144304,18.416815889015137,73.86571283980354,26.977674847768817,23.40443609958929,3,available,0
18.60752265732899,73.95964189403578,route_3,18.4684825752409,73.901965564234,18.530653191461774,73.70973295381015,16.613298678773873,27.69399368967669,1,busy,0
18.60752265732899,73.95964189403578,route_4,18.408602136415862,73.87587082059603,18.520230326309324,73.82979563386353,23.81747995600846,16.779443822936692,4,busy,0
18.60752265732899,73.95964189403578,route_5,18.431769736584847,73.96139224313882,18.616715114950075,73.86330375403355,19.54370450471909,10.20339598416672,5,available,0
18.60752265732899,73.95964189403578,route_6,18.67826540463728,73.72096512473394,18.635913870368796,73.72321747318321,26.348695642334988,25.112115397786543,6,available,0
18.60752265732899,73.95964189403578,route_7,18.48171712665482,73.76327581278754,18.582646840333684,73.98496711376072,24.984558767201555,3.8438025926755834,5,offline,0
18.60752265732899,73.95964189403578,route_8,18.462018133622998,73.99743939448328,18.407198691898518,73.95179965975407,16.662868462939567,22.29035224495839,4,available,0
18.60752265732899,73.95964189403578,route_9,18.549459685890337,73.70258117726151,18.610627112704925,73.96214979226147,27.85290227092724,0.434752629539796,9,busy,0
18.60752265732899,73.95964189403578,route_10,18.439797083860952,73.76732376630396,18.665889926544153,73.70933023255468,27.54965977304597,27.160725457679124,8,offline,0
18.60752265732899,73.95964189403578,route_11,18.497604458866828,73.7819760813979,18.461176023724313,73.76985624446678,22.364182976675494,25.790623539027877,5,busy,0
18.60752265732899,73.95964189403578,route_12,18.452053246881384,73.73083884114426,18.49490139783674,73.95247713709313,29.677661144931182,12.54566868859628,3,available,0
18.60752265732899,73.95964189403578,route_13,18.61434052948725,73.95910897281446,18.595381819679304,73.79004004237743,0.7601900324333541,17.92459398436105,4,busy,1
18.60752265732899,73.95964189403578,route_14,18.498697930986943,73.95439593981811,18.410949644255314,73.80825612427586,12.113387161363379,27.066075881918387,6,busy,0
18.644506318828572,73.9353591224425,route_0,18.614850109927637,73.86302144126736,18.619617102629167,73.82669921131617,8.304882315703082,11.778932737972813,6,offline,0
18.644506318828572,73.9353591224425,route_1,18.490846892322832,73.97446070300018,18.433331378744178,73.95982508422698,17.576231004427502,23.622818789579117,1,offline,0
18.644506318828572,73.9353591224425,route_2,18.45104358908976,73.76409496144304,18.416815889015137,73.86571283980354,28.08443936503491,26.361312129815282,5,available,0
18.644506318828572,73.9353591224425,route_3,18.4684825752409,73.901965564234,18.530653191461774,73.70973295381015,19.88697268567008,26.939780235591808,5,busy,0
18.644506318828572,73.9353591224425,route_4,18.408602136415862,73.87587082059603,18.520230326309324,73.82979563386353,26.97075236007202,17.741268037253153,1,busy,0
18.644506318828572,73.9353591224425,route_5,18.431769736584847,73.96139224313882,18.616715114950075,73.86330375403355,23.813911466127063,8.19714246882916,5,available,0
18.644506318828572,73.9353591224425,route_6,18.67826540463728,73.72096512473394,18.635913870368796,73.72321747318321,22.896007478304053,22.372104129586862,5,available,0
18.644506318828572,73.9353591224425,route_7,18.48171712665482,73.76327581278754,18.582646840333684,73.98496711376072,25.625987692441967,8.639516482224034,4,offline,0
18.644506318828572,73.9353591224425,route_8,18.462018133622998,73.99743939448328,18.407198691898518,73.95179965975407,21.320945028657206,26.444274878875103,6,available,0
18.644506318828572,73.9353591224425,route_9,18.549459685890337,73.70258117726151,18.610627112704925,73.96214979226147,26.711920532293696,4.707516175606688,4,busy,0
18.644506318828572,73.9353591224425,route_10,18.439797083860952,73.76732376630396,18.665889926544153,73.70933023255468,28.843532823339896,23.931196378773716,7,offline,0
18.644506318828572,73.9353591224425,route_11,18.497604458866828,73.7819760813979,18.461176023724313,73.76985624446678,22.98273596831604,26.83190045552073,2,busy,0
18.644506318828572,73.9353591224425,route_12,18.452053246881384,73.73083884114426,18.49490139783674,73.95247713709313,30.3776015929445,16.73287516495099,9,available,0
18.644506318828572,73.9353591224425,route_13,18.61434052948725,73.95910897281446,18.595381819679304,73.79004004237743,4.1849356275728615,16.258051665513765,1,busy,1
18.644506318828572,73.9353591224425,route_14,18.498697930986943,73.95439593981811,18.410949644255314,73.80825612427586,16.33684923522624,29.223883668431238,7,busy,0
18.628461566742562,73.94576431129332,route_0,18.614850109927637,73.86302144126736,18.619617102629167,73.82669921131617,8.849308249954381,12.584631585843638,2,offline,0
18.628461566742562,73.94576431129332,route_1,18.490846892322832,73.97446070300018,18.433331378744178,73.95982508422698,15.598176929818283,21.748069257835716,8,offline,0
18.628461566742562,73.94576431129332,route_2,18.45104358908976,73.76409496144304,18.416815889015137,73.86571283980354,27.495556046556693,25.00165485893432,8,available,0
18.628461566742562,73.94576431129332,route_3,18.4684825752409,73.901965564234,18.530653191461774,73.70973295381015,18.378300328468363,27.151043355255105,9,busy,0
18.628461566742562,73.94576431129332,route_4,18.408602136415862,73.87587082059603,18.520230326309324,73.82979563386353,25.53381953183024,17.15365514599485,2,busy,0
18.628461566742562,73.94576431129332,route_5,18.431769736584847,73.96139224313882,18.616715114950075,73.86330375403355,21.933108620373496,8.786741516494281,2,available,0
18.628461566742562,73.94576431129332,route_6,18.67826540463728,73.72096512473394,18.635913870368796,73.72321747318321,24.322336193812223,23.46375013926207,6,available,0
18.628461566742562,73.94576431129332,route_7,18.48171712665482,73.76327581278754,18.582646840333684,73.98496711376072,25.2252592605612,6.55899861530345,8,offline,0
18.628461566742562,73.94576431129332,route_8,18.462018133622998,73.99743939448328,18.407198691898518,73.95179965975407,19.29275394966752,24.611537254655037,7,available,0
18.628461566742562,73.94576431129332,route_9,18.549459685890337,73.70258117726151,18.610627112704925,73.96214979226147,27.093663538614642,2.629429957315851,3,busy,0
18.628461566742562,73.94576431129332,route_10,18.439797083860952,73.76732376630396,18.665889926544153,73.70933023255468,28.178213627227606,25.255447358149084,9,offline,0
18.628461566742562,73.94576431129332,route_11,18.497604458866828,73.7819760813979,18.461176023724313,73.76985624446678,22.57870508227103,26.266024430005558,5,busy,0
18.628461566742562,73.94576431129332,route_12,18.452053246881384,73.73083884114426,18.49490139783674,73.95247713709313,29.969547954502502,14.868060936656788,3,available,0
18.628461566742562,73.94576431129332,route_13,18.61434052948725,73.95910897281446,18.595381819679304,73.79004004237743,2.107800871076711,16.81735843469633,1,busy,1
18.628461566742562,73.94576431129332,route_14,18.498697930986943,73.95439593981811,18.410949644255314,73.80825612427586,14.45771598083461,28.198876413358217,3,busy,0
18.53157002094565,73.74829368154344,route_0,18.614850109927637,73.86302144126736,18.619617102629167,73.82669921131617,15.231133552640156,12.811994935827368,4,offline,0
18.53157002094565,73.74829368154344,route_1,18.490846892322832,73.97446070300018,18.433331378744178,73.95982508422698,24.27357807463945,24.838943431557585,7,offline,0
18.53157002094565,73.74829368154344,route_2,18.45104358908976,73.76409496144304,18.416815889015137,73.86571283980354,9.107856252350693,17.781235772867728,9,available,0
18.53157002094565,73.74829368154344,route_3,18.4684825752409,73.901965564234,18.530653191461774,73.70973295381015,17.657756684114315,4.066720324977872,7,busy,0
18.53157002094565,73.74829368154344,route_4,18.408602136415862,73.87587082059603,18.520230326309324,73.82979563386353,19.183439674292387,8.684999973346121,7,busy,0
18.53157002094565,73.74829368154344,route_5,18.431769736584847,73.96139224313882,18.616715114950075,73.86330375403355,25.063971237084736,15.3814884732958,7,available,0
18.53157002094565,73.74829368154344,route_6,18.67826540463728,73.72096512473394,18.635913870368796,73.72321747318321,16.5640754820126,11.899722441181062,3,available,0
18.53157002094565,73.74829368154344,route_7,18.48171712665482,73.76327581278754,18.582646840333684,73.98496711376072,5.764103123324913,25.586880920129957,5,offline,0
18.53157002094565,73.74829368154344,route_8,18.462018133622998,73.99743939448328,18.407198691898518,73.95179965975407,27.387248442428326,25.532852187263355,4,available,0
18.53157002094565,73.74829368154344,route_9,18.549459685890337,73.70258117726151,18.610627112704925,73.96214979226147,5.213600471630762,24.194950602431078,2,busy,0
18.53157002094565,73.74829368154344,route_10,18.439797083860952,73.76732376630396,18.665889926544153,73.70933023255468,10.400149506382668,15.489879460926112,5,offline,0
18.53157002094565,73.74829368154344,route_11,18.497604458866828,73.7819760813979,18.461176023724313,73.76985624446678,5.184313798044742,8.151024234687478,5,busy,1
18.53157002094565,73.74829368154344,route_12,18.452053246881384,73.73083884114426,18.49490139783674,73.95247713709313,9.031424130489956,21.911929089548057,3,available,0
18.53157002094565,73.74829368154344,route_13,18.61434052948725,73.95910897281446,18.595381819679304,73.79004004237743,24.051358882446788,8.349306784890887,8,busy,0
18.53157002094565,73.74829368154344,route_14,18.498697930986943,73.95439593981811,18.410949644255314,73.80825612427586,22.036567877468574,14.828522170525432,3,busy,0
18.514229492374053,73.97648896739612,route_0,18.614850109927637,73.86302144126736,18.619617102629167,73.82669921131617,16.377910922491036,19.662555136904572,5,offline,0
18.514229492374053,73.97648896739612,route_1,18.490846892322832,73.97446070300018,18.433331378744178,73.95982508422698,2.608808201327697,9.16553024259031,9,offline,1
18.514229492374053,73.97648896739612,route_2,18.45104358908976,73.76409496144304,18.416815889015137,73.86571283980354,23.475034008735356,15.93221533871671,3,available,0
18.514229492374053,73.97648896739612,route_3,18.4684825752409,73.901965564234,18.530653191461774,73.70973295381015,9.361436744493908,28.18463261916882,7,busy,0
18.514229492374053,73.97648896739612,route_4,18.408602136415862,73.87587082059603,18.520230326309324,73.82979563386353,15.829540906680446,15.481461804766925,4,busy,0
18.514229492374053,73.97648896739612,route_5,18.431769736584847,73.96139224313882,18.616715114950075,73.86330375403355,9.30631811195402,16.49869616616984,6,available,0
18.514229492374053,73.97648896739612,route_6,18.67826540463728,73.72096512473394,18.635913870368796,73.72321747318321,32.52526833526349,29.92867201177059,7,available,0
18.514229492374053,73.97648896739612,route_7,18.48171712665482,73.76327581278754,18.582646840333684,73.98496711376072,22.7721305210482,7.659981875007259,7,offline,0
18.514229492374053,73.97648896739612,route_8,18.462018133622998,73.99743939448328,18.407198691898518,73.95179965975407,6.211816363290293,12.182840726530166,7,available,0
18.514229492374053,73.97648896739612,route_9,18.549459685890337,73.70258117726151,18.610627112704925,73.96214979226147,29.142359878796682,10.824971225942043,4,busy,0
18.514229492374053,73.97648896739612,route_10,18.439797083860952,73.76732376630396,18.665889926544153,73.70933023255468,23.560720960164716,32.820569330356776,4,offline,0
18.514229492374053,73.97648896739612,route_11,18.497604458866828,73.7819760813979,18.461176023724313,73.76985624446678,20.593576589485334,22.575149963634473,1,busy,0
18.514229492374053,73.97648896739612,route_12,18.452053246881384,73.73083884114426,18.49490139783674,73.95247713709313,26.8127303729982,3.3211104837462244,3,available,0
18.514229492374053,73.97648896739612,route_13,18.61434052948725,73.95910897281446,18.595381819679304,73.79004004237743,11.28158272176438,21.627003820133357,8,busy,0
18.514229492374053,73.97648896739612,route_14,18.498697930986943,73.95439593981811,18.410949644255314,73.80825612427586,2.8999392291934845,21.135982167293506,8,busy,0
18.431631159875206,73.72270090949667,route_0,18.614850109927637,73.86302144126736,18.619617102629167,73.82669921131617,25.17817213982725,23.60437909383448,3,offline,0
18.431631159875206,73.72270090949667,route_1,18.490846892322832,73.97446070300018,18.433331378744178,73.95982508422698,27.357956619976427,25.015009171478688,1,offline,0
18.431631159875206,73.72270090949667,route_2,18.45104358908976,73.76409496144304,18.416815889015137,73.86571283980354,4.870856307574273,15.176766852326415,1,available,0
18.431631159875206,73.72270090949667,route_3,18.4684825752409,73.901965564234,18.530653191461774,73.70973295381015,19.34765263100449,11.095355147582326,7,busy,0
18.431631159875206,73.72270090949667,route_4,18.408602136415862,73.87587082059603,18.520230326309324,73.82979563386353,16.360736691708386,14.98750641877844,3,busy,0
18.431631159875206,73.72270090949667,route_5,18.431769736584847,73.96139224313882,18.616715114950075,73.86330375403355,25.179733831214673,25.363604943165022,7,available,0
18.431631159875206,73.72270090949667,route_6,18.67826540463728,73.72096512473394,18.635913870368796,73.72321747318321,27.42508716432347,22.71526629280924,7,available,0
18.431631159875206,73.72270090949667,route_7,18.48171712665482,73.76327581278754,18.582646840333684,73.98496711376072,7.023717735500229,32.3534813194738,4,offline,0
18.431631159875206,73.72270090949667,route_8,18.462018133622998,73.99743939448328,18.407198691898518,73.95179965975407,29.17613228413102,24.321735916857133,9,available,0
18.431631159875206,73.72270090949667,route_9,18.549459685890337,73.70258117726151,18.610627112704925,73.96214979226147,13.272617264991352,32.14857255292362,5,busy,0
18.431631159875206,73.72270090949667,route_10,18.439797083860952,73.76732376630396,18.665889926544153,73.70933023255468,4.793966201806234,26.086494101330757,1,offline,0
18.431631159875206,73.72270090949667,route_11,18.497604458866828,73.7819760813979,18.461176023724313,73.76985624446678,9.638473928972207,5.961017998927093,9,busy,0
18.431631159875206,73.72270090949667,route_12,18.452053246881384,73.73083884114426,18.49490139783674,73.95247713709313,2.427668679199261,25.235331967550547,1,available,1
18.431631159875206,73.72270090949667,route_13,18.61434052948725,73.95910897281446,18.595381819679304,73.79004004237743,32.15647201550021,19.5436402285369,9,busy,0
18.431631159875206,73.72270090949667,route_14,18.498697930986943,73.95439593981811,18.410949644255314,73.80825612427586,25.54950394191234,9.314190961798001,9,busy,0
18.567895245775798,73.74975452935172,route_0,18.614850109927637,73.86302144126736,18.619617102629167,73.82669921131617,13.02933176753654,9.941661815621242,7,offline,0
18.567895245775798,73.74975452935172,route_1,18.490846892322832,73.97446070300018,18.433331378744178,73.95982508422698,25.192455549769953,26.731613785299515,5,offline,0
18.567895245775798,73.74975452935172,route_2,18.45104358908976,73.76409496144304,18.416815889015137,73.86571283980354,13.081000668929988,20.778450860173606,7,available,0
18.567895245775798,73.74975452935172,route_3,18.4684825752409,73.901965564234,18.530653191461774,73.70973295381015,19.487371858241318,5.9117666036300855,1,busy,0
18.567895245775798,73.74975452935172,route_4,18.408602136415862,73.87587082059603,18.520230326309324,73.82979563386353,22.149901052736567,9.964533194116285,7,busy,0
18.567895245775798,73.74975452935172,route_5,18.431769736584847,73.96139224313882,18.616715114950075,73.86330375403355,26.96588501589752,13.14084038473044,2,available,0
18.567895245775798,73.74975452935172,route_6,18.67826540463728,73.72096512473394,18.635913870368796,73.72321747318321,12.64197732036154,8.063810548732434,7,available,0
18.567895245775798,73.74975452935172,route_7,18.48171712665482,73.76327581278754,18.582646840333684,73.98496711376072,9.688032032828582,24.846158268653475,5,offline,0
18.567895245775798,73.74975452935172,route_8,18.462018133622998,73.99743939448328,18.407198691898518,73.95179965975407,28.646767886980165,27.807813701480462,2,available,0
18.567895245775798,73.74975452935172,route_9,18.549459685890337,73.70258117726151,18.610627112704925,73.96214979226147,5.378629584497258,22.883855973816154,7,busy,1
18.567895245775798,73.74975452935172,route_10,18.439797083860952,73.76732376630396,18.665889926544153,73.70933023255468,14.36383944116505,11.69955675656325,9,offline,0
18.567895245775798,73.74975452935172,route_11,18.497604458866828,73.7819760813979,18.461176023724313,73.76985624446678,8.522301845813184,12.054435716799057,2,busy,0
18.567895245775798,73.74975452935172,route_12,18.452053246881384,73.73083884114426,18.49490139783674,73.95247713709313,13.034545099941305,22.86220156906491,4,available,0
18.567895245775798,73.74975452935172,route_13,18.61434052948725,73.95910897281446,18.595381819679304,73.79004004237743,22.660743975158418,5.231648015947583,4,busy,0
18.567895245775798,73.74975452935172,route_14,18.498697930986943,73.95439593981811,18.410949644255314,73.80825612427586,22.905972902784086,18.509916899509783,3,busy,0
18.458299060657968,73.90354690232692,route_0,18.614850109927637,73.86302144126736,18.619617102629167,73.82669921131617,17.924318515000632,19.682465981017717,1,offline,0
18.458299060657968,73.90354690232692,route_1,18.490846892322832,73.97446070300018,18.433331378744178,73.95982508422698,8.308547840105028,6.553462347604757,8,offline,0
18.458299060657968,73.90354690232692,route_2,18.45104358908976,73.76409496144304,18.416815889015137,73.86571283980354,14.731033267147776,6.099615922107779,5,available,0
18.458299060657968,73.90354690232692,route_3,18.4684825752409,73.901965564234,18.530653191461774,73.70973295381015,1.1445722783212666,21.96462194838079,4,busy,1
18.458299060657968,73.90354690232692,route_4,18.408602136415862,73.87587082059603,18.520230326309324,73.82979563386353,6.249872248537855,10.388074928605299,1,busy,0
18.458299060657968,73.90354690232692,route_5,18.431769736584847,73.96139224313882,18.616715114950075,73.86330375403355,6.7773527298188725,18.11878984179627,1,available,0
18.458299060657968,73.90354690232692,route_6,18.67826540463728,73.72096512473394,18.635913870368796,73.72321747318321,31.122851221622007,27.412543711543925,3,available,0
18.458299060657968,73.90354690232692,route_7,18.48171712665482,73.76327581278754,18.582646840333684,73.98496711376072,15.021424490998195,16.2750570602489,1,offline,0
18.458299060657968,73.90354690232692,route_8,18.462018133622998,73.99743939448328,18.407198691898518,73.95179965975407,9.911780474342171,7.628650182920127,4,available,0
18.458299060657968,73.90354690232692,route_9,18.549459685890337,73.70258117726151,18.610627112704925,73.96214979226147,23.490713495786416,18.02974033042437,6,busy,0
18.458299060657968,73.90354690232692,route_10,18.439797083860952,73.76732376630396,18.665889926544153,73.70933023255468,14.515367975528571,30.853666180251803,7,offline,0
18.458299060657968,73.90354690232692,route_11,18.497604458866828,73.7819760813979,18.461176023724313,73.76985624446678,13.545609216549092,14.104455877605885,7,busy,0
18.458299060657968,73.90354690232692,route_12,18.452053246881384,73.73083884114426,18.49490139783674,73.95247713709313,18.229849159635485,6.572209773193487,4,available,0
18.458299060657968,73.90354690232692,route_13,18.61434052948725,73.95910897281446,18.595381819679304,73.79004004237743,18.31312660048928,19.379421475160857,5,busy,0
18.458299060657968,73.90354690232692,route_14,18.498697930986943,73.95439593981811,18.410949644255314,73.80825612427586,6.995522282051279,11.347493433206866,9,busy,0
18.483655593568113,73.74039625667189,route_0,18.614850109927637,73.86302144126736,18.619617102629167,73.82669921131617,19.491550274074907,17.64456484000256,5,offline,0
18.483655593568113,73.74039625667189,route_1,18.490846892322832,73.97446070300018,18.433331378744178,73.95982508422698,24.696594197514642,23.810972425248305,7,offline,0
18.483655593568113,73.74039625667189,route_2,18.45104358908976,73.76409496144304,18.416815889015137,73.86571283980354,4.404242618095284,15.164497281594691,8,available,0
18.483655593568113,73.74039625667189,route_3,18.4684825752409,73.901965564234,18.530653191461774,73.70973295381015,17.12298762400854,6.145244063040569,2,busy,0
18.483655593568113,73.74039625667189,route_4,18.408602136415862,73.87587082059603,18.520230326309324,73.82979563386353,16.54858842887646,10.266802017938678,9,busy,0
18.483655593568113,73.74039625667189,route_5,18.431769736584847,73.96139224313882,18.616715114950075,73.86330375403355,24.012900992111692,19.66678887899972,4,available,0
18.483655593568113,73.74039625667189,route_6,18.67826540463728,73.72096512473394,18.635913870368796,73.72321747318321,21.736321818006537,17.02691544990861,5,available,0
18.483655593568113,73.74039625667189,route_7,18.48171712665482,73.76327581278754,18.582646840333684,73.98496711376072,2.4224736797952695,28.035899932154315,2,offline,1
18.483655593568113,73.74039625667189,route_8,18.462018133622998,73.99743939448328,18.407198691898518,73.95179965975407,27.215736483530268,23.864980188229268,7,available,0
18.483655593568113,73.74039625667189,route_9,18.549459685890337,73.70258117726151,18.610627112704925,73.96214979226147,8.33289779326564,27.309840600941826,4,busy,0
18.483655593568113,73.74039625667189,route_10,18.439797083860952,73.76732376630396,18.665889926544153,73.70933023255468,5.643563820411474,20.52639115036869,2,offline,0
18.483655593568113,73.74039625667189,route_11,18.497604458866828,73.7819760813979,18.461176023724313,73.76985624446678,4.651026142303985,3.9876863770443527,5,busy,0
18.483655593568113,73.74039625667189,route_12,18.452053246881384,73.73083884114426,18.49490139783674,73.95247713709313,3.655737773637451,22.399999501699497,7,available,0
18.483655593568113,73.74039625667189,route_13,18.61434052948725,73.95910897281446,18.595381819679304,73.79004004237743,27.25363995812472,13.480796272798152,2,busy,0
18.483655593568113,73.74039625667189,route_14,18.498697930986943,73.95439593981811,18.410949644255314,73.80825612427586,22.629067509971776,10.797951386091178,6,busy,0
18.699865374792687,73.74456020331957,route_0,18.614850109927637,73.86302144126736,18.619617102629167,73.82669921131617,15.656189368185295,12.429958412991894,6,offline,0
18.699865374792687,73.74456020331957,route_1,18.490846892322832,73.97446070300018,18.433331378744178,73.95982508422698,33.57430417414104,37.32594534009553,7,offline,0
18.699865374792687,73.74456020331957,route_2,18.45104358908976,73.76409496144304,18.416815889015137,73.86571283980354,27.74422898874942,33.96602237063399,9,available,0
18.699865374792687,73.74456020331957,route_3,18.4684825752409,73.901965564234,18.530653191461774,73.70973295381015,30.613542306204533,19.170116815539078,1,busy,0
18.699865374792687,73.74456020331957,route_4,18.408602136415862,73.87587082059603,18.520230326309324,73.82979563386353,35.221045396826,21.901149451176884,6,busy,0
18.699865374792687,73.74456020331957,route_5,18.431769736584847,73.96139224313882,18.616715114950075,73.86330375403355,37.56431467583038,15.555705834867005,1,available,0
18.699865374792687,73.74456020331957,route_6,18.67826540463728,73.72096512473394,18.635913870368796,73.72321747318321,3.4562191780375233,7.458054041343686,9,available,1
18.699865374792687,73.74456020331957,route_7,18.48171712665482,73.76327581278754,18.582646840333684,73.98496711376072,24.337044013468557,28.486444184408366,3,offline,0
18.699865374792687,73.74456020331957,route_8,18.462018133622998,73.99743939448328,18.407198691898518,73.95179965975407,37.548040567942046,39.1957879459538,7,available,0
18.699865374792687,73.74456020331957,route_9,18.549459685890337,73.70258117726151,18.610627112704925,73.96214979226147,17.29943222293254,24.979136566145637,4,busy,0
18.699865374792687,73.74456020331957,route_10,18.439797083860952,73.76732376630396,18.665889926544153,73.70933023255468,29.017645554827414,5.295641115734651,4,offline,0
18.699865374792687,73.74456020331957,route_11,18.497604458866828,73.7819760813979,18.461176023724313,73.76985624446678,22.83344410169259,26.67462397236606,7,busy,0
18.699865374792687,73.74456020331957,route_12,18.452053246881384,73.73083884114426,18.49490139783674,73.95247713709313,27.593378884393296,31.615920140175167,6,available,0
18.699865374792687,73.74456020331957,route_13,18.61434052948725,73.95910897281446,18.595381819679304,73.79004004237743,24.52217540369086,12.567367193483951,3,busy,0
18.699865374792687,73.74456020331957,route_14,18.498697930986943,73.95439593981811,18.410949644255314,73.80825612427586,31.454635687695568,32.82014093317191,8,busy,0
18.66901397407024,73.80255231905952,route_0,18.614850109927637,73.86302144126736,18.619617102629167,73.82669921131617,8.76722701345654,6.0532657661035785,2,offline,0
18.66901397407024,73.80255231905952,route_1,18.490846892322832,73.97446070300018,18.433331378744178,73.95982508422698,26.847462395045703,31.010689569736098,5,offline,0
18.66901397407024,73.80255231905952,route_2,18.45104358908976,73.76409496144304,18.416815889015137,73.86571283980354,24.57388136929396,28.822804081297523,5,available,0
18.66901397407024,73.80255231905952,route_3,18.4684825752409,73.901965564234,18.530653191461774,73.70973295381015,24.637552254947764,18.231444710761416,7,busy,0
18.66901397407024,73.80255231905952,route_4,18.408602136415862,73.87587082059603,18.520230326309324,73.82979563386353,29.97038401114608,16.791282992318333,7,busy,0
18.66901397407024,73.80255231905952,route_5,18.431769736584847,73.96139224313882,18.616715114950075,73.86330375403355,31.245835676282596,8.648048351923967,1,available,0
18.66901397407024,73.80255231905952,route_6,18.67826540463728,73.72096512473394,18.635913870368796,73.72321747318321,8.655853052667302,9.132768740864165,5,available,1
18.66901397407024,73.80255231905952,route_7,18.48171712665482,73.76327581278754,18.582646840333684,73.98496711376072,21.233925729900673,21.48684920996281,7,offline,0
18.66901397407024,73.80255231905952,route_8,18.462018133622998,73.99743939448328,18.407198691898518,73.95179965975407,30.850933910550395,33.092470602590595,1,available,0
18.66901397407024,73.80255231905952,route_9,18.549459685890337,73.70258117726151,18.610627112704925,73.96214979226147,16.96213449953582,18.025357124601275,6,busy,0
18.66901397407024,73.80255231905952,route_10,18.439797083860952,73.76732376630396,18.665889926544153,73.70933023255468,25.756876031630952,9.826642332064583,7,offline,0
18.66901397407024,73.80255231905952,route_11,18.497604458866828,73.7819760813979,18.461176023724313,73.76985624446678,19.182850667810698,23.366094749590847,7,busy,0
18.66901397407024,73.80255231905952,route_12,18.452053246881384,73.73083884114426,18.49490139783674,73.95247713709313,25.281556687688838,24.990463339953727,2,available,0
18.66901397407024,73.80255231905952,route_13,18.61434052948725,73.95910897281446,18.595381819679304,73.79004004237743,17.57965197060492,8.292987875701053,4,busy,0
18.66901397407024,73.80255231905952,route_14,18.498697930986943,73.95439593981811,18.410949644255314,73.80825612427586,24.794796155479975,28.701743894046054,5,busy,0
18.55592925819042,73.95813321538988,route_0,18.614850109927637,73.86302144126736,18.619617102629167,73.82669921131617,11.975538128291275,15.557677103885602,7,offline,0
18.55592925819042,73.95813321538988,route_1,18.490846892322832,73.97446070300018,18.433331378744178,73.95982508422698,7.438761977091865,13.633429631415144,2,offline,0
18.55592925819042,73.95813321538988,route_2,18.45104358908976,73.76409496144304,18.416815889015137,73.86571283980354,23.551201302868094,18.283128332343935,4,available,0
18.55592925819042,73.95813321538988,route_3,18.4684825752409,73.901965564234,18.530653191461774,73.70973295381015,11.385236105260384,26.33726631793459,8,busy,0
18.55592925819042,73.95813321538988,route_4,18.408602136415862,73.87587082059603,18.520230326309324,73.82979563386353,18.53733515770668,14.100316103246692,9,busy,0
18.55592925819042,73.95813321538988,route_5,18.431769736584847,73.96139224313882,18.616715114950075,73.86330375403355,13.810185785689216,12.065535062354645,1,available,0
18.55592925819042,73.95813321538988,route_6,18.67826540463728,73.72096512473394,18.635913870368796,73.72321747318321,28.454211764179888,26.306710800613462,3,available,0
18.55592925819042,73.95813321538988,route_7,18.48171712665482,73.76327581278754,18.582646840333684,73.98496711376072,22.14049389237212,4.1019706431259895,4,offline,0
18.55592925819042,73.95813321538988,route_8,18.462018133622998,73.99743939448328,18.407198691898518,73.95179965975407,11.23485791109909,16.551567182083048,6,available,0
18.55592925819042,73.95813321538988,route_9,18.549459685890337,73.70258117726151,18.610627112704925,73.96214979226147,26.948947767056765,6.096838961791383,5,busy,0
18.55592925819042,73.95813321538988,route_10,18.439797083860952,73.76732376630396,18.665889926544153,73.70933023255468,23.90821843561875,28.92979510067352,6,offline,0
18.55592925819042,73.95813321538988,route_11,18.497604458866828,73.7819760813979,18.461176023724313,73.76985624446678,19.672415296892886,22.475184812744853,9,busy,0
18.55592925819042,73.95813321538988,route_12,18.452053246881384,73.73083884114426,18.49490139783674,73.95247713709313,26.605404761026627,6.812140504036794,1,available,0
18.55592925819042,73.95813321538988,route_13,18.61434052948725,73.95910897281446,18.595381819679304,73.79004004237743,6.495851159476313,18.25240758685243,3,busy,0
18.55592925819042,73.95813321538988,route_14,18.498697930986943,73.95439593981811,18.410949644255314,73.80825612427586,6.376020045434945,22.57680980203761,1,busy,1
18.57666052985964,73.78460296936501,route_0,18.614850109927637,73.86302144126736,18.619617102629167,73.82669921131617,9.29163901302189,6.519011955752172,7,offline,0
18.57666052985964,73.78460296936501,route_1,18.490846892322832,73.97446070300018,18.433331378744178,73.95982508422698,22.174384715028285,24.400427969033306,2,offline,0
18.57666052985964,73.78460296936501,route_2,18.45104358908976,73.76409496144304,18.416815889015137,73.86571283980354,14.134352743143317,19.72479246334819,9,available,0
18.57666052985964,73.78460296936501,route_3,18.4684825752409,73.901965564234,18.530653191461774,73.70973295381015,17.257216466403474,9.40544412682934,9,busy,0
18.57666052985964,73.78460296936501,route_4,18.408602136415862,73.87587082059603,18.520230326309324,73.82979563386353,21.020081558304486,7.878435638039745,3,busy,0
18.57666052985964,73.78460296936501,route_5,18.431769736584847,73.96139224313882,18.616715114950075,73.86330375403355,24.63905329802794,9.414390218117985,1,available,0
18.57666052985964,73.78460296936501,route_6,18.67826540463728,73.72096512473394,18.635913870368796,73.72321747318321,13.138021094591105,9.23355277508328,7,available,0
18.57666052985964,73.78460296936501,route_7,18.48171712665482,73.76327581278754,18.582646840333684,73.98496711376072,10.794022445931612,21.12879290120783,5,offline,0
18.57666052985964,73.78460296936501,route_8,18.462018133622998,73.99743939448328,18.407198691898518,73.95179965975407,25.808760327843512,25.805811710868767,5,available,0
18.57666052985964,73.78460296936501,route_9,18.549459685890337,73.70258117726151,18.610627112704925,73.96214979226147,9.159688513001273,19.08920349924948,5,busy,0
18.57666052985964,73.78460296936501,route_10,18.439797083860952,73.76732376630396,18.665889926544153,73.70933023255468,15.32719796656488,12.702611174234558,3,offline,0
18.57666052985964,73.78460296936501,route_11,18.497604458866828,73.7819760813979,18.461176023724313,73.76985624446678,8.794995351940335,12.935081129560398,7,busy,1
18.57666052985964,73.78460296936501,route_12,18.452053246881384,73.73083884114426,18.49490139783674,73.95247713709313,14.97052477036663,19.896834856610532,2,available,0
18.57666052985964,73.78460296936501,route_13,18.61434052948725,73.95910897281446,18.595381819679304,73.79004004237743,18.862376375627747,2.159144784798297,2,busy,0
18.57666052985964,73.78460296936501,route_14,18.498697930986943,73.95439593981811,18.410949644255314,73.80825612427586,19.889213184364976,18.59426432907445,2,busy,0
18.424721238922654,73.94779107197394,route_0,18.614850109927637,73.86302144126736,18.619617102629167,73.82669921131617,22.953036623574178,25.152645095058105,4,offline,0
18.424721238922654,73.94779107197394,route_1,18.490846892322832,73.97446070300018,18.433331378744178,73.95982508422698,7.872549027268648,1.590045435841999,6,offline,0
18.424721238922654,73.94779107197394,route_2,18.45104358908976,73.76409496144304,18.416815889015137,73.86571283980354,19.597348266038527,8.703549516878274,7,available,0
18.424721238922654,73.94779107197394,route_3,18.4684825752409,73.901965564234,18.530653191461774,73.70973295381015,6.858823182440141,27.732082418421083,6,busy,0
18.424721238922654,73.94779107197394,route_4,18.408602136415862,73.87587082059603,18.520230326309324,73.82979563386353,7.796410531247562,16.3600715441539,3,busy,0
18.424721238922654,73.94779107197394,route_5,18.431769736584847,73.96139224313882,18.616715114950075,73.86330375403355,1.634932150435074,23.132690775259153,9,available,1
18.424721238922654,73.94779107197394,route_6,18.67826540463728,73.72096512473394,18.635913870368796,73.72321747318321,36.96735228817927,33.34768011656847,7,available,0
18.424721238922654,73.94779107197394,route_7,18.48171712665482,73.76327581278754,18.582646840333684,73.98496711376072,20.468114211652914,17.9927514894635,1,offline,0
18.424721238922654,73.94779107197394,route_8,18.462018133622998,73.99743939448328,18.407198691898518,73.95179965975407,6.6803087216793315,1.9937865734246352,9,available,0
18.424721238922654,73.94779107197394,route_9,18.549459685890337,73.70258117726151,18.610627112704925,73.96214979226147,29.344059957975407,20.727154972583158,4,busy,0
18.424721238922654,73.94779107197394,route_10,18.439797083860952,73.76732376630396,18.665889926544153,73.70933023255468,19.111234559041375,36.75720808170403,8,offline,0
18.424721238922654,73.94779107197394,route_11,18.497604458866828,73.7819760813979,18.461176023724313,73.76985624446678,19.275426557134903,19.201988325411524,3,busy,0
18.424721238922654,73.94779107197394,route_12,18.452053246881384,73.73083884114426,18.49490139783674,73.95247713709313,23.086482567816667,7.819314105863418,6,available,0
18.424721238922654,73.94779107197394,route_13,18.61434052948725,73.95910897281446,18.595381819679304,73.79004004237743,21.118445070415255,25.23469655199401,5,busy,0
18.424721238922654,73.94779107197394,route_14,18.498697930986943,73.95439593981811,18.410949644255314,73.80825612427586,8.25527833951569,14.800268275634782,3,busy,0
18.49635496493553,73.81827380587096,route_0,18.614850109927637,73.86302144126736,18.619617102629167,73.82669921131617,13.99496593541136,13.734869870510986,1,offline,0
18.49635496493553,73.81827380587096,route_1,18.490846892322832,73.97446070300018,18.433331378744178,73.95982508422698,16.481716266613695,16.492415665848384,9,offline,0
18.49635496493553,73.81827380587096,route_2,18.45104358908976,73.76409496144304,18.416815889015137,73.86571283980354,7.618062393554957,10.161640549194653,8,available,0
18.49635496493553,73.81827380587096,route_3,18.4684825752409,73.901965564234,18.530653191461774,73.70973295381015,9.354437013373847,12.063324004579469,3,busy,0
18.49635496493553,73.81827380587096,route_4,18.408602136415862,73.87587082059603,18.520230326309324,73.82979563386353,11.494362889667253,2.9195985256414914,2,busy,0
18.49635496493553,73.81827380587096,route_5,18.431769736584847,73.96139224313882,18.616715114950075,73.86330375403355,16.71611404558463,14.200294095863965,1,available,0
18.49635496493553,73.81827380587096,route_6,18.67826540463728,73.72096512473394,18.635913870368796,73.72321747318321,22.678945611369777,18.471872910441565,1,available,0
18.49635496493553,73.81827380587096,route_7,18.48171712665482,73.76327581278754,18.582646840333684,73.98496711376072,6.023904663250204,20.022429264812672,6,offline,0
18.49635496493553,73.81827380587096,route_8,18.462018133622998,73.99743939448328,18.407198691898518,73.95179965975407,19.276982177211774,17.223347965895538,2,available,0
18.49635496493553,73.81827380587096,route_9,18.549459685890337,73.70258117726151,18.610627112704925,73.96214979226147,13.55213082766889,19.78601676718357,1,busy,0
18.49635496493553,73.81827380587096,route_10,18.439797083860952,73.76732376630396,18.665889926544153,73.70933023255468,8.272041849593997,22.07315780827762,6,offline,0
18.49635496493553,73.81827380587096,route_11,18.497604458866828,73.7819760813979,18.461176023724313,73.76985624446678,3.830139023986795,6.432331239466648,5,busy,1
18.49635496493553,73.81827380587096,route_12,18.452053246881384,73.73083884114426,18.49490139783674,73.95247713709313,10.454618823774437,14.152861335697162,9,available,0
18.49635496493553,73.81827380587096,route_13,18.61434052948725,73.95910897281446,18.595381819679304,73.79004004237743,19.812238940784926,11.406464391911227,4,busy,0
18.49635496493553,73.81827380587096,route_14,18.498697930986943,73.95439593981811,18.410949644255314,73.80825612427586,14.356483911358543,9.555240634937222,1,busy,0
18.41384853100471,73.89525127781249,route_0,18.614850109927637,73.86302144126736,18.619617102629167,73.82669921131617,22.607231457714494,23.994956680416102,3,offline,0
18.41384853100471,73.89525127781249,route_1,18.490846892322832,73.97446070300018,18.433331378744178,73.95982508422698,11.962797823404284,7.148438054216016,7,offline,0
18.41384853100471,73.89525127781249,route_2,18.45104358908976,73.76409496144304,18.416815889015137,73.86571283980354,14.440665186791014,3.1337479594634536,3,available,0
18.41384853100471,73.89525127781249,route_3,18.4684825752409,73.901965564234,18.530653191461774,73.70973295381015,6.116175157750939,23.484305196889977,9,busy,0
18.41384853100471,73.89525127781249,route_4,18.408602136415862,73.87587082059603,18.520230326309324,73.82979563386353,2.1262953839613634,13.696236733355732,5,busy,1
18.41384853100471,73.89525127781249,route_5,18.431769736584847,73.96139224313882,18.616715114950075,73.86330375403355,7.256600048942851,22.807857428120222,3,available,0
18.41384853100471,73.89525127781249,route_6,18.67826540463728,73.72096512473394,18.635913870368796,73.72321747318321,34.67051374184105,30.63841061673389,7,available,0
18.41384853100471,73.89525127781249,route_7,18.48171712665482,73.76327581278754,18.582646840333684,73.98496711376072,15.834865234752248,21.01894641742308,7,offline,0
18.41384853100471,73.89525127781249,route_8,18.462018133622998,73.99743939448328,18.407198691898518,73.95179965975407,12.036897450547665,6.0117137125633135,7,available,0
18.41384853100471,73.89525127781249,route_9,18.549459685890337,73.70258117726151,18.610627112704925,73.96214979226147,25.303083293168516,22.989681163516465,5,busy,0
18.41384853100471,73.89525127781249,route_10,18.439797083860952,73.76732376630396,18.665889926544153,73.70933023255468,13.800550215479197,34.19975181450709,3,offline,0
18.41384853100471,73.89525127781249,route_11,18.497604458866828,73.7819760813979,18.461176023724313,73.76985624446678,15.148815088307327,14.235986756676969,5,busy,0
18.41384853100471,73.89525127781249,route_12,18.452053246881384,73.73083884114426,18.49490139783674,73.95247713709313,17.85655759674648,10.847188554160118,3,available,0
18.41384853100471,73.89525127781249,route_13,18.61434052948725,73.95910897281446,18.595381819679304,73.79004004237743,23.288283586462622,23.033378446207553,5,busy,0
18.41384853100471,73.89525127781249,route_14,18.498697930986943,73.95439593981811,18.410949644255314,73.80825612427586,11.310727102670958,9.183873460829506,1,busy,0
18.683830120434518,73.79785194938418,route_0,18.614850109927637,73.86302144126736,18.619617102629167,73.82669921131617,10.294401464838614,7.760068432835595,1,offline,0
18.683830120434518,73.79785194938418,route_1,18.490846892322832,73.97446070300018,18.433331378744178,73.95982508422698,28.40679454451919,32.67074051423201,7,offline,0
18.683830120434518,73.79785194938418,route_2,18.45104358908976,73.76409496144304,18.416815889015137,73.86571283980354,26.12810161635735,30.540289601851267,3,available,0
18.683830120434518,73.79785194938418,route_3,18.4684825752409,73.901965564234,18.530653191461774,73.70973295381015,26.34032694114933,19.3994716012045,6,busy,0
18.683830120434518,73.79785194938418,route_4,18.408602136415862,73.87587082059603,18.520230326309324,73.82979563386353,31.68988459232894,18.500329256090065,7,busy,0
18.683830120434518,73.79785194938418,route_5,18.431769736584847,73.96139224313882,18.616715114950075,73.86330375403355,32.90520024536223,10.16096548605247,2,available,0
18.683830120434518,73.79785194938418,route_6,18.67826540463728,73.72096512473394,18.635913870368796,73.72321747318321,8.122611938035043,9.49792951348651,2,available,1
18.683830120434518,73.79785194938418,route_7,18.48171712665482,73.76327581278754,18.582646840333684,73.98496711376072,22.76748694699535,22.700079118582664,3,offline,0
18.683830120434518,73.79785194938418,route_8,18.462018133622998,73.99743939448328,18.407198691898518,73.95179965975407,32.4175428235602,34.77883080606449,8,available,0
18.683830120434518,73.79785194938418,route_9,18.549459685890337,73.70258117726151,18.610627112704925,73.96214979226147,18.00085262838408,19.128363458347867,7,busy,0
18.683830120434518,73.79785194938418,route_10,18.439797083860952,73.76732376630396,18.665889926544153,73.70933023255468,27.325381727876334,9.535921968741999,3,offline,0
18.683830120434518,73.79785194938418,route_11,18.497604458866828,73.7819760813979,18.461176023724313,73.76985624446678,20.77483801965063,24.933239306759898,2,busy,0
18.683830120434518,73.79785194938418,route_12,18.452053246881384,73.73083884114426,18.49490139783674,73.95247713709313,26.722877596547896,26.587748182713128,1,available,0
18.683830120434518,73.79785194938418,route_13,18.61434052948725,73.95910897281446,18.595381819679304,73.79004004237743,18.664074507256526,9.86938368743302,7,busy,0
18.683830120434518,73.79785194938418,route_14,18.498697930986943,73.95439593981811,18.410949644255314,73.80825612427586,26.381347043052326,30.362741050468042,5,busy,0
18.439225663591905,73.92106818645269,route_0,18.614850109927637,73.86302144126736,18.619617102629167,73.82669921131617,20.465053584058897,22.39057933051811,2,offline,0
18.439225663591905,73.92106818645269,route_1,18.490846892322832,73.97446070300018,18.433331378744178,73.95982508422698,8.041120849227282,4.14058775105492,5,offline,0
18.439225663591905,73.92106818645269,route_2,18.45104358908976,73.76409496144304,18.416815889015137,73.86571283980354,16.60999390496328,6.349038652656805,8,available,0
18.439225663591905,73.92106818645269,route_3,18.4684825752409,73.901965564234,18.530653191461774,73.70973295381015,3.826646625684969,24.49619220004838,6,busy,1
18.439225663591905,73.92106818645269,route_4,18.408602136415862,73.87587082059603,18.520230326309324,73.82979563386353,5.8592003814743245,13.182792355393541,3,busy,0
18.439225663591905,73.92106818645269,route_5,18.431769736584847,73.96139224313882,18.616715114950075,73.86330375403355,4.333761583138531,20.654229813735896,4,available,0
18.439225663591905,73.92106818645269,route_6,18.67826540463728,73.72096512473394,18.635913870368796,73.72321747318321,33.932672278600656,30.222619055210266,8,available,0
18.439225663591905,73.92106818645269,route_7,18.48171712665482,73.76327581278754,18.582646840333684,73.98496711376072,17.300534487384628,17.312568783526604,5,offline,0
18.439225663591905,73.92106818645269,route_8,18.462018133622998,73.99743939448328,18.407198691898518,73.95179965975407,8.444845947461632,4.8159394796234904,7,available,0
18.439225663591905,73.92106818645269,route_9,18.549459685890337,73.70258117726151,18.610627112704925,73.96214979226147,26.09759398267378,19.544952814190548,2,busy,0
18.439225663591905,73.92106818645269,route_10,18.439797083860952,73.76732376630396,18.665889926544153,73.70933023255468,16.21800316798389,33.66671528986874,4,offline,0
18.439225663591905,73.92106818645269,route_11,18.497604458866828,73.7819760813979,18.461176023724313,73.76985624446678,16.0418665628754,16.135418281803496,5,busy,0
18.439225663591905,73.92106818645269,route_12,18.452053246881384,73.73083884114426,18.49490139783674,73.95247713709313,20.11644222564166,7.021433760280728,8,available,0
18.439225663591905,73.92106818645269,route_13,18.61434052948725,73.95910897281446,18.595381819679304,73.79004004237743,19.88064898053188,22.189290733063057,2,busy,0
18.439225663591905,73.92106818645269,route_14,18.498697930986943,73.95439593981811,18.410949644255314,73.80825612427586,7.489141143499838,12.309409835820718,2,busy,0
18.676534539510904,73.94492141501803,route_0,18.614850109927637,73.86302144126736,18.619617102629167,73.82669921131617,11.022854432211027,13.971272078207937,8,offline,0
18.676534539510904,73.94492141501803,route_1,18.490846892322832,73.97446070300018,18.433331378744178,73.95982508422698,20.880929945000318,27.08855494967373,6,offline,0
18.676534539510904,73.94492141501803,route_2,18.45104358908976,73.76409496144304,18.416815889015137,73.86571283980354,31.495902072927795,30.06234650158347,6,available,0
18.676534539510904,73.94492141501803,route_3,18.4684825752409,73.901965564234,18.530653191461774,73.70973295381015,23.573228841078027,29.621607699635355,9,busy,0
18.676534539510904,73.94492141501803,route_4,18.408602136415862,73.87587082059603,18.520230326309324,73.82979563386353,30.66915756155484,21.196208320102897,3,busy,0
18.676534539510904,73.94492141501803,route_5,18.431769736584847,73.96139224313882,18.616715114950075,73.86330375403355,27.271930763040224,10.871442311665998,2,available,0
18.676534539510904,73.94492141501803,route_6,18.67826540463728,73.72096512473394,18.635913870368796,73.72321747318321,23.59212220417568,23.789718196639537,3,available,0
18.676534539510904,73.94492141501803,route_7,18.48171712665482,73.76327581278754,18.582646840333684,73.98496711376072,28.91055526585443,11.260323396103654,8,offline,0
18.676534539510904,73.94492141501803,route_8,18.462018133622998,73.99743939448328,18.407198691898518,73.95179965975407,24.48706109095266,29.95755693541399,3,available,0
18.676534539510904,73.94492141501803,route_9,18.549459685890337,73.70258117726151,18.610627112704925,73.96214979226147,29.186060731870562,7.550022953950225,1,busy,0
18.676534539510904,73.94492141501803,route_10,18.439797083860952,73.76732376630396,18.665889926544153,73.70933023255468,32.30219018310142,24.8460600364257,1,offline,0
18.676534539510904,73.94492141501803,route_11,18.497604458866828,73.7819760813979,18.461176023724313,73.76985624446678,26.282859534713744,30.231765154115294,3,busy,0
18.676534539510904,73.94492141501803,route_12,18.452053246881384,73.73083884114426,18.49490139783674,73.95247713709313,33.64959915488812,20.212377369279842,2,available,0
18.676534539510904,73.94492141501803,route_13,18.61434052948725,73.95910897281446,18.595381819679304,73.79004004237743,7.075359590321676,18.647771517524223,1,busy,1
18.676534539510904,73.94492141501803,route_14,18.498697930986943,73.95439593981811,18.410949644255314,73.80825612427586,19.79972508243884,32.85873571595579,6,busy,0
18.508551437883387,73.94313580582453,route_0,18.614850109927637,73.86302144126736,18.619617102629167,73.82669921131617,14.526731466058813,17.411478096372957,4,offline,0
18.508551437883387,73.94313580582453,route_1,18.490846892322832,73.97446070300018,18.433331378744178,73.95982508422698,3.8453334853714574,8.547289357180638,8,offline,0
18.508551437883387,73.94313580582453,route_2,18.45104358908976,73.76409496144304,18.416815889015137,73.86571283980354,19.93528057854204,13.066492742842618,2,available,0
18.508551437883387,73.94313580582453,route_3,18.4684825752409,73.901965564234,18.530653191461774,73.70973295381015,6.221007410834802,24.731634981718074,1,busy,0
18.508551437883387,73.94313580582453,route_4,18.408602136415862,73.87587082059603,18.520230326309324,73.82979563386353,13.185328102765046,12.02092995613004,7,busy,0
18.508551437883387,73.94313580582453,route_5,18.431769736584847,73.96139224313882,18.616715114950075,73.86330375403355,8.752159914606544,14.678855960901577,6,available,0
18.508551437883387,73.94313580582453,route_6,18.67826540463728,73.72096512473394,18.635913870368796,73.72321747318321,30.072914756984677,27.164143141950742,4,available,0
18.508551437883387,73.94313580582453,route_7,18.48171712665482,73.76327581278754,18.582646840333684,73.98496711376072,19.19983041106709,9.344984662265917,8,offline,0
18.508551437883387,73.94313580582453,route_8,18.462018133622998,73.99743939448328,18.407198691898518,73.95179965975407,7.71806840065333,11.306898745561995,8,available,0
18.508551437883387,73.94313580582453,route_9,18.549459685890337,73.70258117726151,18.610627112704925,73.96214979226147,25.766585351563407,11.525904496065042,4,busy,0
18.508551437883387,73.94313580582453,route_10,18.439797083860952,73.76732376630396,18.665889926544153,73.70933023255468,20.056227439733227,30.22097615386009,4,offline,0
18.508551437883387,73.94313580582453,route_11,18.497604458866828,73.7819760813979,18.461176023724313,73.76985624446678,17.03732950822197,19.01788858810787,9,busy,0
18.508551437883387,73.94313580582453,route_12,18.452053246881384,73.73083884114426,18.49490139783674,73.95247713709313,23.253730445352023,1.8094284772887594,1,available,0
18.508551437883387,73.94313580582453,route_13,18.61434052948725,73.95910897281446,18.595381819679304,73.79004004237743,11.883102046650393,18.80647471003736,5,busy,0
18.508551437883387,73.94313580582453,route_14,18.498697930986943,73.95439593981811,18.410949644255314,73.80825612427586,1.6156275541066223,17.89328222415935,9,busy,1
18.514982914616553,73.90202720621252,route_0,18.614850109927637,73.86302144126736,18.619617102629167,73.82669921131617,11.8414421328421,14.085943508472068,9,offline,0
18.514982914616553,73.90202720621252,route_1,18.490846892322832,73.97446070300018,18.433331378744178,73.95982508422698,8.09569140600788,10.935688902638868,8,offline,0
18.514982914616553,73.90202720621252,route_2,18.45104358908976,73.76409496144304,18.416815889015137,73.86571283980354,16.190768361716415,11.568119013599322,2,available,0
18.514982914616553,73.90202720621252,route_3,18.4684825752409,73.901965564234,18.530653191461774,73.70973295381015,5.170605911903158,20.34922790510638,1,busy,1
18.514982914616553,73.90202720621252,route_4,18.408602136415862,73.87587082059603,18.520230326309324,73.82979563386353,12.146445466920992,7.638266347792585,2,busy,0
18.514982914616553,73.90202720621252,route_5,18.431769736584847,73.96139224313882,18.616715114950075,73.86330375403355,11.17207452573435,12.025994021295814,5,available,0
18.514982914616553,73.90202720621252,route_6,18.67826540463728,73.72096512473394,18.635913870368796,73.72321747318321,26.339484471834034,23.152245009084833,7,available,0
18.514982914616553,73.90202720621252,route_7,18.48171712665482,73.76327581278754,18.582646840333684,73.98496711376072,15.09164011580393,11.534996890396123,3,offline,0
18.514982914616553,73.90202720621252,route_8,18.462018133622998,73.99743939448328,18.407198691898518,73.95179965975407,11.658666172251912,13.084353180736553,6,available,0
18.514982914616553,73.90202720621252,route_9,18.549459685890337,73.70258117726151,18.610627112704925,73.96214979226147,21.373989814656685,12.380250702900796,7,busy,0
18.514982914616553,73.90202720621252,route_10,18.439797083860952,73.76732376630396,18.665889926544153,73.70933023255468,16.483629811299785,26.34431206586096,6,offline,0
18.514982914616553,73.90202720621252,route_11,18.497604458866828,73.7819760813979,18.461176023724313,73.76985624446678,12.8054222222102,15.168102562907992,8,busy,0
18.514982914616553,73.90202720621252,route_12,18.452053246881384,73.73083884114426,18.49490139783674,73.95247713709313,19.362011557717157,5.76937173589582,3,available,0
18.514982914616553,73.90202720621252,route_13,18.61434052948725,73.95910897281446,18.595381819679304,73.79004004237743,12.580265247387265,14.808208347394139,2,busy,0
18.514982914616553,73.90202720621252,route_14,18.498697930986943,73.95439593981811,18.410949644255314,73.80825612427586,5.811324275401203,15.219515289013831,5,busy,0
18.65020327936382,73.82248515767245,route_0,18.614850109927637,73.86302144126736,18.619617102629167,73.82669921131617,5.804867606306782,3.4298890676034492,5,offline,1
18.65020327936382,73.82248515767245,route_1,18.490846892322832,73.97446070300018,18.433331378744178,73.95982508422698,23.88710677175023,28.1277609331712,6,offline,0
18.65020327936382,73.82248515767245,route_2,18.45104358908976,73.76409496144304,18.416815889015137,73.86571283980354,22.985072736961023,26.34862439187425,5,available,0
18.65020327936382,73.82248515767245,route_3,18.4684825752409,73.901965564234,18.530653191461774,73.70973295381015,21.874497194838987,17.83047911799447,1,busy,0
18.65020327936382,73.82248515767245,route_4,18.408602136415862,73.87587082059603,18.520230326309324,73.82979563386353,27.448104026734953,14.472857105886279,1,busy,0
18.65020327936382,73.82248515767245,route_5,18.431769736584847,73.96139224313882,18.616715114950075,73.86330375403355,28.361762055346194,5.688921477459948,8,available,0
18.65020327936382,73.82248515767245,route_6,18.67826540463728,73.72096512473394,18.635913870368796,73.72321747318321,11.140760466843108,10.578883237790071,8,available,0
18.65020327936382,73.82248515767245,route_7,18.48171712665482,73.76327581278754,18.582646840333684,73.98496711376072,19.747019366706954,18.697231463168226,9,offline,0
18.65020327936382,73.82248515767245,route_8,18.462018133622998,73.99743939448328,18.407198691898518,73.95179965975407,27.892589437018923,30.265609031955375,9,available,0
18.65020327936382,73.82248515767245,route_9,18.549459685890337,73.70258117726151,18.610627112704925,73.96214979226147,16.886850910867977,15.360101615461577,8,busy,0
18.65020327936382,73.82248515767245,route_10,18.439797083860952,73.76732376630396,18.665889926544153,73.70933023255468,24.107959825937368,12.04792542660158,8,offline,0
18.65020327936382,73.82248515767245,route_11,18.497604458866828,73.7819760813979,18.461176023724313,73.76985624446678,17.497181555276075,21.738710718663917,9,busy,0
18.65020327936382,73.82248515767245,route_12,18.452053246881384,73.73083884114426,18.49490139783674,73.95247713709313,24.058307017107207,22.04419638227539,9,available,0
18.65020327936382,73.82248515767245,route_13,18.61434052948725,73.95910897281446,18.595381819679304,73.79004004237743,14.93776594822551,6.989138100484356,4,busy,0
18.65020327936382,73.82248515767245,route_14,18.498697930986943,73.95439593981811,18.410949644255314,73.80825612427586,21.843157161213426,26.646053324962853,5,busy,0
18.478145489349718,73.70528338453684,route_0,18.614850109927637,73.86302144126736,18.619617102629167,73.82669921131617,22.529574667190854,20.28025844446108,6,offline,0
18.478145489349718,73.70528338453684,route_1,18.490846892322832,73.97446070300018,18.433331378744178,73.95982508422698,28.422097795136573,27.306564393440297,2,offline,0
18.478145489349718,73.70528338453684,route_2,18.45104358908976,73.76409496144304,18.416815889015137,73.86571283980354,6.896201229889087,18.244707525344605,3,available,0
18.478145489349718,73.70528338453684,route_3,18.4684825752409,73.901965564234,18.530653191461774,73.70973295381015,20.770933923762083,5.8574118029482065,1,busy,0
18.478145489349718,73.70528338453684,route_4,18.408602136415862,73.87587082059603,18.520230326309324,73.82979563386353,19.585391509770503,13.938743114392114,3,busy,0
18.478145489349718,73.70528338453684,route_5,18.431769736584847,73.96139224313882,18.616715114950075,73.86330375403355,27.501254534988586,22.691784056148084,5,available,0
18.478145489349718,73.70528338453684,route_6,18.67826540463728,73.72096512473394,18.635913870368796,73.72321747318321,22.313620697536038,17.644612577460904,4,available,0
18.478145489349718,73.70528338453684,route_7,18.48171712665482,73.76327581278754,18.582646840333684,73.98496711376072,6.128828175982538,31.694030716426823,9,offline,0
18.478145489349718,73.70528338453684,route_8,18.462018133622998,73.99743939448328,18.407198691898518,73.95179965975407,30.865008979289808,27.1738563517217,4,available,0
18.478145489349718,73.70528338453684,route_9,18.549459685890337,73.70258117726151,18.610627112704925,73.96214979226147,7.93489389824272,30.8268444388375,6,busy,0
18.478145489349718,73.70528338453684,route_10,18.439797083860952,73.76732376630396,18.665889926544153,73.70933023255468,7.8103962855218105,20.88058627682015,7,offline,0
18.478145489349718,73.70528338453684,route_11,18.497604458866828,73.7819760813979,18.461176023724313,73.76985624446678,8.37215851283559,7.066903085944658,6,busy,0
18.478145489349718,73.70528338453684,route_12,18.452053246881384,73.73083884114426,18.49490139783674,73.95247713709313,3.9601195136618395,26.134826085291184,3,available,1
18.478145489349718,73.70528338453684,route_13,18.61434052948725,73.95910897281446,18.595381819679304,73.79004004237743,30.746643202413537,15.804550211807628,4,busy,0
18.478145489349718,73.70528338453684,route_14,18.498697930986943,73.95439593981811,18.410949644255314,73.80825612427586,26.369604029538067,13.183639474157067,5,busy,0
18.499096265825848,73.82013470742805,route_0,18.614850109927637,73.86302144126736,18.619617102629167,73.82669921131617,13.642099225543134,13.41915892073509,2,offline,0
18.499096265825848,73.82013470742805,route_1,18.490846892322832,73.97446070300018,18.433331378744178,73.95982508422698,16.299796300370723,16.448088221325467,8,offline,0
18.499096265825848,73.82013470742805,route_2,18.45104358908976,73.76409496144304,18.416815889015137,73.86571283980354,7.967445595357771,10.335261121553213,6,available,0
18.499096265825848,73.82013470742805,route_3,18.4684825752409,73.901965564234,18.530653191461774,73.70973295381015,9.276902307166269,12.158091500673272,9,busy,0
18.499096265825848,73.82013470742805,route_4,18.408602136415862,73.87587082059603,18.520230326309324,73.82979563386353,11.653968040337542,2.5612889295875485,6,busy,0
18.499096265825848,73.82013470742805,route_5,18.431769736584847,73.96139224313882,18.616715114950075,73.86330375403355,16.67360631926876,13.847673666082422,6,available,0
18.499096265825848,73.82013470742805,route_6,18.67826540463728,73.72096512473394,18.635913870368796,73.72321747318321,22.49790407915047,18.325122223742913,1,available,0
18.499096265825848,73.82013470742805,route_7,18.48171712665482,73.76327581278754,18.582646840333684,73.98496711376072,6.299754407744443,19.704804461138792,4,offline,0
18.499096265825848,73.82013470742805,route_8,18.462018133622998,73.99743939448328,18.407198691898518,73.95179965975407,19.147821456478272,17.24200862883781,3,available,0
18.499096265825848,73.82013470742805,route_9,18.549459685890337,73.70258117726151,18.610627112704925,73.96214979226147,13.600584197262169,19.440098290371854,6,busy,0
18.499096265825848,73.82013470742805,route_10,18.439797083860952,73.76732376630396,18.665889926544153,73.70933023255468,8.631391317375348,21.91723593942942,4,offline,0
18.499096265825848,73.82013470742805,route_11,18.497604458866828,73.7819760813979,18.461176023724313,73.76985624446678,4.027237053754845,6.774571887497742,4,busy,1
18.499096265825848,73.82013470742805,route_12,18.452053246881384,73.73083884114426,18.49490139783674,73.95247713709313,10.772731835455533,13.963384945610562,8,available,0
18.499096265825848,73.82013470742805,route_13,18.61434052948725,73.95910897281446,18.595381819679304,73.79004004237743,19.46355795748277,11.16662826549149,4,busy,0
18.499096265825848,73.82013470742805,route_14,18.498697930986943,73.95439593981811,18.410949644255314,73.80825612427586,14.157843201648578,9.881211792510886,6,busy,0
18.598100083644184,73.97688552973051,route_0,18.614850109927637,73.86302144126736,18.619617102629167,73.82669921131617,12.14303055042641,16.006691580807512,9,offline,0
18.598100083644184,73.97688552973051,route_1,18.490846892322832,73.97446070300018,18.433331378744178,73.95982508422698,11.928750065493125,18.409539031105137,3,offline,0
18.598100083644184,73.97688552973051,route_2,18.45104358908976,73.76409496144304,18.416815889015137,73.86571283980354,27.761976634336605,23.318606464195973,7,available,0
18.598100083644184,73.97688552973051,route_3,18.4684825752409,73.901965564234,18.530653191461774,73.70973295381015,16.435273300170568,29.1418730381135,3,busy,0
18.598100083644184,73.97688552973051,route_4,18.408602136415862,73.87587082059603,18.520230326309324,73.82979563386353,23.610460030803935,17.75896930372571,6,busy,0
18.598100083644184,73.97688552973051,route_5,18.431769736584847,73.96139224313882,18.616715114950075,73.86330375403355,18.56709579531072,12.14718165308867,7,available,0
18.598100083644184,73.97688552973051,route_6,18.67826540463728,73.72096512473394,18.635913870368796,73.72321747318321,28.399831904270794,27.059327483818148,8,available,0
18.598100083644184,73.97688552973051,route_7,18.48171712665482,73.76327581278754,18.582646840333684,73.98496711376072,25.97321507912374,1.9178363878928137,5,offline,0
18.598100083644184,73.97688552973051,route_8,18.462018133622998,73.99743939448328,18.407198691898518,73.95179965975407,15.286002764275358,21.391448847226407,4,available,0
18.598100083644184,73.97688552973051,route_9,18.549459685890337,73.70258117726151,18.610627112704925,73.96214979226147,29.414098671914022,2.086105342711079,9,busy,0
18.598100083644184,73.97688552973051,route_10,18.439797083860952,73.76732376630396,18.665889926544153,73.70933023255468,28.249993014943296,29.18190114856738,8,offline,0
18.598100083644184,73.97688552973051,route_11,18.497604458866828,73.7819760813979,18.461176023724313,73.76985624446678,23.389303803368378,26.612685778829963,5,busy,0
18.598100083644184,73.97688552973051,route_12,18.452053246881384,73.73083884114426,18.49490139783674,73.95247713709313,30.60537065608529,11.76012571679474,9,available,0
18.598100083644184,73.97688552973051,route_13,18.61434052948725,73.95910897281446,18.595381819679304,73.79004004237743,2.602028827020941,19.693788281873644,6,busy,1
18.598100083644184,73.97688552973051,route_14,18.498697930986943,73.95439593981811,18.410949644255314,73.80825612427586,11.30442253817964,27.37220524860529,8,busy,0
18.603745171325375,73.95148185621714,route_0,18.614850109927637,73.86302144126736,18.619617102629167,73.82669921131617,9.40349860022616,13.267479096476533,3,offline,0
18.603745171325375,73.95148185621714,route_1,18.490846892322832,73.97446070300018,18.433331378744178,73.95982508422698,12.785300305986912,18.969557300010862,8,offline,0
18.603745171325375,73.95148185621714,route_2,18.45104358908976,73.76409496144304,18.416815889015137,73.86571283980354,26.05051583033626,22.667796133495887,3,available,0
18.603745171325375,73.95148185621714,route_3,18.4684825752409,73.901965564234,18.530653191461774,73.70973295381015,15.920706845326167,26.74683226274211,2,busy,0
18.603745171325375,73.95148185621714,route_4,18.408602136415862,73.87587082059603,18.520230326309324,73.82979563386353,23.117276026902246,15.83571583090217,7,busy,0
18.603745171325375,73.95148185621714,route_5,18.431769736584847,73.96139224313882,18.616715114950075,73.86330375403355,19.151323669654225,9.403520993239141,8,available,0
18.603745171325375,73.95148185621714,route_6,18.67826540463728,73.72096512473394,18.635913870368796,73.72321747318321,25.662239092216133,24.317817345049896,2,available,0
18.603745171325375,73.95148185621714,route_7,18.48171712665482,73.76327581278754,18.582646840333684,73.98496711376072,24.03717160461938,4.237695160035841,8,offline,0
18.603745171325375,73.95148185621714,route_8,18.462018133622998,73.99743939448328,18.407198691898518,73.95179965975407,16.48734941296376,21.85499705375042,7,available,0
18.603745171325375,73.95148185621714,route_9,18.549459685890337,73.70258117726151,18.610627112704925,73.96214979226147,26.919988971784562,1.3599435156699007,7,busy,0
18.603745171325375,73.95148185621714,route_10,18.439797083860952,73.76732376630396,18.665889926544153,73.70933023255468,26.63364079029108,26.433614882233936,1,offline,0
18.603745171325375,73.95148185621714,route_11,18.497604458866828,73.7819760813979,18.461176023724313,73.76985624446678,21.414743456752877,24.85927999399387,7,busy,0
18.603745171325375,73.95148185621714,route_12,18.452053246881384,73.73083884114426,18.49490139783674,73.95247713709313,28.73435190836575,12.103330184217867,7,available,0
18.603745171325375,73.95148185621714,route_13,18.61434052948725,73.95910897281446,18.595381819679304,73.79004004237743,1.4262055082389082,17.039314141526603,9,busy,1
18.603745171325375,73.95148185621714,route_14,18.498697930986943,73.95439593981811,18.410949644255314,73.80825612427586,11.684758981076097,26.223328863008827,8,busy,0
18.51533811931469,73.7010625381001,route_0,18.614850109927637,73.86302144126736,18.619617102629167,73.82669921131617,20.3442315146425,17.60192962078831,8,offline,0
18.51533811931469,73.7010625381001,route_1,18.490846892322832,73.97446070300018,18.433331378744178,73.95982508422698,28.957320222471026,28.773433394045128,5,offline,0
18.51533811931469,73.7010625381001,route_2,18.45104358908976,73.76409496144304,18.416815889015137,73.86571283980354,9.762100459376635,20.5324153560843,6,available,0
18.51533811931469,73.7010625381001,route_3,18.4684825752409,73.901965564234,18.530653191461774,73.70973295381015,21.817212828567463,1.9328111716218066,5,busy,0
18.51533811931469,73.7010625381001,route_4,18.408602136415862,73.87587082059603,18.520230326309324,73.82979563386353,21.927134036114815,13.584233574030543,2,busy,0
18.51533811931469,73.7010625381001,route_5,18.431769736584847,73.96139224313882,18.616715114950075,73.86330375403355,28.985560706844826,20.48252660515717,4,available,0
18.51533811931469,73.7010625381001,route_6,18.67826540463728,73.72096512473394,18.635913870368796,73.72321747318321,18.237706234887106,13.609252007585843,8,available,0
18.51533811931469,73.7010625381001,route_7,18.48171712665482,73.76327581278754,18.582646840333684,73.98496711376072,7.550809049683606,30.85044077517804,6,offline,0
18.51533811931469,73.7010625381001,route_8,18.462018133622998,73.99743939448328,18.407198691898518,73.95179965975407,31.812016905671886,29.051248742640034,9,available,0
18.51533811931469,73.7010625381001,route_9,18.549459685890337,73.70258117726151,18.610627112704925,73.96214979226147,3.797521778158434,29.490394302717135,4,busy,1
18.51533811931469,73.7010625381001,route_10,18.439797083860952,73.76732376630396,18.665889926544153,73.70933023255468,10.926552987240004,16.763259043504085,4,offline,0
18.51533811931469,73.7010625381001,route_11,18.497604458866828,73.7819760813979,18.461176023724313,73.76985624446678,8.756819084752877,9.428781364979944,9,busy,0
18.51533811931469,73.7010625381001,route_12,18.452053246881384,73.73083884114426,18.49490139783674,73.95247713709313,7.7058062133826875,26.607785723901195,1,available,0
18.51533811931469,73.7010625381001,route_13,18.61434052948725,73.95910897281446,18.595381819679304,73.79004004237743,29.343615600445183,12.930338797089362,2,busy,0
18.51533811931469,73.7010625381001,route_14,18.498697930986943,73.95439593981811,18.410949644255314,73.80825612427586,26.776606551004754,16.203574521679027,1,busy,0
18.404175261300136,73.90231890675756,route_0,18.614850109927637,73.86302144126736,18.619617102629167,73.82669921131617,23.78961950466664,25.24812173234152,4,offline,0
18.404175261300136,73.90231890675756,route_1,18.490846892322832,73.97446070300018,18.433331378744178,73.95982508422698,12.279505216538299,6.878737925771742,1,offline,0
18.404175261300136,73.90231890675756,route_2,18.45104358908976,73.76409496144304,18.416815889015137,73.86571283980354,15.485018171312866,4.109900662909847,1,available,0
18.404175261300136,73.90231890675756,route_3,18.4684825752409,73.901965564234,18.530653191461774,73.70973295381015,7.150744201014371,24.70541103730143,3,busy,0
18.404175261300136,73.90231890675756,route_4,18.408602136415862,73.87587082059603,18.520230326309324,73.82979563386353,2.8335238877347333,15.001401649046626,8,busy,1
18.404175261300136,73.90231890675756,route_5,18.431769736584847,73.96139224313882,18.616715114950075,73.86330375403355,6.946585003928061,23.988729102019768,7,available,0
18.404175261300136,73.90231890675756,route_6,18.67826540463728,73.72096512473394,18.635913870368796,73.72321747318321,35.97785898022498,31.94676451015223,3,available,0
18.404175261300136,73.90231890675756,route_7,18.48171712665482,73.76327581278754,18.582646840333684,73.98496711376072,17.01347816584924,21.67461634297953,8,offline,0
18.404175261300136,73.90231890675756,route_8,18.462018133622998,73.99743939448328,18.407198691898518,73.95179965975407,11.918669144282847,5.231365341438219,2,available,0
18.404175261300136,73.90231890675756,route_9,18.549459685890337,73.70258117726151,18.610627112704925,73.96214979226147,26.5464165821081,23.807507147709384,9,busy,0
18.404175261300136,73.90231890675756,route_10,18.439797083860952,73.76732376630396,18.665889926544153,73.70933023255468,14.782111919919274,35.508550686737124,5,offline,0
18.404175261300136,73.90231890675756,route_11,18.497604458866828,73.7819760813979,18.461176023724313,73.76985624446678,16.402947099079313,15.343781179630176,8,busy,0
18.404175261300136,73.90231890675756,route_12,18.452053246881384,73.73083884114426,18.49490139783674,73.95247713709313,18.85705756976174,11.391435864220835,3,available,0
18.404175261300136,73.90231890675756,route_13,18.61434052948725,73.95910897281446,18.595381819679304,73.79004004237743,24.124308123786324,24.33549965709604,8,busy,0
18.404175261300136,73.90231890675756,route_14,18.498697930986943,73.95439593981811,18.410949644255314,73.80825612427586,11.859282478731524,9.952693991727942,6,busy,0
18.466123432536275,73.92793415951674,route_0,18.614850109927637,73.86302144126736,18.619617102629167,73.82669921131617,17.89763372413876,20.129768082955145,9,offline,0
18.466123432536275,73.92793415951674,route_1,18.490846892322832,73.97446070300018,18.433331378744178,73.95982508422698,5.624428906492842,4.960950500809009,3,offline,0
18.466123432536275,73.92793415951674,route_2,18.45104358908976,73.76409496144304,18.416815889015137,73.86571283980354,17.36197847029481,8.552120637619218,8,available,0
18.466123432536275,73.92793415951674,route_3,18.4684825752409,73.901965564234,18.530653191461774,73.70973295381015,2.75141290001012,24.102123307887442,9,busy,1
18.466123432536275,73.92793415951674,route_4,18.408602136415862,73.87587082059603,18.520230326309324,73.82979563386353,8.430425668501774,11.970756122640173,4,busy,0
18.466123432536275,73.92793415951674,route_5,18.431769736584847,73.96139224313882,18.616715114950075,73.86330375403355,5.200679868063928,18.078176180057227,1,available,0
18.466123432536275,73.92793415951674,route_6,18.67826540463728,73.72096512473394,18.635913870368796,73.72321747318321,32.13032280662333,28.67357000614605,9,available,0
18.466123432536275,73.92793415951674,route_7,18.48171712665482,73.76327581278754,18.582646840333684,73.98496711376072,17.452014736175133,14.284169909245914,8,offline,0
18.466123432536275,73.92793415951674,route_8,18.462018133622998,73.99743939448328,18.407198691898518,73.95179965975407,7.3449775485779,7.019140156032006,3,available,0
18.466123432536275,73.92793415951674,route_9,18.549459685890337,73.70258117726151,18.610627112704925,73.96214979226147,25.50504294912011,16.46799505875199,3,busy,0
18.466123432536275,73.92793415951674,route_10,18.439797083860952,73.76732376630396,18.665889926544153,73.70933023255468,17.191877646271184,32.005931813376556,4,offline,0
18.466123432536275,73.92793415951674,route_11,18.497604458866828,73.7819760813979,18.461176023724313,73.76985624446678,15.785748123515273,16.681731219766622,1,busy,0
18.466123432536275,73.92793415951674,route_12,18.452053246881384,73.73083884114426,18.49490139783674,73.95247713709313,20.84720995414958,4.115722952489978,7,available,0
18.466123432536275,73.92793415951674,route_13,18.61434052948725,73.95910897281446,18.595381819679304,73.79004004237743,16.80549192248376,20.443516046517292,2,busy,0
18.466123432536275,73.92793415951674,route_14,18.498697930986943,73.95439593981811,18.410949644255314,73.80825612427586,4.572468359301645,14.036198557627186,2,busy,0
18.66648363455755,73.84318745594143,route_0,18.614850109927637,73.86302144126736,18.619617102629167,73.82669921131617,6.109872951951268,5.493245989351863,3,offline,1
18.66648363455755,73.84318745594143,route_1,18.490846892322832,73.97446070300018,18.433331378744178,73.95982508422698,23.934465925998918,28.69334026194346,1,offline,0
18.66648363455755,73.84318745594143,route_2,18.45104358908976,73.76409496144304,18.416815889015137,73.86571283980354,25.365200746225028,27.863165050290956,6,available,0
18.66648363455755,73.84318745594143,route_3,18.4684825752409,73.901965564234,18.530653191461774,73.70973295381015,22.871849038201724,20.63807793860095,4,busy,0
18.66648363455755,73.84318745594143,route_4,18.408602136415862,73.87587082059603,18.520230326309324,73.82979563386353,28.881391167661825,16.32375542938065,4,busy,0
18.66648363455755,73.84318745594143,route_5,18.431769736584847,73.96139224313882,18.616715114950075,73.86330375403355,28.92115142129492,5.925995364830424,2,available,0
18.66648363455755,73.84318745594143,route_6,18.67826540463728,73.72096512473394,18.635913870368796,73.72321747318321,12.941642999587817,13.088577906724415,5,available,0
18.66648363455755,73.84318745594143,route_7,18.48171712665482,73.76327581278754,18.582646840333684,73.98496711376072,22.20465625376888,17.60951211127194,8,offline,0
18.66648363455755,73.84318745594143,route_8,18.462018133622998,73.99743939448328,18.407198691898518,73.95179965975407,27.9513368633177,31.021788254390493,6,available,0
18.66648363455755,73.84318745594143,route_9,18.549459685890337,73.70258117726151,18.610627112704925,73.96214979226147,19.720019157515843,13.988686717069095,9,busy,0
18.66648363455755,73.84318745594143,route_10,18.439797083860952,73.76732376630396,18.665889926544153,73.70933023255468,26.444624635127813,14.101477025234702,6,offline,0
18.66648363455755,73.84318745594143,route_11,18.497604458866828,73.7819760813979,18.461176023724313,73.76985624446678,19.855855639450084,24.102291941937484,7,busy,0
18.66648363455755,73.84318745594143,route_12,18.452053246881384,73.73083884114426,18.49490139783674,73.95247713709313,26.62274141483639,22.286740236018066,7,available,0
18.66648363455755,73.84318745594143,route_13,18.61434052948725,73.95910897281446,18.595381819679304,73.79004004237743,13.520072789255721,9.688535201657347,6,busy,0
18.66648363455755,73.84318745594143,route_14,18.498697930986943,73.95439593981811,18.410949644255314,73.80825612427586,22.033279276996527,28.651734381759752,6,busy,0
18.42629381286144,73.77361182862867,route_0,18.614850109927637,73.86302144126736,18.619617102629167,73.82669921131617,22.98831262794313,22.213321095750583,6,offline,0
18.42629381286144,73.77361182862867,route_1,18.490846892322832,73.97446070300018,18.433331378744178,73.95982508422698,22.36741996848987,19.65957380878603,7,offline,0
18.42629381286144,73.77361182862867,route_2,18.45104358908976,73.76409496144304,18.416815889015137,73.86571283980354,2.9294357304668615,9.773367932544618,6,available,0
18.42629381286144,73.77361182862867,route_3,18.4684825752409,73.901965564234,18.530653191461774,73.70973295381015,14.32860291127534,13.417996595668125,7,busy,0
18.42629381286144,73.77361182862867,route_4,18.408602136415862,73.87587082059603,18.520230326309324,73.82979563386353,10.966166338135915,12.008927521738716,5,busy,0
18.42629381286144,73.77361182862867,route_5,18.431769736584847,73.96139224313882,18.616715114950075,73.86330375403355,19.81876159663057,23.189710393956386,8,available,0
18.42629381286144,73.77361182862867,route_6,18.67826540463728,73.72096512473394,18.635913870368796,73.72321747318321,28.562332127906497,23.90655602147379,3,available,0
18.42629381286144,73.77361182862867,route_7,18.48171712665482,73.76327581278754,18.582646840333684,73.98496711376072,6.258479068831876,28.265743324255173,1,offline,0
18.42629381286144,73.77361182862867,route_8,18.462018133622998,73.99743939448328,18.407198691898518,73.95179965975407,23.94186851605066,18.91833357714353,7,available,0
18.42629381286144,73.77361182862867,route_9,18.549459685890337,73.70258117726151,18.610627112704925,73.96214979226147,15.610060122730719,28.55339489028405,1,busy,0
18.42629381286144,73.77361182862867,route_10,18.439797083860952,73.76732376630396,18.665889926544153,73.70933023255468,1.6414904901505483,27.490206054805995,8,offline,1
18.42629381286144,73.77361182862867,route_11,18.497604458866828,73.7819760813979,18.461176023724313,73.76985624446678,7.978306175788332,3.8989027739997626,9,busy,0
18.42629381286144,73.77361182862867,route_12,18.452053246881384,73.73083884114426,18.49490139783674,73.95247713709313,5.3443514545525135,20.349556958349424,4,available,0
18.42629381286144,73.77361182862867,route_13,18.61434052948725,73.95910897281446,18.595381819679304,73.79004004237743,28.63112328154973,18.881355806960727,8,busy,0
18.42629381286144,73.77361182862867,route_14,18.498697930986943,73.95439593981811,18.410949644255314,73.80825612427586,20.697650491293306,4.033561487034984,5,busy,0
18.411693794666007,73.9020733894996,route_0,18.614850109927637,73.86302144126736,18.619617102629167,73.82669921131617,22.96216497448184,24.447823410622377,8,offline,0
18.411693794666007,73.9020733894996,route_1,18.490846892322832,73.97446070300018,18.433331378744178,73.95982508422698,11.651746347052516,6.5504587024682035,3,offline,0
18.411693794666007,73.9020733894996,route_2,18.45104358908976,73.76409496144304,18.416815889015137,73.86571283980354,15.198910810636724,3.878141791976029,4,available,0
18.411693794666007,73.9020733894996,route_3,18.4684825752409,73.901965564234,18.530653191461774,73.70973295381015,6.314634533788866,24.21718090105448,9,busy,0
18.411693794666007,73.9020733894996,route_4,18.408602136415862,73.87587082059603,18.520230326309324,73.82979563386353,2.785768507768851,14.274650811003744,2,busy,1
18.411693794666007,73.9020733894996,route_5,18.431769736584847,73.96139224313882,18.616715114950075,73.86330375403355,6.6441960187198825,23.1609359709245,6,available,0
18.411693794666007,73.9020733894996,route_6,18.67826540463728,73.72096512473394,18.635913870368796,73.72321747318321,35.25819864475966,31.260463419343186,1,available,0
18.411693794666007,73.9020733894996,route_7,18.48171712665482,73.76327581278754,18.582646840333684,73.98496711376072,16.582284867723,20.922585379234732,9,offline,0
18.411693794666007,73.9020733894996,route_8,18.462018133622998,73.99743939448328,18.407198691898518,73.95179965975407,11.511529080127294,5.270097203034231,2,available,0
18.411693794666007,73.9020733894996,route_9,18.549459685890337,73.70258117726151,18.610627112704925,73.96214979226147,26.02479351824401,23.009514303236905,5,busy,0
18.411693794666007,73.9020733894996,route_10,18.439797083860952,73.76732376630396,18.665889926544153,73.70933023255468,14.554756752743383,34.81129990923015,2,offline,0
18.411693794666007,73.9020733894996,route_11,18.497604458866828,73.7819760813979,18.461176023724313,73.76985624446678,15.865723197395493,14.993370288394456,6,busy,0
18.411693794666007,73.9020733894996,route_12,18.452053246881384,73.73083884114426,18.49490139783674,73.95247713709313,18.61277181999052,10.670948057025852,8,available,0
18.411693794666007,73.9020733894996,route_13,18.61434052948725,73.95910897281446,18.595381819679304,73.79004004237743,23.32200141523211,23.595493061430904,6,busy,0
18.411693794666007,73.9020733894996,route_14,18.498697930986943,73.95439593981811,18.410949644255314,73.80825612427586,11.13783731865444,9.898373165812721,7,busy,0
18.48493083824384,73.7321008188896,route_0,18.614850109927637,73.86302144126736,18.619617102629167,73.82669921131617,19.979382955759124,17.992744528164913,3,offline,0
18.48493083824384,73.7321008188896,route_1,18.490846892322832,73.97446070300018,18.433331378744178,73.95982508422698,25.566823409679927,24.694753759867524,3,offline,0
18.48493083824384,73.7321008188896,route_2,18.45104358908976,73.76409496144304,18.416815889015137,73.86571283980354,5.058151780602841,15.99956277506036,4,available,0
18.48493083824384,73.7321008188896,route_3,18.4684825752409,73.901965564234,18.530653191461774,73.70973295381015,18.0075856292302,5.604533723944803,8,busy,0
18.48493083824384,73.7321008188896,route_4,18.408602136415862,73.87587082059603,18.520230326309324,73.82979563386353,17.378575168528076,11.024085204451234,3,busy,0
18.48493083824384,73.7321008188896,route_5,18.431769736584847,73.96139224313882,18.616715114950075,73.86330375403355,24.89631872270071,20.150205258748457,6,available,0
18.48493083824384,73.7321008188896,route_6,18.67826540463728,73.72096512473394,18.635913870368796,73.72321747318321,21.529838003901965,16.814641646224175,7,available,0
18.48493083824384,73.7321008188896,route_7,18.48171712665482,73.76327581278754,18.582646840333684,73.98496711376072,3.30704866158957,28.78838179010756,7,offline,1
18.48493083824384,73.7321008188896,route_8,18.462018133622998,73.99743939448328,18.407198691898518,73.95179965975407,28.099698037968523,24.733679916460282,1,available,0
18.48493083824384,73.7321008188896,route_9,18.549459685890337,73.70258117726151,18.610627112704925,73.96214979226147,7.821271571634936,27.99090248870603,2,busy,0
18.48493083824384,73.7321008188896,route_10,18.439797083860952,73.76732376630396,18.665889926544153,73.70933023255468,6.244057734667266,20.26436417376476,8,offline,0
18.48493083824384,73.7321008188896,route_11,18.497604458866828,73.7819760813979,18.461176023724313,73.76985624446678,5.445077459058532,4.778338295553765,4,busy,0
18.48493083824384,73.7321008188896,route_12,18.452053246881384,73.73083884114426,18.49490139783674,73.95247713709313,3.658243433535472,23.266210533348872,8,available,0
18.48493083824384,73.7321008188896,route_13,18.61434052948725,73.95910897281446,18.595381819679304,73.79004004237743,27.923924729787302,13.71668127696965,6,busy,0
18.48493083824384,73.7321008188896,route_14,18.498697930986943,73.95439593981811,18.410949644255314,73.80825612427586,23.491798830830927,11.497842674265401,6,busy,0
18.42989479299464,73.71396952658847,route_0,18.614850109927637,73.86302144126736,18.619617102629167,73.82669921131617,25.883086104173287,24.21389153145191,9,offline,0
18.42989479299464,73.71396952658847,route_1,18.490846892322832,73.97446070300018,18.433331378744178,73.95982508422698,28.298432203412535,25.938316563260454,1,offline,0
18.42989479299464,73.71396952658847,route_2,18.45104358908976,73.76409496144304,18.416815889015137,73.86571283980354,5.786870250552224,16.074218352212117,6,available,0
18.42989479299464,73.71396952658847,route_3,18.4684825752409,73.901965564234,18.530653191461774,73.70973295381015,20.288732363112167,11.212727923155077,4,busy,0
18.42989479299464,73.71396952658847,route_4,18.408602136415862,73.87587082059603,18.520230326309324,73.82979563386353,17.243644246763548,15.81510179188619,8,busy,0
18.42989479299464,73.71396952658847,route_5,18.431769736584847,73.96139224313882,18.616715114950075,73.86330375403355,26.101773590585022,26.066085909450806,5,available,0
18.42989479299464,73.71396952658847,route_6,18.67826540463728,73.72096512473394,18.635913870368796,73.72321747318321,27.627395783465214,22.929015162248554,5,available,0
18.42989479299464,73.71396952658847,route_7,18.48171712665482,73.76327581278754,18.582646840333684,73.98496711376072,7.762187770775028,33.2422444294822,6,offline,0
18.42989479299464,73.71396952658847,route_8,18.462018133622998,73.99743939448328,18.407198691898518,73.95179965975407,30.113564434933146,25.217399128150124,4,available,0
18.42989479299464,73.71396952658847,route_9,18.549459685890337,73.70258117726151,18.610627112704925,73.96214979226147,13.349141600401492,32.993816120037366,7,busy,0
18.42989479299464,73.71396952658847,route_10,18.439797083860952,73.76732376630396,18.665889926544153,73.70933023255468,5.734970170235967,26.246018648195676,1,offline,0
18.42989479299464,73.71396952658847,route_11,18.497604458866828,73.7819760813979,18.461176023724313,73.76985624446678,10.398720237390702,6.844733430432358,2,busy,0
18.42989479299464,73.71396952658847,route_12,18.452053246881384,73.73083884114426,18.49490139783674,73.95247713709313,3.039296266435923,26.173777423337732,6,available,1
18.42989479299464,73.71396952658847,route_13,18.61434052948725,73.95910897281446,18.595381819679304,73.79004004237743,32.99496674221034,20.073467253554455,6,busy,0
18.42989479299464,73.71396952658847,route_14,18.498697930986943,73.95439593981811,18.410949644255314,73.80825612427586,26.4869146140222,10.16764155921556,2,busy,0
18.426846140658782,73.88644650538436,route_0,18.614850109927637,73.86302144126736,18.619617102629167,73.82669921131617,21.050482323389758,22.341630981857506,2,offline,0
18.426846140658782,73.88644650538436,route_1,18.490846892322832,73.97446070300018,18.433331378744178,73.95982508422698,11.697159019272508,7.774351757685175,7,offline,0
18.426846140658782,73.88644650538436,route_2,18.45104358908976,73.76409496144304,18.416815889015137,73.86571283980354,13.183892259955394,2.455272060566383,5,available,0
18.426846140658782,73.88644650538436,route_3,18.4684825752409,73.901965564234,18.530653191461774,73.70973295381015,4.910634938974974,21.92161222605018,9,busy,0
18.426846140658782,73.88644650538436,route_4,18.408602136415862,73.87587082059603,18.520230326309324,73.82979563386353,2.315217371997652,11.98003235722458,1,busy,1
18.426846140658782,73.88644650538436,route_5,18.431769736584847,73.96139224313882,18.616715114950075,73.86330375403355,7.925125948763961,21.25300344246965,1,available,0
18.426846140658782,73.88644650538436,route_6,18.67826540463728,73.72096512473394,18.635913870368796,73.72321747318321,32.95264090309817,28.923862620415697,7,available,0
18.426846140658782,73.88644650538436,route_7,18.48171712665482,73.76327581278754,18.582646840333684,73.98496711376072,14.353050414633753,20.200303346802382,1,offline,0
18.426846140658782,73.88644650538436,route_8,18.462018133622998,73.99743939448328,18.407198691898518,73.95179965975407,12.343800775821611,7.232590988104539,5,available,0
18.426846140658782,73.88644650538436,route_9,18.549459685890337,73.70258117726151,18.610627112704925,73.96214979226147,23.703310052036862,21.939040896268892,8,busy,0
18.426846140658782,73.88644650538436,route_10,18.439797083860952,73.76732376630396,18.665889926544153,73.70933023255468,12.648476651049405,32.48306893536314,3,offline,0
18.426846140658782,73.88644650538436,route_11,18.497604458866828,73.7819760813979,18.461176023724313,73.76985624446678,13.539451856539893,12.877126138980318,6,busy,0
18.426846140658782,73.88644650538436,route_12,18.452053246881384,73.73083884114426,18.49490139783674,73.95247713709313,16.652020607920424,10.284402390711362,2,available,0
18.426846140658782,73.88644650538436,route_13,18.61434052948725,73.95910897281446,18.595381819679304,73.79004004237743,22.211516040857628,21.31976090190415,4,busy,0
18.426846140658782,73.88644650538436,route_14,18.498697930986943,73.95439593981811,18.410949644255314,73.80825612427586,10.732900396705379,8.436235194233351,5,busy,0
18.509260959927882,73.76830182806167,route_0,18.614850109927637,73.86302144126736,18.619617102629167,73.82669921131617,15.412319884380144,13.728439061050755,9,offline,0
18.509260959927882,73.76830182806167,route_1,18.490846892322832,73.97446070300018,18.433331378744178,73.95982508422698,21.83540704373917,21.892798582526584,5,offline,0
18.509260959927882,73.76830182806167,route_2,18.45104358908976,73.76409496144304,18.416815889015137,73.86571283980354,6.488661620061953,14.533525775400065,8,available,0
18.509260959927882,73.76830182806167,route_3,18.4684825752409,73.901965564234,18.530653191461774,73.70973295381015,14.806959900940315,6.617592563783238,8,busy,0
18.509260959927882,73.76830182806167,route_4,18.408602136415862,73.87587082059603,18.520230326309324,73.82979563386353,15.937482586863187,6.597618172314493,1,busy,0
18.509260959927882,73.76830182806167,route_5,18.431769736584847,73.96139224313882,18.616715114950075,73.86330375403355,22.112558520958757,15.589942703428644,6,available,0
18.509260959927882,73.76830182806167,route_6,18.67826540463728,73.72096512473394,18.635913870368796,73.72321747318321,19.443362853337177,14.863296869025172,6,available,0
18.509260959927882,73.76830182806167,route_7,18.48171712665482,73.76327581278754,18.582646840333684,73.98496711376072,3.108254162365109,24.254829252599485,9,offline,0
18.509260959927882,73.76830182806167,route_8,18.462018133622998,73.99743939448328,18.407198691898518,73.95179965975407,24.7287099533384,22.436256570471173,4,available,0
18.509260959927882,73.76830182806167,route_9,18.549459685890337,73.70258117726151,18.610627112704925,73.96214979226147,8.245642670518825,23.33639067458455,6,busy,0
18.509260959927882,73.76830182806167,route_10,18.439797083860952,73.76732376630396,18.665889926544153,73.70933023255468,7.724719337447525,18.492133082855172,1,offline,0
18.509260959927882,73.76830182806167,route_11,18.497604458866828,73.7819760813979,18.461176023724313,73.76985624446678,1.9388339349897947,5.349313226315823,5,busy,1
18.509260959927882,73.76830182806167,route_12,18.452053246881384,73.73083884114426,18.49490139783674,73.95247713709313,7.488280845593169,19.486351903314617,4,available,0
18.509260959927882,73.76830182806167,route_13,18.61434052948725,73.95910897281446,18.595381819679304,73.79004004237743,23.260698878820214,9.846569704943652,7,busy,0
18.509260959927882,73.76830182806167,route_14,18.498697930986943,73.95439593981811,18.410949644255314,73.80825612427586,19.658060726663162,11.71585372880664,3,busy,0
18.567083580939194,73.84277690682684,route_0,18.614850109927637,73.86302144126736,18.619617102629167,73.82669921131617,5.723921574337445,6.082254323967392,9,offline,1
18.567083580939194,73.84277690682684,route_1,18.490846892322832,73.97446070300018,18.433331378744178,73.95982508422698,16.266977538546705,19.326981815126082,7,offline,0
18.567083580939194,73.84277690682684,route_2,18.45104358908976,73.76409496144304,18.416815889015137,73.86571283980354,15.340156269821307,16.883152992952272,4,available,0
18.567083580939194,73.84277690682684,route_3,18.4684825752409,73.901965564234,18.530653191461774,73.70973295381015,12.61564144169693,14.598595435739558,1,busy,0
18.567083580939194,73.84277690682684,route_4,18.408602136415862,73.87587082059603,18.520230326309324,73.82979563386353,17.964587943248606,5.386584836152016,3,busy,0
18.567083580939194,73.84277690682684,route_5,18.431769736584847,73.96139224313882,18.616715114950075,73.86330375403355,19.56618492040842,5.927649580643056,6,available,0
18.567083580939194,73.84277690682684,route_6,18.67826540463728,73.72096512473394,18.635913870368796,73.72321747318321,17.821183587836174,14.742279823793092,8,available,0
18.567083580939194,73.84277690682684,route_7,18.48171712665482,73.76327581278754,18.582646840333684,73.98496711376072,12.663475951572513,15.086796991780371,6,offline,0
18.567083580939194,73.84277690682684,route_8,18.462018133622998,73.99743939448328,18.407198691898518,73.95179965975407,20.06050121860855,21.172059636989264,3,available,0
18.567083580939194,73.84277690682684,route_9,18.549459685890337,73.70258117726151,18.610627112704925,73.96214979226147,14.907795306771723,13.480699080641049,7,busy,0
18.567083580939194,73.84277690682684,route_10,18.439797083860952,73.76732376630396,18.665889926544153,73.70933023255468,16.236598637666287,17.845280325574787,3,offline,0
18.567083580939194,73.84277690682684,route_11,18.497604458866828,73.7819760813979,18.461176023724313,73.76985624446678,10.038774567645856,14.064146135685132,4,busy,0
18.567083580939194,73.84277690682684,route_12,18.452053246881384,73.73083884114426,18.49490139783674,73.95247713709313,17.404503858373044,14.077849138652436,4,available,0
18.567083580939194,73.84277690682684,route_13,18.61434052948725,73.95910897281446,18.595381819679304,73.79004004237743,13.339173449806456,6.387250394405758,4,busy,0
18.567083580939194,73.84277690682684,route_14,18.498697930986943,73.95439593981811,18.410949644255314,73.80825612427586,14.01087635141044,17.738865590427785,5,busy,0
18.536772722340178,73.73890614071676,route_0,18.614850109927637,73.86302144126736,18.619617102629167,73.82669921131617,15.700717421592755,13.05697876322716,3,offline,0
18.536772722340178,73.73890614071676,route_1,18.490846892322832,73.97446070300018,18.433331378744178,73.95982508422698,25.356496158531964,25.98231082079605,7,offline,0
18.536772722340178,73.73890614071676,route_2,18.45104358908976,73.76409496144304,18.416815889015137,73.86571283980354,9.89579928383203,18.888259709156415,2,available,0
18.536772722340178,73.73890614071676,route_3,18.4684825752409,73.901965564234,18.530653191461774,73.70973295381015,18.796285662674595,3.150044050504204,5,busy,0
18.536772722340178,73.73890614071676,route_4,18.408602136415862,73.87587082059603,18.520230326309324,73.82979563386353,20.29228504753819,9.757536937755445,7,busy,0
18.536772722340178,73.73890614071676,route_5,18.431769736584847,73.96139224313882,18.616715114950075,73.86330375403355,26.20760104260554,15.840894316415097,2,available,0
18.536772722340178,73.73890614071676,route_6,18.67826540463728,73.72096512473394,18.635913870368796,73.72321747318321,15.846461902363904,11.147310210172623,9,available,0
18.536772722340178,73.73890614071676,route_7,18.48171712665482,73.76327581278754,18.582646840333684,73.98496711376072,6.639322838008576,26.434589575039247,4,offline,0
18.536772722340178,73.73890614071676,route_8,18.462018133622998,73.99743939448328,18.407198691898518,73.95179965975407,28.501181448032934,26.678231286076603,9,available,0
18.536772722340178,73.73890614071676,route_9,18.549459685890337,73.70258117726151,18.610627112704925,73.96214979226147,4.081040611677706,24.922492862756446,1,busy,1
18.536772722340178,73.73890614071676,route_10,18.439797083860952,73.76732376630396,18.665889926544153,73.70933023255468,11.191882834080667,14.691615910061364,9,offline,0
18.536772722340178,73.73890614071676,route_11,18.497604458866828,73.7819760813979,18.461176023724313,73.76985624446678,6.292169028403865,9.017309019647042,2,busy,0
18.536772722340178,73.73890614071676,route_12,18.452053246881384,73.73083884114426,18.49490139783674,73.95247713709313,9.458710089277865,22.994993824366958,3,available,0
18.536772722340178,73.73890614071676,route_13,18.61434052948725,73.95910897281446,18.595381819679304,73.79004004237743,24.760660439315693,8.457127471892333,7,busy,0
18.536772722340178,73.73890614071676,route_14,18.498697930986943,73.95439593981811,18.410949644255314,73.80825612427586,23.111863862403162,15.787315042602362,8,busy,0
18.66001884610956,73.70777579231435,route_0,18.614850109927637,73.86302144126736,18.619617102629167,73.82669921131617,17.111001440262793,13.311066241283077,8,offline,0
18.66001884610956,73.70777579231435,route_1,18.490846892322832,73.97446070300018,18.433331378744178,73.95982508422698,33.82279580074779,36.62493830732308,9,offline,0
18.66001884610956,73.70777579231435,route_2,18.45104358908976,73.76409496144304,18.416815889015137,73.86571283980354,23.983408231153458,31.757831553106247,5,available,0
18.66001884610956,73.70777579231435,route_3,18.4684825752409,73.901965564234,18.530653191461774,73.70973295381015,29.539698604596577,14.386283229688145,5,busy,0
18.66001884610956,73.70777579231435,route_4,18.408602136415862,73.87587082059603,18.520230326309324,73.82979563386353,33.10009473007018,20.1739888862211,4,busy,0
18.66001884610956,73.70777579231435,route_5,18.431769736584847,73.96139224313882,18.616715114950075,73.86330375403355,36.86439610273049,17.079733309435227,1,available,0
18.66001884610956,73.70777579231435,route_6,18.67826540463728,73.72096512473394,18.635913870368796,73.72321747318321,2.4590691764797143,3.135452988416945,6,available,1
18.66001884610956,73.70777579231435,route_7,18.48171712665482,73.76327581278754,18.582646840333684,73.98496711376072,20.671292107867274,30.449408174968124,7,offline,0
18.66001884610956,73.70777579231435,route_8,18.462018133622998,73.99743939448328,18.407198691898518,73.95179965975407,37.643641450496055,38.10744806395218,5,available,0
18.66001884610956,73.70777579231435,route_9,18.549459685890337,73.70258117726151,18.610627112704925,73.96214979226147,12.30580008511723,27.359068634119208,9,busy,0
18.66001884610956,73.70777579231435,route_10,18.439797083860952,73.76732376630396,18.665889926544153,73.70933023255468,25.27935507481694,0.6730595167710778,1,offline,0
18.66001884610956,73.70777579231435,route_11,18.497604458866828,73.7819760813979,18.461176023724313,73.76985624446678,19.68031498668395,23.058396725981794,6,busy,0
18.66001884610956,73.70777579231435,route_12,18.452053246881384,73.73083884114426,18.49490139783674,73.95247713709313,23.252166554041043,31.659312304207635,3,available,0
18.66001884610956,73.70777579231435,route_13,18.61434052948725,73.95910897281446,18.595381819679304,73.79004004237743,26.96416729618675,11.260312936444825,9,busy,0
18.66001884610956,73.70777579231435,route_14,18.498697930986943,73.95439593981811,18.410949644255314,73.80825612427586,31.582382030262195,29.652053406015156,4,busy,0
18.52005281176498,73.73047133125567,route_0,18.614850109927637,73.86302144126736,18.619617102629167,73.82669921131617,17.502041455099647,15.014917675870876,1,offline,0
18.52005281176498,73.73047133125567,route_1,18.490846892322832,73.97446070300018,18.433331378744178,73.95982508422698,25.93171671198901,26.03965849129579,3,offline,0
18.52005281176498,73.73047133125567,route_2,18.45104358908976,73.76409496144304,18.416815889015137,73.86571283980354,8.453130582093475,18.309275695678966,8,available,0
18.52005281176498,73.73047133125567,route_3,18.4684825752409,73.901965564234,18.530653191461774,73.70973295381015,18.971834259807444,2.483986897386604,6,busy,0
18.52005281176498,73.73047133125567,route_4,18.408602136415862,73.87587082059603,18.520230326309324,73.82979563386353,19.716853444216902,10.472412350598912,8,busy,0
18.52005281176498,73.73047133125567,route_5,18.431769736584847,73.96139224313882,18.616715114950075,73.86330375403355,26.25778366988471,17.6512518940961,8,available,0
18.52005281176498,73.73047133125567,route_6,18.67826540463728,73.72096512473394,18.635913870368796,73.72321747318321,17.62094030119298,12.905828712939304,6,available,0
18.52005281176498,73.73047133125567,route_7,18.48171712665482,73.76327581278754,18.582646840333684,73.98496711376072,5.489698280020031,27.71635323093386,9,offline,0
18.52005281176498,73.73047133125567,route_8,18.462018133622998,73.99743939448328,18.407198691898518,73.95179965975407,28.88304896706308,26.502888766521956,4,available,0
18.52005281176498,73.73047133125567,route_9,18.549459685890337,73.70258117726151,18.610627112704925,73.96214979226147,4.397508348855053,26.41613048013642,2,busy,1
18.52005281176498,73.73047133125567,route_10,18.439797083860952,73.76732376630396,18.665889926544153,73.70933023255468,9.733611018913857,16.3686987710222,2,offline,0
18.52005281176498,73.73047133125567,route_11,18.497604458866828,73.7819760813979,18.461176023724313,73.76985624446678,5.977012253892521,7.753105517014339,2,busy,0
18.52005281176498,73.73047133125567,route_12,18.452053246881384,73.73083884114426,18.49490139783674,73.95247713709313,7.561305956217994,23.57568725414848,3,available,0
18.52005281176498,73.73047133125567,route_13,18.61434052948725,73.95910897281446,18.595381819679304,73.79004004237743,26.281830426704616,10.46855915804582,6,busy,0
18.52005281176498,73.73047133125567,route_14,18.498697930986943,73.95439593981811,18.410949644255314,73.80825612427586,23.73038427030155,14.645257621015725,9,busy,0
18.507400087968374,73.7061687761864,route_0,18.614850109927637,73.86302144126736,18.619617102629167,73.82669921131617,20.399156007236144,17.80781211297559,1,offline,0
18.507400087968374,73.7061687761864,route_1,18.490846892322832,73.97446070300018,18.433331378744178,73.95982508422698,28.35101095377036,27.99146284325777,4,offline,0
18.507400087968374,73.7061687761864,route_2,18.45104358908976,73.76409496144304,18.416815889015137,73.86571283980354,8.751539455986096,19.611684287350247,4,available,0
18.507400087968374,73.7061687761864,route_3,18.4684825752409,73.901965564234,18.530653191461774,73.70973295381015,21.09658509030053,2.6127936434883297,4,busy,0
18.507400087968374,73.7061687761864,route_4,18.408602136415862,73.87587082059603,18.520230326309324,73.82979563386353,21.001708866623154,13.113087472545832,7,busy,0
18.507400087968374,73.7061687761864,route_5,18.431769736584847,73.96139224313882,18.616715114950075,73.86330375403355,28.200883606052276,20.54521867332483,8,available,0
18.507400087968374,73.7061687761864,route_6,18.67826540463728,73.72096512473394,18.635913870368796,73.72321747318321,19.063244629954777,14.402626461117993,2,available,0
18.507400087968374,73.7061687761864,route_7,18.48171712665482,73.76327581278754,18.582646840333684,73.98496711376072,6.664898219689573,30.558963766155486,3,offline,0
18.507400087968374,73.7061687761864,route_8,18.462018133622998,73.99743939448328,18.407198691898518,73.95179965975407,31.12861330717236,28.202164291892487,9,available,0
18.507400087968374,73.7061687761864,route_9,18.549459685890337,73.70258117726151,18.610627112704925,73.96214979226147,4.692084572335679,29.323445667250102,5,busy,1
18.507400087968374,73.7061687761864,route_10,18.439797083860952,73.76732376630396,18.665889926544153,73.70933023255468,9.904834432586958,17.626415617318006,5,offline,0
18.507400087968374,73.7061687761864,route_11,18.497604458866828,73.7819760813979,18.461176023724313,73.76985624446678,8.06753890671938,8.457432294134628,2,busy,0
18.507400087968374,73.7061687761864,route_12,18.452053246881384,73.73083884114426,18.49490139783674,73.95247713709313,6.68163825682767,26.009896355466896,3,available,0
18.507400087968374,73.7061687761864,route_13,18.61434052948725,73.95910897281446,18.595381819679304,73.79004004237743,29.194223795865554,13.18639293938762,9,busy,0
18.507400087968374,73.7061687761864,route_14,18.498697930986943,73.95439593981811,18.410949644255314,73.80825612427586,26.192662978862288,15.197415188390206,1,busy,0
18.4567474287715,73.72504638900571,route_0,18.614850109927637,73.86302144126736,18.619617102629167,73.82669921131617,22.817917955690127,21.043560106926456,1,offline,0
18.4567474287715,73.72504638900571,route_1,18.490846892322832,73.97446070300018,18.433331378744178,73.95982508422698,26.576327742704986,24.90155945308308,6,offline,0
18.4567474287715,73.72504638900571,route_2,18.45104358908976,73.76409496144304,18.416815889015137,73.86571283980354,4.167278217919492,15.488655641540719,7,available,0
18.4567474287715,73.72504638900571,route_3,18.4684825752409,73.901965564234,18.530653191461774,73.70973295381015,18.705548934561136,8.375102973014677,6,busy,0
18.4567474287715,73.72504638900571,route_4,18.408602136415862,73.87587082059603,18.520230326309324,73.82979563386353,16.78701537016107,13.109255109558703,5,busy,0
18.4567474287715,73.72504638900571,route_5,18.431769736584847,73.96139224313882,18.616715114950075,73.86330375403355,25.084712000307835,22.99687752492192,1,available,0
18.4567474287715,73.72504638900571,route_6,18.67826540463728,73.72096512473394,18.635913870368796,73.72321747318321,24.635431475515258,19.923332268928828,7,available,0
18.4567474287715,73.72504638900571,route_7,18.48171712665482,73.76327581278754,18.582646840333684,73.98496711376072,4.895482926865954,30.77377564675307,4,offline,0
18.4567474287715,73.72504638900571,route_8,18.462018133622998,73.99743939448328,18.407198691898518,73.95179965975407,28.736290187004656,24.546644821488744,1,available,0
18.4567474287715,73.72504638900571,route_9,18.549459685890337,73.70258117726151,18.610627112704925,73.96214979226147,10.577799196107183,30.292581548317468,9,busy,0
18.4567474287715,73.72504638900571,route_10,18.439797083860952,73.76732376630396,18.665889926544153,73.70933023255468,4.8413914552294655,23.31451740362904,5,offline,0
18.4567474287715,73.72504638900571,route_11,18.497604458866828,73.7819760813979,18.461176023724313,73.76985624446678,7.529097925825942,4.751860353559562,8,busy,0
18.4567474287715,73.72504638900571,route_12,18.452053246881384,73.73083884114426,18.49490139783674,73.95247713709313,0.8035767208425801,24.357990649810606,1,available,1
18.4567474287715,73.72504638900571,route_13,18.61434052948725,73.95910897281446,18.595381819679304,73.79004004237743,30.265545986186844,16.869853640301777,5,busy,0
18.4567474287715,73.72504638900571,route_14,18.498697930986943,73.95439593981811,18.410949644255314,73.80825612427586,24.63346495683591,10.148016194372087,7,busy,0
18.566259346881726,73.89388683742081,route_0,18.614850109927637,73.86302144126736,18.619617102629167,73.82669921131617,6.306732357845578,9.238092372453737,5,offline,1
18.566259346881726,73.89388683742081,route_1,18.490846892322832,73.97446070300018,18.433331378744178,73.95982508422698,11.936552680799126,16.334664359314548,3,offline,0
18.566259346881726,73.89388683742081,route_2,18.45104358908976,73.76409496144304,18.416815889015137,73.86571283980354,18.746480983288073,16.880866640732506,1,available,0
18.566259346881726,73.89388683742081,route_3,18.4684825752409,73.901965564234,18.530653191461774,73.70973295381015,10.905597888345072,19.812915768069328,1,busy,0
18.566259346881726,73.89388683742081,route_4,18.408602136415862,73.87587082059603,18.520230326309324,73.82979563386353,17.633333517658187,8.476317436240574,3,busy,0
18.566259346881726,73.89388683742081,route_5,18.431769736584847,73.96139224313882,18.616715114950075,73.86330375403355,16.562323905404952,6.470396495985452,5,available,0
18.566259346881726,73.89388683742081,route_6,18.67826540463728,73.72096512473394,18.635913870368796,73.72321747318321,22.07104766520132,19.58297123164351,9,available,0
18.566259346881726,73.89388683742081,route_7,18.48171712665482,73.76327581278754,18.582646840333684,73.98496711376072,16.673589006084246,9.771526809212327,3,offline,0
18.566259346881726,73.89388683742081,route_8,18.462018133622998,73.99743939448328,18.407198691898518,73.95179965975407,15.923849907844474,18.711490952505507,9,available,0
18.566259346881726,73.89388683742081,route_9,18.549459685890337,73.70258117726151,18.610627112704925,73.96214979226147,20.25245642603434,8.723544486896001,5,busy,0
18.566259346881726,73.89388683742081,route_10,18.439797083860952,73.76732376630396,18.665889926544153,73.70933023255468,19.386747787190433,22.382074469009297,8,offline,0
18.566259346881726,73.89388683742081,route_11,18.497604458866828,73.7819760813979,18.461176023724313,73.76985624446678,14.05301478961416,17.537458399327246,4,busy,0
18.566259346881726,73.89388683742081,route_12,18.452053246881384,73.73083884114426,18.49490139783674,73.95247713709313,21.37388368109163,10.055644253516483,9,available,0
18.566259346881726,73.89388683742081,route_13,18.61434052948725,73.95910897281446,18.595381819679304,73.79004004237743,8.708336734974974,11.414325591192858,2,busy,0
18.566259346881726,73.89388683742081,route_14,18.498697930986943,73.95439593981811,18.410949644255314,73.80825612427586,9.855667950988021,19.488106129803924,5,busy,0
18.688339022114466,73.74335245087953,route_0,18.614850109927637,73.86302144126736,18.619617102629167,73.82669921131617,15.024308980924365,11.640309002459448,9,offline,0
18.688339022114466,73.74335245087953,route_1,18.490846892322832,73.97446070300018,18.433331378744178,73.95982508422698,32.79518754293637,36.396802841046465,6,offline,0
18.688339022114466,73.74335245087953,route_2,18.45104358908976,73.76409496144304,18.416815889015137,73.86571283980354,26.4764762434986,32.83191777991097,6,available,0
18.688339022114466,73.74335245087953,route_3,18.4684825752409,73.901965564234,18.530653191461774,73.70973295381015,29.616535353098776,17.888215598434538,4,busy,0
18.688339022114466,73.74335245087953,route_4,18.408602136415862,73.87587082059603,18.520230326309324,73.82979563386353,34.09838383458511,20.79446380799412,9,busy,0
18.688339022114466,73.74335245087953,route_5,18.431769736584847,73.96139224313882,18.616715114950075,73.86330375403355,36.63572446760245,14.937628579771665,6,available,0
18.688339022114466,73.74335245087953,route_6,18.67826540463728,73.72096512473394,18.635913870368796,73.72321747318321,2.6106899575096465,6.203344137510623,8,available,1
18.688339022114466,73.74335245087953,route_7,18.48171712665482,73.76327581278754,18.582646840333684,73.98496711376072,23.071065586214246,28.039542175233954,3,offline,0
18.688339022114466,73.74335245087953,route_8,18.462018133622998,73.99743939448328,18.407198691898518,73.95179965975407,36.749894131680314,38.2118452825837,4,available,0
18.688339022114466,73.74335245087953,route_9,18.549459685890337,73.70258117726151,18.610627112704925,73.96214979226147,16.029172086893496,24.618087154994477,2,busy,0
18.688339022114466,73.74335245087953,route_10,18.439797083860952,73.76732376630396,18.665889926544153,73.70933023255468,27.751873823889547,4.3675269144051665,5,offline,0
18.688339022114466,73.74335245087953,route_11,18.497604458866828,73.7819760813979,18.461176023724313,73.76985624446678,21.59581840343649,25.413381162521677,4,busy,0
18.688339022114466,73.74335245087953,route_12,18.452053246881384,73.73083884114426,18.49490139783674,73.95247713709313,26.30686700818326,30.79635156431334,3,available,0
18.688339022114466,73.74335245087953,route_13,18.61434052948725,73.95910897281446,18.595381819679304,73.79004004237743,24.174487170097834,11.447167093408288,3,busy,0
18.688339022114466,73.74335245087953,route_14,18.498697930986943,73.95439593981811,18.410949644255314,73.80825612427586,30.64925872441532,31.594042507047327,7,busy,0
18.461538203621892,73.75322448637499,route_0,18.614850109927637,73.86302144126736,18.619617102629167,73.82669921131617,20.605983195947566,19.208623332251232,6,offline,0
18.461538203621892,73.75322448637499,route_1,18.490846892322832,73.97446070300018,18.433331378744178,73.95982508422698,23.558830470707644,22.017006401760746,5,offline,0
18.461538203621892,73.75322448637499,route_2,18.45104358908976,73.76409496144304,18.416815889015137,73.86571283980354,1.6359680559418115,12.865877999355897,3,available,1
18.461538203621892,73.75322448637499,route_3,18.4684825752409,73.901965564234,18.530653191461774,73.70973295381015,15.706759057945916,8.949658501389663,4,busy,0
18.461538203621892,73.75322448637499,route_4,18.408602136415862,73.87587082059603,18.520230326309324,73.82979563386353,14.21387713643833,10.382386655268363,5,busy,0
18.461538203621892,73.75322448637499,route_5,18.431769736584847,73.96139224313882,18.616715114950075,73.86330375403355,22.20595717377828,20.794436463707026,6,available,0
18.461538203621892,73.75322448637499,route_6,18.67826540463728,73.72096512473394,18.635913870368796,73.72321747318321,24.337671961195788,19.64603072352905,1,available,0
18.461538203621892,73.75322448637499,route_7,18.48171712665482,73.76327581278754,18.582646840333684,73.98496711376072,2.4816065647209022,27.89914693641948,4,offline,0
18.461538203621892,73.75322448637499,route_8,18.462018133622998,73.99743939448328,18.407198691898518,73.95179965975407,25.757959612510916,21.801552502717584,5,available,0
18.461538203621892,73.75322448637499,route_9,18.549459685890337,73.70258117726151,18.610627112704925,73.96214979226147,11.139799867987023,27.567807393696054,4,busy,0
18.461538203621892,73.75322448637499,route_10,18.439797083860952,73.76732376630396,18.665889926544153,73.70933023255468,2.8383129091820694,23.18915566547578,7,offline,0
18.461538203621892,73.75322448637499,route_11,18.497604458866828,73.7819760813979,18.461176023724313,73.76985624446678,5.02765477561734,1.7546561871686366,8,busy,0
18.461538203621892,73.75322448637499,route_12,18.452053246881384,73.73083884114426,18.49490139783674,73.95247713709313,2.5859816399970357,21.3385777435877,7,available,0
18.461538203621892,73.75322448637499,route_13,18.61434052948725,73.95910897281446,18.595381819679304,73.79004004237743,27.564742371491413,15.380565423978556,4,busy,0
18.461538203621892,73.75322448637499,route_14,18.498697930986943,73.95439593981811,18.410949644255314,73.80825612427586,21.61437043181907,8.083491887464245,1,busy,0
18.556273347066075,73.82735078788173,route_0,18.614850109927637,73.86302144126736,18.619617102629167,73.82669921131617,7.520575055088186,7.043839016373884,4,offline,1
18.556273347066075,73.82735078788173,route_1,18.490846892322832,73.97446070300018,18.433331378744178,73.95982508422698,17.131846899134977,19.545714721337742,9,offline,0
18.556273347066075,73.82735078788173,route_2,18.45104358908976,73.76409496144304,18.416815889015137,73.86571283980354,13.46863279996424,16.02598898882521,2,available,0
18.556273347066075,73.82735078788173,route_3,18.4684825752409,73.901965564234,18.530653191461774,73.70973295381015,12.537603597420478,12.722561323626167,9,busy,0
18.556273347066075,73.82735078788173,route_4,18.408602136415862,73.87587082059603,18.520230326309324,73.82979563386353,17.199086575757452,4.016080610778756,4,busy,0
18.556273347066075,73.82735078788173,route_5,18.431769736584847,73.96139224313882,18.616715114950075,73.86330375403355,19.785327492560477,7.715439912303183,3,available,0
18.556273347066075,73.82735078788173,route_6,18.67826540463728,73.72096512473394,18.635913870368796,73.72321747318321,17.597795908756396,14.101873558432121,6,available,0
18.556273347066075,73.82735078788173,route_7,18.48171712665482,73.76327581278754,18.582646840333684,73.98496711376072,10.694415035700384,16.87053577498144,9,offline,0
18.556273347066075,73.82735078788173,route_8,18.462018133622998,73.99743939448328,18.407198691898518,73.95179965975407,20.772521540461092,21.14295285004808,9,available,0
18.556273347066075,73.82735078788173,route_9,18.549459685890337,73.70258117726151,18.610627112704925,73.96214979226147,13.174538810666592,15.439554271518691,5,busy,0
18.556273347066075,73.82735078788173,route_10,18.439797083860952,73.76732376630396,18.665889926544153,73.70933023255468,14.415620704940554,17.41397718172585,9,offline,0
18.556273347066075,73.82735078788173,route_11,18.497604458866828,73.7819760813979,18.461176023724313,73.76985624446678,8.089786823626673,12.188912761178319,6,busy,0
18.556273347066075,73.82735078788173,route_12,18.452053246881384,73.73083884114426,18.49490139783674,73.95247713709313,15.422926366726411,14.85298057132267,6,available,0
18.556273347066075,73.82735078788173,route_13,18.61434052948725,73.95910897281446,18.595381819679304,73.79004004237743,15.31447747325151,5.86314164448612,1,busy,0
18.556273347066075,73.82735078788173,route_14,18.498697930986943,73.95439593981811,18.410949644255314,73.80825612427586,14.845949183104311,16.28424470480617,5,busy,0
18.612173098701803,73.92670269133427,route_0,18.614850109927637,73.86302144126736,18.619617102629167,73.82669921131617,6.717244295855676,10.570544221753787,2,offline,0
18.612173098701803,73.92670269133427,route_1,18.490846892322832,73.97446070300018,18.433331378744178,73.95982508422698,14.399635946812605,20.190602131043228,6,offline,0
18.612173098701803,73.92670269133427,route_2,18.45104358908976,73.76409496144304,18.416815889015137,73.86571283980354,24.797470450783955,22.654616646547534,5,available,0
18.612173098701803,73.92670269133427,route_3,18.4684825752409,73.901965564234,18.530653191461774,73.70973295381015,16.18908857641383,24.60054847148419,4,busy,0
18.612173098701803,73.92670269133427,route_4,18.408602136415862,73.87587082059603,18.520230326309324,73.82979563386353,23.261962642116206,14.452091373363821,4,busy,0
18.612173098701803,73.92670269133427,route_5,18.431769736584847,73.96139224313882,18.616715114950075,73.86330375403355,20.390645847365754,6.6999219276481625,7,available,0
18.612173098701803,73.92670269133427,route_6,18.67826540463728,73.72096512473394,18.635913870368796,73.72321747318321,22.88824756893062,21.603568223680508,8,available,0
18.612173098701803,73.92670269133427,route_7,18.48171712665482,73.76327581278754,18.582646840333684,73.98496711376072,22.522078683100556,6.963032345269147,9,offline,0
18.612173098701803,73.92670269133427,route_8,18.462018133622998,73.99743939448328,18.407198691898518,73.95179965975407,18.28622731445264,22.945224632468733,2,available,0
18.612173098701803,73.92670269133427,route_9,18.549459685890337,73.70258117726151,18.610627112704925,73.96214979226147,24.62995983738267,3.739368285771928,4,busy,0
18.612173098701803,73.92670269133427,route_10,18.439797083860952,73.76732376630396,18.665889926544153,73.70933023255468,25.490251873211196,23.669044856836965,2,offline,0
18.612173098701803,73.92670269133427,route_11,18.497604458866828,73.7819760813979,18.461176023724313,73.76985624446678,19.875854370080805,23.565601633140233,3,busy,0
18.612173098701803,73.92670269133427,route_12,18.452053246881384,73.73083884114426,18.49490139783674,73.95247713709313,27.265575175181887,13.320072763751849,7,available,0
18.612173098701803,73.92670269133427,route_13,18.61434052948725,73.95910897281446,18.595381819679304,73.79004004237743,3.4234299374493617,14.522674004009096,9,busy,1
18.612173098701803,73.92670269133427,route_14,18.498697930986943,73.95439593981811,18.410949644255314,73.80825612427586,12.951162638286153,25.62463269612203,3,busy,0
18.417474117754224,73.98125676718828,route_0,18.614850109927637,73.86302144126736,18.619617102629167,73.82669921131617,25.240755240908992,27.76313465703108,5,offline,0
18.417474117754224,73.98125676718828,route_1,18.490846892322832,73.97446070300018,18.433331378744178,73.95982508422698,8.190110298327136,2.867199421668407,6,offline,0
18.417474117754224,73.98125676718828,route_2,18.45104358908976,73.76409496144304,18.416815889015137,73.86571283980354,23.21034442385695,12.19006816115815,4,available,0
18.417474117754224,73.98125676718828,route_3,18.4684825752409,73.901965564234,18.530653191461774,73.70973295381015,10.105727960193148,31.27956937341593,2,busy,0
18.417474117754224,73.98125676718828,route_4,18.408602136415862,73.87587082059603,18.520230326309324,73.82979563386353,11.162130178865524,19.640029137407407,6,busy,0
18.417474117754224,73.98125676718828,route_5,18.431769736584847,73.96139224313882,18.616715114950075,73.86330375403355,2.6302871672579275,25.406663173555412,9,available,1
18.417474117754224,73.98125676718828,route_6,18.67826540463728,73.72096512473394,18.635913870368796,73.72321747318321,39.92318808185468,36.47084437714614,9,available,0
18.417474117754224,73.98125676718828,route_7,18.48171712665482,73.76327581278754,18.582646840333684,73.98496711376072,24.07671612209994,18.370535629874443,6,offline,0
18.417474117754224,73.98125676718828,route_8,18.462018133622998,73.99743939448328,18.407198691898518,73.95179965975407,5.238975678720741,3.3111802886778965,5,available,0
18.417474117754224,73.98125676718828,route_9,18.549459685890337,73.70258117726151,18.610627112704925,73.96214979226147,32.84953130176977,21.5719146166004,7,busy,0
18.417474117754224,73.98125676718828,route_10,18.439797083860952,73.76732376630396,18.665889926544153,73.70933023255468,22.704449482118594,39.809809655862274,2,offline,0
18.417474117754224,73.98125676718828,route_11,18.497604458866828,73.7819760813979,18.461176023724313,73.76985624446678,22.82964079164722,22.823138340276156,8,busy,0
18.417474117754224,73.98125676718828,route_12,18.452053246881384,73.73083884114426,18.49490139783674,73.95247713709313,26.69466921160634,9.128988108164517,6,available,0
18.417474117754224,73.98125676718828,route_13,18.61434052948725,73.95910897281446,18.595381819679304,73.79004004237743,22.014753144752053,28.246827265834217,6,busy,0
18.417474117754224,73.98125676718828,route_14,18.498697930986943,73.95439593981811,18.410949644255314,73.80825612427586,9.46561233886371,18.2662377262211,9,busy,0
18.600703406522374,73.7159974335275,route_0,18.614850109927637,73.86302144126736,18.619617102629167,73.82669921131617,15.573365362916684,11.853893284821048,3,offline,0
18.600703406522374,73.7159974335275,route_1,18.490846892322832,73.97446070300018,18.433331378744178,73.95982508422698,29.860263457643615,31.738093473727186,9,offline,0
18.600703406522374,73.7159974335275,route_2,18.45104358908976,73.76409496144304,18.416815889015137,73.86571283980354,17.39690272945721,25.832300384527617,6,available,0
18.600703406522374,73.7159974335275,route_3,18.4684825752409,73.901965564234,18.530653191461774,73.70973295381015,24.50628389425571,7.817167897173594,2,busy,0
18.600703406522374,73.7159974335275,route_4,18.408602136415862,73.87587082059603,18.520230326309324,73.82979563386353,27.2115888506806,14.965477934877924,8,busy,0
18.600703406522374,73.7159974335275,route_5,18.431769736584847,73.96139224313882,18.616715114950075,73.86330375403355,31.973891430922908,15.62514926485988,6,available,0
18.600703406522374,73.7159974335275,route_6,18.67826540463728,73.72096512473394,18.635913870368796,73.72321747318321,8.640368557126498,3.9884619146911424,4,available,0
18.600703406522374,73.7159974335275,route_7,18.48171712665482,73.76327581278754,18.582646840333684,73.98496711376072,14.138364304417415,28.418316868346334,3,offline,0
18.600703406522374,73.7159974335275,route_8,18.462018133622998,73.99743939448328,18.407198691898518,73.95179965975407,33.44029357267174,32.8817861149288,1,available,0
18.600703406522374,73.7159974335275,route_9,18.549459685890337,73.70258117726151,18.610627112704925,73.96214979226147,5.870892299390824,25.963862047304318,4,busy,1
18.600703406522374,73.7159974335275,route_10,18.439797083860952,73.76732376630396,18.665889926544153,73.70933023255468,18.692471708045062,7.282373024619267,2,offline,0
18.600703406522374,73.7159974335275,route_11,18.497604458866828,73.7819760813979,18.461176023724313,73.76985624446678,13.409036409381654,16.52120912530595,4,busy,0
18.600703406522374,73.7159974335275,route_12,18.452053246881384,73.73083884114426,18.49490139783674,73.95247713709313,16.60304436529155,27.56606357923913,8,available,0
18.600703406522374,73.7159974335275,route_13,18.61434052948725,73.95910897281446,18.595381819679304,73.79004004237743,25.664507538442614,7.825624931993791,1,busy,0
18.600703406522374,73.7159974335275,route_14,18.498697930986943,73.95439593981811,18.410949644255314,73.80825612427586,27.57254754529577,23.234326179121684,1,busy,0
18.481419659578634,73.85334109552878,route_0,18.614850109927637,73.86302144126736,18.619617102629167,73.82669921131617,14.871843126441071,15.62139628749447,9,offline,0
18.481419659578634,73.85334109552878,route_1,18.490846892322832,73.97446070300018,18.433331378744178,73.95982508422698,12.815890924328876,12.439314960734507,5,offline,0
18.481419659578634,73.85334109552878,route_2,18.45104358908976,73.76409496144304,18.416815889015137,73.86571283980354,10.000423994988662,7.301179869365019,7,available,0
18.481419659578634,73.85334109552878,route_3,18.4684825752409,73.901965564234,18.530653191461774,73.70973295381015,5.326088225580421,16.101980933124043,8,busy,1
18.481419659578634,73.85334109552878,route_4,18.408602136415862,73.87587082059603,18.520230326309324,73.82979563386353,8.438491890631415,4.978795128388445,2,busy,0
18.481419659578634,73.85334109552878,route_5,18.431769736584847,73.96139224313882,18.616715114950075,73.86330375403355,12.66354070110318,15.0807831253993,3,available,0
18.481419659578634,73.85334109552878,route_6,18.67826540463728,73.72096512473394,18.635913870368796,73.72321747318321,25.95695593414495,21.983265020103996,8,available,0
18.481419659578634,73.85334109552878,route_7,18.48171712665482,73.76327581278754,18.582646840333684,73.98496711376072,9.498353378998841,17.86821509193856,7,offline,0
18.481419659578634,73.85334109552878,route_8,18.462018133622998,73.99743939448328,18.407198691898518,73.95179965975407,15.349855919722279,13.265549971358839,7,available,0
18.481419659578634,73.85334109552878,route_9,18.549459685890337,73.70258117726151,18.610627112704925,73.96214979226147,17.60463444481574,18.38457792857034,8,busy,0
18.481419659578634,73.85334109552878,route_10,18.439797083860952,73.76732376630396,18.665889926544153,73.70933023255468,10.184831179342453,25.517782435800825,3,offline,0
18.481419659578634,73.85334109552878,route_11,18.497604458866828,73.7819760813979,18.461176023724313,73.76985624446678,7.73800262229685,9.088032628742265,8,busy,0
18.481419659578634,73.85334109552878,route_12,18.452053246881384,73.73083884114426,18.49490139783674,73.95247713709313,13.326473391685237,10.561430302615356,3,available,0
18.481419659578634,73.85334109552878,route_13,18.61434052948725,73.95910897281446,18.595381819679304,73.79004004237743,18.51415442374692,14.321864194542009,9,busy,0
18.481419659578634,73.85334109552878,route_14,18.498697930986943,73.95439593981811,18.410949644255314,73.80825612427586,10.828530931560342,9.166113309871944,6,busy,0
18.62041068286876,73.76480890935437,route_0,18.614850109927637,73.86302144126736,18.619617102629167,73.82669921131617,10.367709134331896,6.522265436079309,1,offline,0
18.62041068286876,73.76480890935437,route_1,18.490846892322832,73.97446070300018,18.433331378744178,73.95982508422698,26.381458130365015,29.2487284368436,9,offline,0
18.62041068286876,73.76480890935437,route_2,18.45104358908976,73.76409496144304,18.416815889015137,73.86571283980354,18.832911982874382,25.013998075032294,3,available,0
18.62041068286876,73.76480890935437,route_3,18.4684825752409,73.901965564234,18.530653191461774,73.70973295381015,22.236556478980994,11.546055752435871,2,busy,0
18.62041068286876,73.76480890935437,route_4,18.408602136415862,73.87587082059603,18.520230326309324,73.82979563386353,26.302670676751145,13.07713022341009,3,busy,0
18.62041068286876,73.76480890935437,route_5,18.431769736584847,73.96139224313882,18.616715114950075,73.86330375403355,29.488447056614955,10.38707923069354,2,available,0
18.62041068286876,73.76480890935437,route_6,18.67826540463728,73.72096512473394,18.635913870368796,73.72321747318321,7.919765408790503,4.709332716478283,5,available,1
18.62041068286876,73.76480890935437,route_7,18.48171712665482,73.76327581278754,18.582646840333684,73.98496711376072,15.422866606216262,23.578540847595143,4,offline,0
18.62041068286876,73.76480890935437,route_8,18.462018133622998,73.99743939448328,18.407198691898518,73.95179965975407,30.193677409274613,30.83516952190928,8,available,0
18.62041068286876,73.76480890935437,route_9,18.549459685890337,73.70258117726151,18.610627112704925,73.96214979226147,10.259503229725755,20.823710026501203,4,busy,0
18.62041068286876,73.76480890935437,route_10,18.439797083860952,73.76732376630396,18.665889926544153,73.70933023255468,20.08506602964039,7.729218063884217,1,offline,0
18.62041068286876,73.76480890935437,route_11,18.497604458866828,73.7819760813979,18.461176023724313,73.76985624446678,13.774814388894415,17.714079968887614,5,busy,0
18.62041068286876,73.76480890935437,route_12,18.452053246881384,73.73083884114426,18.49490139783674,73.95247713709313,19.05998053716456,24.210024445193483,5,available,0
18.62041068286876,73.76480890935437,route_13,18.61434052948725,73.95910897281446,18.595381819679304,73.79004004237743,20.48573913019396,3.849072170266923,6,busy,0
18.62041068286876,73.76480890935437,route_14,18.498697930986943,73.95439593981811,18.410949644255314,73.80825612427586,24.136178783540867,23.73724427926244,2,busy,0
18.446692469431895,73.73109440466538,route_0,18.614850109927637,73.86302144126736,18.619617102629167,73.82669921131617,23.30422341994254,21.710008541633766,7,offline,0
18.446692469431895,73.73109440466538,route_1,18.490846892322832,73.97446070300018,18.433331378744178,73.95982508422698,26.132711749913582,24.173503245308236,2,offline,0
18.446692469431895,73.73109440466538,route_2,18.45104358908976,73.76409496144304,18.416815889015137,73.86571283980354,3.514369302193459,14.584402964545117,6,available,0
18.446692469431895,73.73109440466538,route_3,18.4684825752409,73.901965564234,18.530653191461774,73.70973295381015,18.184752748010023,9.603937503890728,9,busy,0
18.446692469431895,73.73109440466538,route_4,18.408602136415862,73.87587082059603,18.520230326309324,73.82979563386353,15.849339417902883,13.23668033171689,9,busy,0
18.446692469431895,73.73109440466538,route_5,18.431769736584847,73.96139224313882,18.616715114950075,73.86330375403355,24.349832442965592,23.488547044559137,4,available,0
18.446692469431895,73.73109440466538,route_6,18.67826540463728,73.72096512473394,18.635913870368796,73.72321747318321,25.77186305822267,21.056840506649138,9,available,0
18.446692469431895,73.73109440466538,route_7,18.48171712665482,73.76327581278754,18.582646840333684,73.98496711376072,5.166063870826159,30.74210065943863,5,offline,0
18.446692469431895,73.73109440466538,route_8,18.462018133622998,73.99743939448328,18.407198691898518,73.95179965975407,28.14486790792114,23.693538822726882,2,available,0
18.446692469431895,73.73109440466538,route_9,18.549459685890337,73.70258117726151,18.610627112704925,73.96214979226147,11.816137132878076,30.425570529638364,5,busy,0
18.446692469431895,73.73109440466538,route_10,18.439797083860952,73.76732376630396,18.665889926544153,73.70933023255468,3.897762483983797,24.48138379099552,7,offline,0
18.446692469431895,73.73109440466538,route_11,18.497604458866828,73.7819760813979,18.461176023724313,73.76985624446678,7.800362991913963,4.394249453125094,7,busy,0
18.446692469431895,73.73109440466538,route_12,18.452053246881384,73.73083884114426,18.49490139783674,73.95247713709313,0.5967004731370823,23.955981358164415,3,available,1
18.446692469431895,73.73109440466538,route_13,18.61434052948725,73.95910897281446,18.595381819679304,73.79004004237743,30.42055294111767,17.663030149886485,3,busy,0
18.446692469431895,73.73109440466538,route_14,18.498697930986943,73.95439593981811,18.410949644255314,73.80825612427586,24.250195845007056,9.058442079151865,3,busy,0
18.58560535688418,73.92382543654914,route_0,18.614850109927637,73.86302144126736,18.619617102629167,73.82669921131617,7.185846989158089,10.912026812909804,5,offline,0
18.58560535688418,73.92382543654914,route_1,18.490846892322832,73.97446070300018,18.433331378744178,73.95982508422698,11.811771554981853,17.35236914134712,5,offline,0
18.58560535688418,73.92382543654914,route_2,18.45104358908976,73.76409496144304,18.416815889015137,73.86571283980354,22.52815153946968,19.743566856689657,5,available,0
18.58560535688418,73.92382543654914,route_3,18.4684825752409,73.901965564234,18.530653191461774,73.70973295381015,13.225818572413576,23.38069174751104,6,busy,0
18.58560535688418,73.92382543654914,route_4,18.408602136415862,73.87587082059603,18.520230326309324,73.82979563386353,20.321103158251066,12.292137256740414,6,busy,0
18.58560535688418,73.92382543654914,route_5,18.431769736584847,73.96139224313882,18.616715114950075,73.86330375403355,17.558395042117237,7.255844693695801,9,available,0
18.58560535688418,73.92382543654914,route_6,18.67826540463728,73.72096512473394,18.635913870368796,73.72321747318321,23.728503939458772,21.867760789078698,4,available,0
18.58560535688418,73.92382543654914,route_7,18.48171712665482,73.76327581278754,18.582646840333684,73.98496711376072,20.49265829630413,6.452532328077144,7,offline,0
18.58560535688418,73.92382543654914,route_8,18.462018133622998,73.99743939448328,18.407198691898518,73.95179965975407,15.782575326569429,20.056043225521154,6,available,0
18.58560535688418,73.92382543654914,route_9,18.549459685890337,73.70258117726151,18.610627112704925,73.96214979226147,23.664530089940897,4.90450266484893,2,busy,0
18.58560535688418,73.92382543654914,route_10,18.439797083860952,73.76732376630396,18.665889926544153,73.70933023255468,23.133770349256856,24.30076978545374,8,offline,0
18.58560535688418,73.92382543654914,route_11,18.497604458866828,73.7819760813979,18.461176023724313,73.76985624446678,17.87118649052288,21.329872760944433,9,busy,0
18.58560535688418,73.92382543654914,route_12,18.452053246881384,73.73083884114426,18.49490139783674,73.95247713709313,25.19069648278789,10.528420709519114,3,available,0
18.58560535688418,73.92382543654914,route_13,18.61434052948725,73.95910897281446,18.595381819679304,73.79004004237743,4.9026568254982505,14.141877851016146,1,busy,1
18.58560535688418,73.92382543654914,route_14,18.498697930986943,73.95439593981811,18.410949644255314,73.80825612427586,10.186905076148655,22.927836776006977,9,busy,0
18.556399370039504,73.93852840418349,route_0,18.614850109927637,73.86302144126736,18.619617102629167,73.82669921131617,10.274936007233695,13.723253938622003,1,offline,0
18.556399370039504,73.93852840418349,route_1,18.490846892322832,73.97446070300018,18.433331378744178,73.95982508422698,8.214846717185841,13.867589592454589,8,offline,0
18.556399370039504,73.93852840418349,route_2,18.45104358908976,73.76409496144304,18.416815889015137,73.86571283980354,21.807307750045407,17.31664872413568,2,available,0
18.556399370039504,73.93852840418349,route_3,18.4684825752409,73.901965564234,18.530653191461774,73.70973295381015,10.508616443210542,24.289362957882762,1,busy,0
18.556399370039504,73.93852840418349,route_4,18.408602136415862,73.87587082059603,18.520230326309324,73.82979563386353,17.712984640396844,12.148219736367029,2,busy,0
18.556399370039504,73.93852840418349,route_5,18.431769736584847,73.96139224313882,18.616715114950075,73.86330375403355,14.066356319569387,10.384585739231563,3,available,0
18.556399370039504,73.93852840418349,route_6,18.67826540463728,73.72096512473394,18.635913870368796,73.72321747318321,26.631340364648278,24.353187911886977,2,available,0
18.556399370039504,73.93852840418349,route_7,18.48171712665482,73.76327581278754,18.582646840333684,73.98496711376072,20.25837560775795,5.698975246878151,1,offline,0
18.556399370039504,73.93852840418349,route_8,18.462018133622998,73.99743939448328,18.407198691898518,73.95179965975407,12.195284316247495,16.649289306542318,2,available,0
18.556399370039504,73.93852840418349,route_9,18.549459685890337,73.70258117726151,18.610627112704925,73.96214979226147,24.884611399429588,6.523598844865989,5,busy,0
18.556399370039504,73.93852840418349,route_10,18.439797083860952,73.76732376630396,18.665889926544153,73.70933023255468,22.226915296794253,27.04791249831944,6,offline,0
18.556399370039504,73.93852840418349,route_11,18.497604458866828,73.7819760813979,18.461176023724313,73.76985624446678,17.753247036966574,20.698602430817978,6,busy,0
18.556399370039504,73.93852840418349,route_12,18.452053246881384,73.73083884114426,18.49490139783674,73.95247713709313,24.783802729391056,6.994616790531128,2,available,0
18.556399370039504,73.93852840418349,route_13,18.61434052948725,73.95910897281446,18.595381819679304,73.79004004237743,6.7981055362916,16.24013007509962,4,busy,0
18.556399370039504,73.93852840418349,route_14,18.498697930986943,73.95439593981811,18.410949644255314,73.80825612427586,6.6306236693566625,21.220677663207773,4,busy,1
18.58423177222114,73.86628993579198,route_0,18.614850109927637,73.86302144126736,18.619617102629167,73.82669921131617,3.4219845662637285,5.734956448981079,4,offline,1
18.58423177222114,73.86628993579198,route_1,18.490846892322832,73.97446070300018,18.433331378744178,73.95982508422698,15.42324346136705,19.46326980769782,9,offline,0
18.58423177222114,73.86628993579198,route_2,18.45104358908976,73.76409496144304,18.416815889015137,73.86571283980354,18.314940933076905,18.61589631564073,5,available,0
18.58423177222114,73.86628993579198,route_3,18.4684825752409,73.901965564234,18.530653191461774,73.70973295381015,13.409080342971762,17.54563301151171,1,busy,0
18.58423177222114,73.86628993579198,route_4,18.408602136415862,73.87587082059603,18.520230326309324,73.82979563386353,19.55524061111521,8.089914567726291,6,busy,0
18.58423177222114,73.86628993579198,route_5,18.431769736584847,73.96139224313882,18.616715114950075,73.86330375403355,19.696805454928754,3.625666717449281,3,available,0
18.58423177222114,73.86628993579198,route_6,18.67826540463728,73.72096512473394,18.635913870368796,73.72321747318321,18.541925269489784,16.135185097753098,5,available,0
18.58423177222114,73.86628993579198,route_7,18.48171712665482,73.76327581278754,18.582646840333684,73.98496711376072,15.744608440795924,12.509493689199376,4,offline,0
18.58423177222114,73.86628993579198,route_8,18.462018133622998,73.99743939448328,18.407198691898518,73.95179965975407,19.38762948698845,21.65212970390287,7,available,0
18.58423177222114,73.86628993579198,route_9,18.549459685890337,73.70258117726151,18.610627112704925,73.96214979226147,17.68400226594595,10.520250815015745,6,busy,0
18.58423177222114,73.86628993579198,route_10,18.439797083860952,73.76732376630396,18.665889926544153,73.70933023255468,19.152765847804247,18.86761906814433,1,offline,0
18.58423177222114,73.86628993579198,route_11,18.497604458866828,73.7819760813979,18.461176023724313,73.76985624446678,13.107012046655411,17.047187016555167,1,busy,0
18.58423177222114,73.86628993579198,route_12,18.452053246881384,73.73083884114426,18.49490139783674,73.95247713709313,20.493510439835575,13.462012227619695,5,available,0
18.58423177222114,73.86628993579198,route_13,18.61434052948725,73.95910897281446,18.595381819679304,73.79004004237743,10.339029605198421,8.131309250846273,8,busy,0
18.58423177222114,73.86628993579198,route_14,18.498697930986943,73.95439593981811,18.410949644255314,73.80825612427586,13.294076434328236,20.216574402375755,6,busy,0
18.499900428836725,73.75278643557652,route_0,18.614850109927637,73.86302144126736,18.619617102629167,73.82669921131617,17.274403420588435,15.424346474880505,6,offline,0
18.499900428836725,73.75278643557652,route_1,18.490846892322832,73.97446070300018,18.433331378744178,73.95982508422698,23.397578241923345,23.056719178061627,2,offline,0
18.499900428836725,73.75278643557652,route_2,18.45104358908976,73.76409496144304,18.416815889015137,73.86571283980354,5.562004179410315,15.073802342799372,1,available,0
18.499900428836725,73.75278643557652,route_3,18.4684825752409,73.901965564234,18.530653191461774,73.70973295381015,16.11542584850284,5.683368676870683,7,busy,0
18.499900428836725,73.75278643557652,route_4,18.408602136415862,73.87587082059603,18.520230326309324,73.82979563386353,16.480535927458792,8.428844187010906,2,busy,0
18.499900428836725,73.75278643557652,route_5,18.431769736584847,73.96139224313882,18.616715114950075,73.86330375403355,23.26936575836738,17.448220867141433,2,available,0
18.499900428836725,73.75278643557652,route_6,18.67826540463728,73.72096512473394,18.635913870368796,73.72321747318321,20.114839391345654,15.441819202170965,8,available,0
18.499900428836725,73.75278643557652,route_7,18.48171712665482,73.76327581278754,18.582646840333684,73.98496711376072,2.3046938795320338,26.149458237295132,3,offline,1
18.499900428836725,73.75278643557652,route_8,18.462018133622998,73.99743939448328,18.407198691898518,73.95179965975407,26.14281180021233,23.385727783559016,2,available,0
18.499900428836725,73.75278643557652,route_9,18.549459685890337,73.70258117726151,18.610627112704925,73.96214979226147,7.641168997923892,25.272018846989575,1,busy,0
18.499900428836725,73.75278643557652,route_10,18.439797083860952,73.76732376630396,18.665889926544153,73.70933023255468,6.856801896582762,19.016989689511888,5,offline,0
18.499900428836725,73.75278643557652,route_11,18.497604458866828,73.7819760813979,18.461176023724313,73.76985624446678,3.0886044241431048,4.6671158981643694,8,busy,0
18.499900428836725,73.75278643557652,route_12,18.452053246881384,73.73083884114426,18.49490139783674,73.95247713709313,5.802066503418846,21.064794716917064,3,available,0
18.499900428836725,73.75278643557652,route_13,18.61434052948725,73.95910897281446,18.595381819679304,73.79004004237743,25.19834779932143,11.320114090481233,9,busy,0
18.499900428836725,73.75278643557652,route_14,18.498697930986943,73.95439593981811,18.410949644255314,73.80825612427586,21.259982498306417,11.491757063587352,9,busy,0
18.54071033981772,73.75892681844635,route_0,18.614850109927637,73.86302144126736,18.619617102629167,73.82669921131617,13.72370822382104,11.314079999991279,9,offline,0
18.54071033981772,73.75892681844635,route_1,18.490846892322832,73.97446070300018,18.433331378744178,73.95982508422698,23.392286121242627,24.318991495718354,2,offline,0
18.54071033981772,73.75892681844635,route_2,18.45104358908976,73.76409496144304,18.416815889015137,73.86571283980354,9.985371182309303,17.79380143977645,5,available,0
18.54071033981772,73.75892681844635,route_3,18.4684825752409,73.901965564234,18.530653191461774,73.70973295381015,17.087868757306808,5.305548079292461,9,busy,0
18.54071033981772,73.75892681844635,route_4,18.408602136415862,73.87587082059603,18.520230326309324,73.82979563386353,19.180782388000388,7.811034722073759,7,busy,0
18.54071033981772,73.75892681844635,route_5,18.431769736584847,73.96139224313882,18.616715114950075,73.86330375403355,24.548408958053976,13.872812651813263,4,available,0
18.54071033981772,73.75892681844635,route_6,18.67826540463728,73.72096512473394,18.635913870368796,73.72321747318321,15.809921128651443,11.23525460236117,5,available,0
18.54071033981772,73.75892681844635,route_7,18.48171712665482,73.76327581278754,18.582646840333684,73.98496711376072,6.575754752492671,24.279087569046045,8,offline,0
18.54071033981772,73.75892681844635,route_8,18.462018133622998,73.99743939448328,18.407198691898518,73.95179965975407,26.62932594768638,25.182660385377993,9,available,0
18.54071033981772,73.75892681844635,route_9,18.549459685890337,73.70258117726151,18.610627112704925,73.96214979226147,6.019157250536603,22.787339300433093,5,busy,0
18.54071033981772,73.75892681844635,route_10,18.439797083860952,73.76732376630396,18.665889926544153,73.70933023255468,11.25592699902504,14.868309933558104,2,offline,0
18.54071033981772,73.75892681844635,route_11,18.497604458866828,73.7819760813979,18.461176023724313,73.76985624446678,5.374051156917674,8.918589995018394,8,busy,1
18.54071033981772,73.75892681844635,route_12,18.452053246881384,73.73083884114426,18.49490139783674,73.95247713709313,10.29355927688579,21.03361289444965,2,available,0
18.54071033981772,73.75892681844635,route_13,18.61434052948725,73.95910897281446,18.595381819679304,73.79004004237743,22.63218893554646,6.907386100615663,3,busy,0
18.54071033981772,73.75892681844635,route_14,18.498697930986943,73.95439593981811,18.410949644255314,73.80825612427586,21.13242482625494,15.337983478651868,8,busy,0
18.67887788855055,73.85900811009752,route_0,18.614850109927637,73.86302144126736,18.619617102629167,73.82669921131617,7.1321093896356045,7.416763998051704,6,offline,1
18.67887788855055,73.85900811009752,route_1,18.490846892322832,73.97446070300018,18.433331378744178,73.95982508422698,24.191225741456897,29.298922893702482,7,offline,0
18.67887788855055,73.85900811009752,route_2,18.45104358908976,73.76409496144304,18.416815889015137,73.86571283980354,27.237947258144217,29.148535562795946,9,available,0
18.67887788855055,73.85900811009752,route_3,18.4684825752409,73.901965564234,18.530653191461774,73.70973295381015,23.82902462722133,22.78425210258945,5,busy,0
18.67887788855055,73.85900811009752,route_4,18.408602136415862,73.87587082059603,18.520230326309324,73.82979563386353,30.105823135492265,17.90742548854427,2,busy,0
18.67887788855055,73.85900811009752,route_5,18.431769736584847,73.96139224313882,18.616715114950075,73.86330375403355,29.520824365525836,6.926985559451599,1,available,0
18.67887788855055,73.85900811009752,route_6,18.67826540463728,73.72096512473394,18.635913870368796,73.72321747318321,14.541372962225271,15.08236005181649,4,available,0
18.67887788855055,73.85900811009752,route_7,18.48171712665482,73.76327581278754,18.582646840333684,73.98496711376072,24.1337986929463,17.048336996984307,9,offline,0
18.67887788855055,73.85900811009752,route_8,18.462018133622998,73.99743939448328,18.407198691898518,73.95179965975407,28.18473276215337,31.753704571773866,3,available,0
18.67887788855055,73.85900811009752,route_9,18.549459685890337,73.70258117726151,18.610627112704925,73.96214979226147,21.881791075066346,13.254633900049875,6,busy,0
18.67887788855055,73.85900811009752,route_10,18.439797083860952,73.76732376630396,18.665889926544153,73.70933023255468,28.286829296058137,15.833390236943265,4,offline,0
18.67887788855055,73.85900811009752,route_11,18.497604458866828,73.7819760813979,18.461176023724313,73.76985624446678,21.730297053204108,25.967303826151245,8,busy,0
18.67887788855055,73.85900811009752,route_12,18.452053246881384,73.73083884114426,18.49490139783674,73.95247713709313,28.612227830045637,22.705612817356794,9,available,0
18.67887788855055,73.85900811009752,route_13,18.61434052948725,73.95910897281446,18.595381819679304,73.79004004237743,12.756396502773498,11.790023426195692,3,busy,0
18.67887788855055,73.85900811009752,route_14,18.498697930986943,73.95439593981811,18.410949644255314,73.80825612427586,22.415929618320536,30.268875112223945,4,busy,0
18.601233814527138,73.7254882937172,route_0,18.614850109927637,73.86302144126736,18.619617102629167,73.82669921131617,14.572394509208971,10.859782614369323,6,offline,0
18.601233814527138,73.7254882937172,route_1,18.490846892322832,73.97446070300018,18.433331378744178,73.95982508422698,28.975075798118933,30.968554625994113,5,offline,0
18.601233814527138,73.7254882937172,route_2,18.45104358908976,73.76409496144304,18.416815889015137,73.86571283980354,17.1892768905102,25.28096847668915,9,available,0
18.601233814527138,73.7254882937172,route_3,18.4684825752409,73.901965564234,18.530653191461774,73.70973295381015,23.74994957999367,8.021995684122608,4,busy,0
18.601233814527138,73.7254882937172,route_4,18.408602136415862,73.87587082059603,18.520230326309324,73.82979563386353,26.650562324684184,14.21348195388601,6,busy,0
18.601233814527138,73.7254882937172,route_5,18.431769736584847,73.96139224313882,18.616715114950075,73.86330375403355,31.205188966523774,14.62486293626469,2,available,0
18.601233814527138,73.7254882937172,route_6,18.67826540463728,73.72096512473394,18.635913870368796,73.72321747318321,8.578769616556347,3.86366334570912,5,available,0
18.601233814527138,73.7254882937172,route_7,18.48171712665482,73.76327581278754,18.582646840333684,73.98496711376072,13.873878006445791,27.424984419363344,6,offline,0
18.601233814527138,73.7254882937172,route_8,18.462018133622998,73.99743939448328,18.407198691898518,73.95179965975407,32.58363658512316,32.171193218963666,2,available,0
18.601233814527138,73.7254882937172,route_9,18.549459685890337,73.70258117726151,18.610627112704925,73.96214979226147,6.242828929366435,24.962045586952257,9,busy,1
18.601233814527138,73.7254882937172,route_10,18.439797083860952,73.76732376630396,18.665889926544153,73.70933023255468,18.484942166991576,7.388266476670525,8,offline,0
18.601233814527138,73.7254882937172,route_11,18.497604458866828,73.7819760813979,18.461176023724313,73.76985624446678,12.97077750037059,16.261039940604636,9,busy,0
18.601233814527138,73.7254882937172,route_12,18.452053246881384,73.73083884114426,18.49490139783674,73.95247713709313,16.5977116717488,26.69069845358023,3,available,0
18.601233814527138,73.7254882937172,route_13,18.61434052948725,73.95910897281446,18.595381819679304,73.79004004237743,24.66256260194734,6.834034981440644,6,busy,0
18.601233814527138,73.7254882937172,route_14,18.498697930986943,73.95439593981811,18.410949644255314,73.80825612427586,26.688900336960895,22.88790518898236,6,busy,0
18.522059803861453,73.71301801086102,route_0,18.614850109927637,73.86302144126736,18.619617102629167,73.82669921131617,18.88003553022399,16.16349268867975,4,offline,0
18.522059803861453,73.71301801086102,route_1,18.490846892322832,73.97446070300018,18.433331378744178,73.95982508422698,27.785389371428636,27.83601786475952,6,offline,0
18.522059803861453,73.71301801086102,route_2,18.45104358908976,73.76409496144304,18.416815889015137,73.86571283980354,9.558793635590302,19.907303382693854,5,available,0
18.522059803861453,73.71301801086102,route_3,18.4684825752409,73.901965564234,18.530653191461774,73.70973295381015,20.796421114527305,1.0163751476153706,7,busy,0
18.522059803861453,73.71301801086102,route_4,18.408602136415862,73.87587082059603,18.520230326309324,73.82979563386353,21.31149334757628,12.314216581097178,8,busy,0
18.522059803861453,73.71301801086102,route_5,18.431769736584847,73.96139224313882,18.616715114950075,73.86330375403355,28.052414785137408,19.018866906803332,9,available,0
18.522059803861453,73.71301801086102,route_6,18.67826540463728,73.72096512473394,18.635913870368796,73.72321747318321,17.389450651348344,12.705555403267427,5,available,0
18.522059803861453,73.71301801086102,route_7,18.48171712665482,73.76327581278754,18.582646840333684,73.98496711376072,6.943248513390624,29.448875142277473,3,offline,0
18.522059803861453,73.71301801086102,route_8,18.462018133622998,73.99743939448328,18.407198691898518,73.95179965975407,30.727349794013453,28.2378895956134,1,available,0
18.522059803861453,73.71301801086102,route_9,18.549459685890337,73.70258117726151,18.610627112704925,73.96214979226147,3.2393298234971843,28.04636338179278,7,busy,1
18.522059803861453,73.71301801086102,route_10,18.439797083860952,73.76732376630396,18.665889926544153,73.70933023255468,10.792174551994583,15.997901718476859,7,offline,0
18.522059803861453,73.71301801086102,route_11,18.497604458866828,73.7819760813979,18.461176023724313,73.76985624446678,7.762984657292716,9.042028584643996,7,busy,0
18.522059803861453,73.71301801086102,route_12,18.452053246881384,73.73083884114426,18.49490139783674,73.95247713709313,8.00801764988693,25.42936973838993,4,available,0
18.522059803861453,73.71301801086102,route_13,18.61434052948725,73.95910897281446,18.595381819679304,73.79004004237743,27.895442009687002,11.506155091516403,9,busy,0
18.522059803861453,73.71301801086102,route_14,18.498697930986943,73.95439593981811,18.410949644255314,73.80825612427586,25.583688378794612,15.922916606328329,6,busy,0
18.482365144597793,73.84159259981894,route_0,18.614850109927637,73.86302144126736,18.619617102629167,73.82669921131617,14.903851172661694,15.342265339109348,7,offline,0
18.482365144597793,73.84159259981894,route_1,18.490846892322832,73.97446070300018,18.433331378744178,73.95982508422698,14.043579143680317,13.610360354754759,8,offline,0
18.482365144597793,73.84159259981894,route_2,18.45104358908976,73.76409496144304,18.416815889015137,73.86571283980354,8.884701788043236,7.72002198110723,4,available,0
18.482365144597793,73.84159259981894,route_3,18.4684825752409,73.901965564234,18.530653191461774,73.70973295381015,6.551622320165142,14.904663558718255,1,busy,0
18.482365144597793,73.84159259981894,route_4,18.408602136415862,73.87587082059603,18.520230326309324,73.82979563386353,8.96368250030161,4.390336623503938,1,busy,0
18.482365144597793,73.84159259981894,route_5,18.431769736584847,73.96139224313882,18.616715114950075,73.86330375403355,13.831740163777791,15.11334344033062,8,available,0
18.482365144597793,73.84159259981894,route_6,18.67826540463728,73.72096512473394,18.635913870368796,73.72321747318321,25.222028772786896,21.14760524493487,6,available,0
18.482365144597793,73.84159259981894,route_7,18.48171712665482,73.76327581278754,18.582646840333684,73.98496711376072,8.259589541906033,18.78371273928931,8,offline,0
18.482365144597793,73.84159259981894,route_8,18.462018133622998,73.99743939448328,18.407198691898518,73.95179965975407,16.59150507640018,14.317735571514351,8,available,0
18.482365144597793,73.84159259981894,route_9,18.549459685890337,73.70258117726151,18.610627112704925,73.96214979226147,16.446709690800105,19.103125334475525,9,busy,0
18.482365144597793,73.84159259981894,route_10,18.439797083860952,73.76732376630396,18.665889926544153,73.70933023255468,9.152364317820869,24.71424470884145,2,offline,0
18.482365144597793,73.84159259981894,route_11,18.497604458866828,73.7819760813979,18.461176023724313,73.76985624446678,6.511222088419166,7.924140022501366,4,busy,1
18.482365144597793,73.84159259981894,route_12,18.452053246881384,73.73083884114426,18.49490139783674,73.95247713709313,12.157638017569504,11.776208889742078,6,available,0
18.482365144597793,73.84159259981894,route_13,18.61434052948725,73.95910897281446,18.595381819679304,73.79004004237743,19.204924794929333,13.691779508773235,2,busy,0
18.482365144597793,73.84159259981894,route_14,18.498697930986943,73.95439593981811,18.410949644255314,73.80825612427586,12.033468280740529,8.684762102022384,5,busy,0
18.431260673276224,73.85335305157696,route_0,18.614850109927637,73.86302144126736,18.619617102629167,73.82669921131617,20.43964946891739,21.1319671472602,7,offline,0
18.431260673276224,73.85335305157696,route_1,18.490846892322832,73.97446070300018,18.433331378744178,73.95982508422698,14.389697758869097,11.234136742119576,3,offline,0
18.431260673276224,73.85335305157696,route_2,18.45104358908976,73.76409496144304,18.416815889015137,73.86571283980354,9.668941971357269,2.0688149130877886,6,available,0
18.431260673276224,73.85335305157696,route_3,18.4684825752409,73.901965564234,18.530653191461774,73.70973295381015,6.589609869140075,18.749778151399404,1,busy,0
18.431260673276224,73.85335305157696,route_4,18.408602136415862,73.87587082059603,18.520230326309324,73.82979563386353,3.462849832450798,10.200168543307955,2,busy,1
18.431260673276224,73.85335305157696,route_5,18.431769736584847,73.96139224313882,18.616715114950075,73.86330375403355,11.39728944386939,20.64826379614957,3,available,0
18.431260673276224,73.85335305157696,route_6,18.67826540463728,73.72096512473394,18.635913870368796,73.72321747318321,30.8078500964155,26.572357835344818,8,available,0
18.431260673276224,73.85335305157696,route_7,18.48171712665482,73.76327581278754,18.582646840333684,73.98496711376072,11.033842826197883,21.816521276809976,4,offline,0
18.431260673276224,73.85335305157696,route_8,18.462018133622998,73.99743939448328,18.407198691898518,73.95179965975407,15.578510125030224,10.725057355915226,2,available,0
18.431260673276224,73.85335305157696,route_9,18.549459685890337,73.70258117726151,18.610627112704925,73.96214979226147,20.62860105006857,23.008131310271164,3,busy,0
18.431260673276224,73.85335305157696,route_10,18.439797083860952,73.76732376630396,18.665889926544153,73.70933023255468,9.124598591771722,30.185770981327096,9,offline,0
18.431260673276224,73.85335305157696,route_11,18.497604458866828,73.7819760813979,18.461176023724313,73.76985624446678,10.540157509137872,9.414638789811903,4,busy,0
18.431260673276224,73.85335305157696,route_12,18.452053246881384,73.73083884114426,18.49490139783674,73.95247713709313,13.12855403003461,12.624552013553494,9,available,0
18.431260673276224,73.85335305157696,route_13,18.61434052948725,73.95910897281446,18.595381819679304,73.79004004237743,23.211203850817736,19.432131842832977,8,busy,0
18.431260673276224,73.85335305157696,route_14,18.498697930986943,73.95439593981811,18.410949644255314,73.80825612427586,13.030825165584686,5.266452999307815,2,busy,0
18.69342653110238,73.72431343395323,route_0,18.614850109927637,73.86302144126736,18.619617102629167,73.82669921131617,17.026184643505527,13.553901596605032,7,offline,0
18.69342653110238,73.72431343395323,route_1,18.490846892322832,73.97446070300018,18.433331378744178,73.95982508422698,34.67630080569428,38.114680426401,8,offline,0
18.69342653110238,73.72431343395323,route_2,18.45104358908976,73.76409496144304,18.416815889015137,73.86571283980354,27.275985910209503,34.179117668855596,5,available,0
18.69342653110238,73.72431343395323,route_3,18.4684825752409,73.901965564234,18.530653191461774,73.70973295381015,31.244699069951963,18.16466906107067,7,busy,0
18.69342653110238,73.72431343395323,route_4,18.408602136415862,73.87587082059603,18.520230326309324,73.82979563386353,35.472673736794036,22.236386870147562,1,busy,0
18.69342653110238,73.72431343395323,route_5,18.431769736584847,73.96139224313882,18.616715114950075,73.86330375403355,38.35411430277175,16.94632448528793,5,available,0
18.69342653110238,73.72431343395323,route_6,18.67826540463728,73.72096512473394,18.635913870368796,73.72321747318321,1.7223379325544803,6.396158216869279,7,available,1
18.69342653110238,73.72431343395323,route_7,18.48171712665482,73.76327581278754,18.582646840333684,73.98496711376072,23.896484432225687,30.09938792004633,5,offline,0
18.69342653110238,73.72431343395323,route_8,18.462018133622998,73.99743939448328,18.407198691898518,73.95179965975407,38.61135873981766,39.85039686081675,2,available,0
18.69342653110238,73.72431343395323,route_9,18.549459685890337,73.70258117726151,18.610627112704925,73.96214979226147,16.171346873318704,26.695122536907583,5,busy,0
18.69342653110238,73.72431343395323,route_10,18.439797083860952,73.76732376630396,18.665889926544153,73.70933023255468,28.564380386897405,3.4447691441637995,5,offline,0
18.69342653110238,73.72431343395323,route_11,18.497604458866828,73.7819760813979,18.461176023724313,73.76985624446678,22.606546966153065,26.26741571452995,3,busy,0
18.69342653110238,73.72431343395323,route_12,18.452053246881384,73.73083884114426,18.49490139783674,73.95247713709313,26.84829618254703,32.642453771569436,2,available,0
18.69342653110238,73.72431343395323,route_13,18.61434052948725,73.95910897281446,18.595381819679304,73.79004004237743,26.253212346241096,12.915486199930832,2,busy,0
18.69342653110238,73.72431343395323,route_14,18.498697930986943,73.95439593981811,18.410949644255314,73.80825612427586,32.508816359401195,32.63267758640213,3,busy,0
18.521003324541223,73.93018849364283,route_0,18.614850109927637,73.86302144126736,18.619617102629167,73.82669921131617,12.610302706620843,15.467079573433551,2,offline,0
18.521003324541223,73.93018849364283,route_1,18.490846892322832,73.97446070300018,18.433331378744178,73.95982508422698,5.7477955712181785,10.237469928373692,1,offline,0
18.521003324541223,73.93018849364283,route_2,18.45104358908976,73.76409496144304,18.416815889015137,73.86571283980354,19.165548486696505,13.433405502661046,6,available,0
18.521003324541223,73.93018849364283,route_3,18.4684825752409,73.901965564234,18.530653191461774,73.70973295381015,6.5546650124269785,23.268011880615635,5,busy,0
18.521003324541223,73.93018849364283,route_4,18.408602136415862,73.87587082059603,18.520230326309324,73.82979563386353,13.748870059089445,10.585378098286325,9,busy,0
18.521003324541223,73.93018849364283,route_5,18.431769736584847,73.96139224313882,18.616715114950075,73.86330375403355,10.45381150076632,12.765964171110419,1,available,0
18.521003324541223,73.93018849364283,route_6,18.67826540463728,73.72096512473394,18.635913870368796,73.72321747318321,28.141878258508196,25.28141397068215,1,available,0
18.521003324541223,73.93018849364283,route_7,18.48171712665482,73.76327581278754,18.582646840333684,73.98496711376072,18.13461272033026,8.96266119446627,1,offline,0
18.521003324541223,73.93018849364283,route_8,18.462018133622998,73.99743939448328,18.407198691898518,73.95179965975407,9.659879749087663,12.858139088010939,8,available,0
18.521003324541223,73.93018849364283,route_9,18.549459685890337,73.70258117726151,18.610627112704925,73.96214979226147,24.20369219800601,10.519763575092734,4,busy,0
18.521003324541223,73.93018849364283,route_10,18.439797083860952,73.76732376630396,18.665889926544153,73.70933023255468,19.404784557321996,28.308089327408354,5,offline,0
18.521003324541223,73.93018849364283,route_11,18.497604458866828,73.7819760813979,18.461176023724313,73.76985624446678,15.843071983955099,18.1693857617529,5,busy,0
18.521003324541223,73.93018849364283,route_12,18.452053246881384,73.73083884114426,18.49490139783674,73.95247713709313,22.377234688284588,3.734619297876852,3,available,0
18.521003324541223,73.93018849364283,route_13,18.61434052948725,73.95910897281446,18.595381819679304,73.79004004237743,10.817056088464664,16.93092516545699,8,busy,0
18.521003324541223,73.93018849364283,route_14,18.498697930986943,73.95439593981811,18.410949644255314,73.80825612427586,3.559055076828662,17.7521315163408,7,busy,1
18.622819046705263,73.92283223832779,route_0,18.614850109927637,73.86302144126736,18.619617102629167,73.82669921131617,6.364570805707771,10.136166608118408,6,offline,0
18.622819046705263,73.92283223832779,route_1,18.490846892322832,73.97446070300018,18.433331378744178,73.95982508422698,15.651326746813098,21.428004115416716,7,offline,0
18.622819046705263,73.92283223832779,route_2,18.45104358908976,73.76409496144304,18.416815889015137,73.86571283980354,25.39473540778155,23.684977330225532,6,available,0
18.622819046705263,73.92283223832779,route_3,18.4684825752409,73.901965564234,18.530653191461774,73.70973295381015,17.301843516500053,24.688542800438757,1,busy,0
18.622819046705263,73.92283223832779,route_4,18.408602136415862,73.87587082059603,18.520230326309324,73.82979563386353,24.329045967707685,15.043096540884207,4,busy,0
18.622819046705263,73.92283223832779,route_5,18.431769736584847,73.96139224313882,18.616715114950075,73.86330375403355,21.629223391614588,6.309414619303756,4,available,0
18.622819046705263,73.92283223832779,route_6,18.67826540463728,73.72096512473394,18.635913870368796,73.72321747318321,22.143465856088426,21.083516677922358,2,available,0
18.622819046705263,73.92283223832779,route_7,18.48171712665482,73.76327581278754,18.582646840333684,73.98496711376072,23.00171278100003,7.926618705997801,9,offline,0
18.622819046705263,73.92283223832779,route_8,18.462018133622998,73.99743939448328,18.407198691898518,73.95179965975407,19.53370937407089,24.169652094902673,2,available,0
18.622819046705263,73.92283223832779,route_9,18.549459685890337,73.70258117726151,18.610627112704925,73.96214979226147,24.60499881476438,4.359310895379949,6,busy,0
18.622819046705263,73.92283223832779,route_10,18.439797083860952,73.76732376630396,18.665889926544153,73.70933023255468,26.13368264657341,22.99866042946537,1,offline,0
18.622819046705263,73.92283223832779,route_11,18.497604458866828,73.7819760813979,18.461176023724313,73.76985624446678,20.35474456914989,24.148414313692573,9,busy,0
18.622819046705263,73.92283223832779,route_12,18.452053246881384,73.73083884114426,18.49490139783674,73.95247713709313,27.75345734269077,14.563020371736094,6,available,0
18.622819046705263,73.92283223832779,route_13,18.61434052948725,73.95910897281446,18.595381819679304,73.79004004237743,3.9372192653064864,14.322537551875186,4,busy,1
18.622819046705263,73.92283223832779,route_14,18.498697930986943,73.95439593981811,18.410949644255314,73.80825612427586,14.197016663789196,26.475663175044783,6,busy,0
18.50011229289563,73.90523787446807,route_0,18.614850109927637,73.86302144126736,18.619617102629167,73.82669921131617,13.512117715744383,15.656306445946267,4,offline,0
18.50011229289563,73.90523787446807,route_1,18.490846892322832,73.97446070300018,18.433331378744178,73.95982508422698,7.37200215458004,9.396125929299949,2,offline,0
18.50011229289563,73.90523787446807,route_2,18.45104358908976,73.76409496144304,18.416815889015137,73.86571283980354,15.85393272929659,10.157101886585599,4,available,0
18.50011229289563,73.90523787446807,route_3,18.4684825752409,73.901965564234,18.530653191461774,73.70973295381015,3.5339537527591935,20.891761312238685,6,busy,1
18.50011229289563,73.90523787446807,route_4,18.408602136415862,73.87587082059603,18.520230326309324,73.82979563386353,10.636487643810469,8.263378537017568,3,busy,0
18.50011229289563,73.90523787446807,route_5,18.431769736584847,73.96139224313882,18.616715114950075,73.86330375403355,9.634680877825923,13.698457108504094,2,available,0
18.50011229289563,73.90523787446807,route_6,18.67826540463728,73.72096512473394,18.635913870368796,73.72321747318321,27.74179811634375,24.415838918314073,9,available,0
18.50011229289563,73.90523787446807,route_7,18.48171712665482,73.76327581278754,18.582646840333684,73.98496711376072,15.109610250085423,12.444855594571383,1,offline,0
18.50011229289563,73.90523787446807,route_8,18.462018133622998,73.99743939448328,18.407198691898518,73.95179965975407,10.606190880112532,11.439419122523656,3,available,0
18.50011229289563,73.90523787446807,route_9,18.549459685890337,73.70258117726151,18.610627112704925,73.96214979226147,22.06013283519284,13.67494086792467,2,busy,0
18.50011229289563,73.90523787446807,route_10,18.439797083860952,73.76732376630396,18.665889926544153,73.70933023255468,16.017170640995513,27.679341738580643,7,offline,0
18.50011229289563,73.90523787446807,route_11,18.497604458866828,73.7819760813979,18.461176023724313,73.76985624446678,13.000882996472324,14.919450102708602,4,busy,0
18.50011229289563,73.90523787446807,route_12,18.452053246881384,73.73083884114426,18.49490139783674,73.95247713709313,19.15332991127628,5.014980598461086,1,available,0
18.50011229289563,73.90523787446807,route_13,18.61434052948725,73.95910897281446,18.595381819679304,73.79004004237743,13.913257325853628,16.115228941223034,1,busy,0
18.50011229289563,73.90523787446807,route_14,18.498697930986943,73.95439593981811,18.410949644255314,73.80825612427586,5.186061166167753,14.245481076688042,3,busy,0
18.48524541103613,73.93476017638586,route_0,18.614850109927637,73.86302144126736,18.619617102629167,73.82669921131617,16.27513807591784,18.788584860333756,8,offline,0
18.48524541103613,73.93476017638586,route_1,18.490846892322832,73.97446070300018,18.433331378744178,73.95982508422698,4.232742274889593,6.34915350640913,3,offline,0
18.48524541103613,73.93476017638586,route_2,18.45104358908976,73.76409496144304,18.416815889015137,73.86571283980354,18.397160367681494,10.532793368369905,3,available,0
18.48524541103613,73.93476017638586,route_3,18.4684825752409,73.901965564234,18.530653191461774,73.70973295381015,3.9289088181417924,24.259004318700196,6,busy,0
18.48524541103613,73.93476017638586,route_4,18.408602136415862,73.87587082059603,18.520230326309324,73.82979563386353,10.545897369061485,11.731939397221643,7,busy,0
18.48524541103613,73.93476017638586,route_5,18.431769736584847,73.96139224313882,18.616715114950075,73.86330375403355,6.576324885683261,16.445379149382976,7,available,0
18.48524541103613,73.93476017638586,route_6,18.67826540463728,73.72096512473394,18.635913870368796,73.72321747318321,31.11941416129533,27.891355546201744,8,available,0
18.48524541103613,73.93476017638586,route_7,18.48171712665482,73.76327581278754,18.582646840333684,73.98496711376072,18.088814831607703,12.054823149933522,7,offline,0
18.48524541103613,73.93476017638586,route_8,18.462018133622998,73.99743939448328,18.407198691898518,73.95179965975407,7.097102207259738,8.862567434616187,6,available,0
18.48524541103613,73.93476017638586,route_9,18.549459685890337,73.70258117726151,18.610627112704925,73.96214979226147,25.500570699363784,14.237663776269526,5,busy,0
18.48524541103613,73.93476017638586,route_10,18.439797083860952,73.76732376630396,18.665889926544153,73.70933023255468,18.368682740463253,31.113544604895015,8,offline,0
18.48524541103613,73.93476017638586,route_11,18.497604458866828,73.7819760813979,18.461176023724313,73.76985624446678,16.170205740743306,17.59636574501602,9,busy,0
18.48524541103613,73.93476017638586,route_12,18.452053246881384,73.73083884114426,18.49490139783674,73.95247713709313,21.821575109530645,2.154882735556464,2,available,0
18.48524541103613,73.93476017638586,route_13,18.61434052948725,73.95910897281446,18.595381819679304,73.79004004237743,14.582404658437701,19.56410811345555,7,busy,0
18.48524541103613,73.93476017638586,route_14,18.498697930986943,73.95439593981811,18.410949644255314,73.80825612427586,2.5544517789119037,15.69409194991232,3,busy,1
18.52173084549509,73.9466197472887,route_0,18.614850109927637,73.86302144126736,18.619617102629167,73.82669921131617,13.59637785425511,16.68074074552693,5,offline,0
18.52173084549509,73.9466197472887,route_1,18.490846892322832,73.97446070300018,18.433331378744178,73.95982508422698,4.517916295048851,9.927739783760753,3,offline,0
18.52173084549509,73.9466197472887,route_2,18.45104358908976,73.76409496144304,18.416815889015137,73.86571283980354,20.79151305707704,14.45368353225141,6,available,0
18.52173084549509,73.9466197472887,route_3,18.4684825752409,73.901965564234,18.530653191461774,73.70973295381015,7.565110401609022,24.99529550226422,8,busy,0
18.52173084549509,73.9466197472887,route_4,18.408602136415862,73.87587082059603,18.520230326309324,73.82979563386353,14.625995565825034,12.31857977287137,8,busy,0
18.52173084549509,73.9466197472887,route_5,18.431769736584847,73.96139224313882,18.616715114950075,73.86330375403355,10.123813779797496,13.735889794327546,6,available,0
18.52173084549509,73.9466197472887,route_6,18.67826540463728,73.72096512473394,18.635913870368796,73.72321747318321,29.470365585490406,26.75156984453482,8,available,0
18.52173084549509,73.9466197472887,route_7,18.48171712665482,73.76327581278754,18.582646840333684,73.98496711376072,19.838574009551213,7.888115421688144,1,offline,0
18.52173084549509,73.9466197472887,route_8,18.462018133622998,73.99743939448328,18.407198691898518,73.95179965975407,8.532672180479187,12.747107353356892,9,available,0
18.52173084549509,73.9466197472887,route_9,18.549459685890337,73.70258117726151,18.610627112704925,73.96214979226147,25.912308149921202,10.019445222915408,2,busy,0
18.52173084549509,73.9466197472887,route_10,18.439797083860952,73.76732376630396,18.665889926544153,73.70933023255468,20.989065659395205,29.70454687505,9,offline,0
18.52173084549509,73.9466197472887,route_11,18.497604458866828,73.7819760813979,18.461176023724313,73.76985624446678,17.5665519021187,19.81928166653085,8,busy,0
18.52173084549509,73.9466197472887,route_12,18.452053246881384,73.73083884114426,18.49490139783674,73.95247713709313,24.038393241940376,3.046560333681096,1,available,0
18.52173084549509,73.9466197472887,route_13,18.61434052948725,73.95910897281446,18.595381819679304,73.79004004237743,10.381532655140964,18.425545420305486,8,busy,0
18.52173084549509,73.9466197472887,route_14,18.498697930986943,73.95439593981811,18.410949644255314,73.80825612427586,2.6891928270281564,19.097129462819314,8,busy,1
18.407900516942195,73.97970652872016,route_0,18.614850109927637,73.86302144126736,18.619617102629167,73.82669921131617,26.0943644059612,28.53935105144426,2,offline,0
18.407900516942195,73.97970652872016,route_1,18.490846892322832,73.97446070300018,18.433331378744178,73.95982508422698,9.239799179960073,3.5207423363221504,2,offline,0
18.407900516942195,73.97970652872016,route_2,18.45104358908976,73.76409496144304,18.416815889015137,73.86571283980354,23.245723244675887,12.067421886192271,7,available,0
18.407900516942195,73.97970652872016,route_3,18.4684825752409,73.901965564234,18.530653191461774,73.70973295381015,10.612722241383105,31.576052399588956,1,busy,0
18.407900516942195,73.97970652872016,route_4,18.408602136415862,73.87587082059603,18.520230326309324,73.82979563386353,10.955478851282345,20.149633884424134,2,busy,0
18.407900516942195,73.97970652872016,route_5,18.431769736584847,73.96139224313882,18.616715114950075,73.86330375403355,3.2829150262188764,26.263471242717063,8,available,1
18.407900516942195,73.97970652872016,route_6,18.67826540463728,73.72096512473394,18.635913870368796,73.72321747318321,40.593522292182335,37.06944661773497,1,available,0
18.407900516942195,73.97970652872016,route_7,18.48171712665482,73.76327581278754,18.582646840333684,73.98496711376072,24.260396526754864,19.43882165828054,9,offline,0
18.407900516942195,73.97970652872016,route_8,18.462018133622998,73.99743939448328,18.407198691898518,73.95179965975407,6.301648559473855,2.945364227002907,5,available,0
18.407900516942195,73.97970652872016,route_9,18.549459685890337,73.70258117726151,18.610627112704925,73.96214979226147,33.19542846938567,22.61805587579633,6,busy,0
18.407900516942195,73.97970652872016,route_10,18.439797083860952,73.76732376630396,18.665889926544153,73.70933023255468,22.684424759182292,40.44090131707696,3,offline,0
18.407900516942195,73.97970652872016,route_11,18.497604458866828,73.7819760813979,18.461176023724313,73.76985624446678,23.11867639187545,22.91583876551566,5,busy,0
18.407900516942195,73.97970652872016,route_12,18.452053246881384,73.73083884114426,18.49490139783674,73.95247713709313,26.708616037429906,10.091404338400158,1,available,0
18.407900516942195,73.97970652872016,route_13,18.61434052948725,73.95910897281446,18.595381819679304,73.79004004237743,23.057595285650425,28.88930499106547,1,busy,0
18.407900516942195,73.97970652872016,route_14,18.498697930986943,73.95439593981811,18.410949644255314,73.80825612427586,10.443216766266861,18.09195258310861,3,busy,0
18.66640374233351,73.73515630472833,route_0,18.614850109927637,73.86302144126736,18.619617102629167,73.82669921131617,14.641013735013289,10.958617042724859,6,offline,0
18.66640374233351,73.73515630472833,route_1,18.490846892322832,73.97446070300018,18.433331378744178,73.95982508422698,31.894463949651,35.10841099013904,1,offline,0
18.66640374233351,73.73515630472833,route_2,18.45104358908976,73.76409496144304,18.416815889015137,73.86571283980354,24.14046904808662,30.978412799143392,5,available,0
18.66640374233351,73.73515630472833,route_3,18.4684825752409,73.901965564234,18.530653191461774,73.70973295381015,28.169171997218196,15.33071693213189,9,busy,0
18.66640374233351,73.73515630472833,route_4,18.408602136415862,73.87587082059603,18.520230326309324,73.82979563386353,32.27734739688414,19.07007428769184,7,busy,0
18.66640374233351,73.73515630472833,route_5,18.431769736584847,73.96139224313882,18.616715114950075,73.86330375403355,35.34811619942441,14.588523803739038,9,available,0
18.66640374233351,73.73515630472833,route_6,18.67826540463728,73.72096512473394,18.635913870368796,73.72321747318321,1.9936052423887833,3.6161268435342633,1,available,1
18.66640374233351,73.73515630472833,route_7,18.48171712665482,73.76327581278754,18.582646840333684,73.98496711376072,20.748992869608625,27.92203070723706,4,offline,0
18.66640374233351,73.73515630472833,route_8,18.462018133622998,73.99743939448328,18.407198691898518,73.95179965975407,35.789077614895874,36.77475075118234,9,available,0
18.66640374233351,73.73515630472833,route_9,18.549459685890337,73.70258117726151,18.610627112704925,73.96214979226147,13.449074403120028,24.70782811917538,1,busy,0
18.66640374233351,73.73515630472833,route_10,18.439797083860952,73.76732376630396,18.665889926544153,73.70933023255468,25.42465694609386,2.7212738254556674,2,offline,0
18.66640374233351,73.73515630472833,route_11,18.497604458866828,73.7819760813979,18.461176023724313,73.76985624446678,19.407478202607887,23.11155527525175,3,busy,0
18.66640374233351,73.73515630472833,route_12,18.452053246881384,73.73083884114426,18.49490139783674,73.95247713709313,23.839032318237045,29.80484773248129,9,available,0
18.66640374233351,73.73515630472833,route_13,18.61434052948725,73.95910897281446,18.595381819679304,73.79004004237743,24.295895205525877,9.788252754144064,9,busy,0
18.66640374233351,73.73515630472833,route_14,18.498697930986943,73.95439593981811,18.410949644255314,73.80825612427586,29.693430124084575,29.432058324272358,4,busy,0
18.69763231490646,73.92551838202789,route_0,18.614850109927637,73.86302144126736,18.619617102629167,73.82669921131617,11.317368938953159,13.551228929949785,4,offline,0
18.69763231490646,73.92551838202789,route_1,18.490846892322832,73.97446070300018,18.433331378744178,73.95982508422698,23.564934322580072,29.610568737447217,3,offline,0
18.69763231490646,73.92551838202789,route_2,18.45104358908976,73.76409496144304,18.416815889015137,73.86571283980354,32.269441988315215,31.855414805661756,5,available,0
18.69763231490646,73.92551838202789,route_3,18.4684825752409,73.901965564234,18.530653191461774,73.70973295381015,25.600926609377545,29.35656799089972,8,busy,0
18.69763231490646,73.92551838202789,route_4,18.408602136415862,73.87587082059603,18.520230326309324,73.82979563386353,32.56203866052033,22.15578235609956,6,busy,0
18.69763231490646,73.92551838202789,route_5,18.431769736584847,73.96139224313882,18.616715114950075,73.86330375403355,29.803433783343927,11.131790887366499,7,available,0
18.69763231490646,73.92551838202789,route_6,18.67826540463728,73.72096512473394,18.635913870368796,73.72321747318321,21.653451545489364,22.38924724316162,3,available,0
18.69763231490646,73.92551838202789,route_7,18.48171712665482,73.76327581278754,18.582646840333684,73.98496711376072,29.475447459523924,14.237625339892402,7,offline,0
18.69763231490646,73.92551838202789,route_8,18.462018133622998,73.99743939448328,18.407198691898518,73.95179965975407,27.273721599773786,32.413363198186445,7,available,0
18.69763231490646,73.92551838202789,route_9,18.549459685890337,73.70258117726151,18.610627112704925,73.96214979226147,28.69333267910404,10.415874857909852,1,busy,0
18.69763231490646,73.92551838202789,route_10,18.439797083860952,73.76732376630396,18.665889926544153,73.70933023255468,33.16644245403455,23.044371749805208,1,offline,0
18.69763231490646,73.92551838202789,route_11,18.497604458866828,73.7819760813979,18.461176023724313,73.76985624446678,26.899024534833707,30.99176120449451,3,busy,0
18.69763231490646,73.92551838202789,route_12,18.452053246881384,73.73083884114426,18.49490139783674,73.95247713709313,34.157556460301166,22.7209871115731,2,available,0
18.69763231490646,73.92551838202789,route_13,18.61434052948725,73.95910897281446,18.595381819679304,73.79004004237743,9.914691838489208,18.248587234269696,1,busy,1
18.69763231490646,73.92551838202789,route_14,18.498697930986943,73.95439593981811,18.410949644255314,73.80825612427586,22.328865857101018,34.19042026600625,5,busy,0
18.64261812080775,73.96316424634885,route_0,18.614850109927637,73.86302144126736,18.619617102629167,73.82669921131617,10.994441575011193,14.604703523283161,8,offline,0
18.64261812080775,73.96316424634885,route_1,18.490846892322832,73.97446070300018,18.433331378744178,73.95982508422698,16.91814566245182,23.274286391579455,2,offline,0
18.64261812080775,73.96316424634885,route_2,18.45104358908976,73.76409496144304,18.416815889015137,73.86571283980354,29.902944541040462,27.128892929391785,5,available,0
18.64261812080775,73.96316424634885,route_3,18.4684825752409,73.901965564234,18.530653191461774,73.70973295381015,20.409401613567425,29.46946821654738,4,busy,0
18.64261812080775,73.96316424634885,route_4,18.408602136415862,73.87587082059603,18.520230326309324,73.82979563386353,27.601068501744145,19.565206329658345,7,busy,0
18.64261812080775,73.96316424634885,route_5,18.431769736584847,73.96139224313882,18.616715114950075,73.86330375403355,23.446014886700592,10.909262500032693,1,available,0
18.64261812080775,73.96316424634885,route_6,18.67826540463728,73.72096512473394,18.635913870368796,73.72321747318321,25.821618735093427,25.29242854662476,6,available,0
18.64261812080775,73.96316424634885,route_7,18.48171712665482,73.76327581278754,18.582646840333684,73.98496711376072,27.64162622437317,7.053208047543922,3,offline,0
18.64261812080775,73.96316424634885,route_8,18.462018133622998,73.99743939448328,18.407198691898518,73.95179965975407,20.404257993893292,26.204854206044377,4,available,0
18.64261812080775,73.96316424634885,route_9,18.549459685890337,73.70258117726151,18.610627112704925,73.96214979226147,29.351389563408247,3.5588434916816802,8,busy,0
18.64261812080775,73.96316424634885,route_10,18.439797083860952,73.76732376630396,18.665889926544153,73.70933023255468,30.575912350518298,26.86718343421525,3,offline,0
18.64261812080775,73.96316424634885,route_11,18.497604458866828,73.7819760813979,18.461176023724313,73.76985624446678,24.995017229249008,28.675895514737242,3,busy,0
18.64261812080775,73.96316424634885,route_12,18.452053246881384,73.73083884114426,18.49490139783674,73.95247713709313,32.38594935208297,16.4639334779685,3,available,0
18.64261812080775,73.96316424634885,route_13,18.61434052948725,73.95910897281446,18.595381819679304,73.79004004237743,3.1732262025563003,18.98408438129902,9,busy,1
18.64261812080775,73.96316424634885,route_14,18.498697930986943,73.95439593981811,18.410949644255314,73.80825612427586,16.02986088046215,30.501477669969088,4,busy,0
18.69741218112579,73.83039315891993,route_0,18.614850109927637,73.86302144126736,18.619617102629167,73.82669921131617,9.802929333886752,8.659167281643146,4,offline,1
18.69741218112579,73.83039315891993,route_1,18.490846892322832,73.97446070300018,18.433331378744178,73.95982508422698,27.533798454287776,32.379123504197516,8,offline,0
18.69741218112579,73.83039315891993,route_2,18.45104358908976,73.76409496144304,18.416815889015137,73.86571283980354,28.272160001366924,31.42223975202607,9,available,0
18.69741218112579,73.83039315891993,route_3,18.4684825752409,73.901965564234,18.530653191461774,73.70973295381015,26.550018468804144,22.4834182757834,9,busy,0
18.69741218112579,73.83039315891993,route_4,18.408602136415862,73.87587082059603,18.520230326309324,73.82979563386353,32.47007403993376,19.701823974052953,7,busy,0
18.69741218112579,73.83039315891993,route_5,18.431769736584847,73.96139224313882,18.616715114950075,73.86330375403355,32.606324270766834,9.619666180458003,3,available,0
18.69741218112579,73.83039315891993,route_6,18.67826540463728,73.72096512473394,18.635913870368796,73.72321747318321,11.721309290867667,13.199911799690385,8,available,0
18.69741218112579,73.83039315891993,route_7,18.48171712665482,73.76327581278754,18.582646840333684,73.98496711376072,25.005584336586317,20.690418597931732,2,offline,0
18.69741218112579,73.83039315891993,route_8,18.462018133622998,73.99743939448328,18.407198691898518,73.95179965975407,31.545250836355628,34.71548560966934,2,available,0
18.69741218112579,73.83039315891993,route_9,18.549459685890337,73.70258117726151,18.610627112704925,73.96214979226147,21.26117253593703,16.90581457582583,5,busy,0
18.69741218112579,73.83039315891993,route_10,18.439797083860952,73.76732376630396,18.665889926544153,73.70933023255468,29.406784241195123,13.22527038724317,6,offline,0
18.69741218112579,73.83039315891993,route_11,18.497604458866828,73.7819760813979,18.461176023724313,73.76985624446678,22.796020190569404,27.032079890495815,3,busy,0
18.69741218112579,73.83039315891993,route_12,18.452053246881384,73.73083884114426,18.49490139783674,73.95247713709313,29.231026932242344,25.93474546220904,6,available,0
18.69741218112579,73.83039315891993,route_13,18.61434052948725,73.95910897281446,18.595381819679304,73.79004004237743,16.407697025482104,12.11571029994136,3,busy,0
18.69741218112579,73.83039315891993,route_14,18.498697930986943,73.95439593981811,18.410949644255314,73.80825612427586,25.67134015560556,31.938546035238915,6,busy,0
18.599582308494487,73.93684500998546,route_0,18.614850109927637,73.86302144126736,18.619617102629167,73.82669921131617,7.962800700437493,11.81913719484575,8,offline,0
18.599582308494487,73.93684500998546,route_1,18.490846892322832,73.97446070300018,18.433331378744178,73.95982508422698,12.724508493927628,18.644373704651283,9,offline,0
18.599582308494487,73.93684500998546,route_2,18.45104358908976,73.76409496144304,18.416815889015137,73.86571283980354,24.58734596100351,21.662609116985426,9,available,0
18.599582308494487,73.93684500998546,route_3,18.4684825752409,73.901965564234,18.530653191461774,73.70973295381015,15.034274673767793,25.136592501114734,2,busy,0
18.599582308494487,73.93684500998546,route_4,18.408602136415862,73.87587082059603,18.520230326309324,73.82979563386353,22.187997446923234,14.324439123998115,8,busy,0
18.599582308494487,73.93684500998546,route_5,18.431769736584847,73.96139224313882,18.616715114950075,73.86330375403355,18.83855324650583,7.980642665589724,1,available,0
18.599582308494487,73.93684500998546,route_6,18.67826540463728,73.72096512473394,18.635913870368796,73.72321747318321,24.370394236740204,22.87085182763767,1,available,0
18.599582308494487,73.93684500998546,route_7,18.48171712665482,73.76327581278754,18.582646840333684,73.98496711376072,22.50767625539354,5.410033053580367,6,offline,0
18.599582308494487,73.93684500998546,route_8,18.462018133622998,73.99743939448328,18.407198691898518,73.95179965975407,16.576891731041705,21.450124624070337,1,available,0
18.599582308494487,73.93684500998546,route_9,18.549459685890337,73.70258117726151,18.610627112704925,73.96214979226147,25.31324679432718,2.9359272258118745,4,busy,0
18.599582308494487,73.93684500998546,route_10,18.439797083860952,73.76732376630396,18.665889926544153,73.70933023255468,25.202140281785912,25.08071963184149,4,offline,0
18.599582308494487,73.93684500998546,route_11,18.497604458866828,73.7819760813979,18.461176023724313,73.76985624446678,19.877722298736636,23.38402494701045,5,busy,0
18.599582308494487,73.93684500998546,route_12,18.452053246881384,73.73083884114426,18.49490139783674,73.95247713709313,27.218694312535636,11.756060640590936,1,available,0
18.599582308494487,73.93684500998546,route_13,18.61434052948725,73.95910897281446,18.595381819679304,73.79004004237743,2.863186815609375,15.478617841799462,7,busy,1
18.599582308494487,73.93684500998546,route_14,18.498697930986943,73.95439593981811,18.410949644255314,73.80825612427586,11.369386170933067,24.97598926638873,1,busy,0
18.408775656450647,73.80664457092068,route_0,18.614850109927637,73.86302144126736,18.619617102629167,73.82669921131617,23.672934966141522,23.539666640461338,9,offline,0
18.408775656450647,73.80664457092068,route_1,18.490846892322832,73.97446070300018,18.433331378744178,73.95982508422698,19.91517100263765,16.38918078440476,8,offline,0
18.408775656450647,73.80664457092068,route_2,18.45104358908976,73.76409496144304,18.416815889015137,73.86571283980354,6.499051810806219,6.295644890897376,1,available,0
18.408775656450647,73.80664457092068,route_3,18.4684825752409,73.901965564234,18.530653191461774,73.70973295381015,12.049163193682054,16.974400861403623,2,busy,0
18.408775656450647,73.80664457092068,route_4,18.408602136415862,73.87587082059603,18.520230326309324,73.82979563386353,7.303732232557419,12.631445992417406,1,busy,0
18.408775656450647,73.80664457092068,route_5,18.431769736584847,73.96139224313882,18.616715114950075,73.86330375403355,16.524539948385435,23.88114746240403,1,available,0
18.408775656450647,73.80664457092068,route_6,18.67826540463728,73.72096512473394,18.635913870368796,73.72321747318321,31.297611394322153,26.74450585305588,4,available,0
18.408775656450647,73.80664457092068,route_7,18.48171712665482,73.76327581278754,18.582646840333684,73.98496711376072,9.311882455652427,26.970198449865602,7,offline,0
18.408775656450647,73.80664457092068,route_8,18.462018133622998,73.99743939448328,18.407198691898518,73.95179965975407,20.9793276615929,15.31563529733161,9,available,0
18.408775656450647,73.80664457092068,route_9,18.549459685890337,73.70258117726151,18.610627112704925,73.96214979226147,19.10911463437577,27.796219170329767,9,busy,0
18.408775656450647,73.80664457092068,route_10,18.439797083860952,73.76732376630396,18.665889926544153,73.70933023255468,5.394976403673586,30.374868677291126,7,offline,1
18.408775656450647,73.80664457092068,route_11,18.497604458866828,73.7819760813979,18.461176023724313,73.76985624446678,10.214281854890661,7.00072595747521,4,busy,0
18.408775656450647,73.80664457092068,route_12,18.452053246881384,73.73083884114426,18.49490139783674,73.95247713709313,9.33314341430545,18.11975771105371,2,available,0
18.408775656450647,73.80664457092068,route_13,18.61434052948725,73.95910897281446,18.595381819679304,73.79004004237743,27.944915205530634,20.82340033614147,4,busy,0
18.408775656450647,73.80664457092068,route_14,18.498697930986943,73.95439593981811,18.410949644255314,73.80825612427586,18.5162532850354,0.2955421972326233,8,busy,0
18.640943946982897,73.97395804387622,route_0,18.614850109927637,73.86302144126736,18.619617102629167,73.82669921131617,12.044082122960218,15.696581560152566,6,offline,0
18.640943946982897,73.97395804387622,route_1,18.490846892322832,73.97446070300018,18.433331378744178,73.95982508422698,16.69011508458319,23.133497322316728,7,offline,0
18.640943946982897,73.97395804387622,route_2,18.45104358908976,73.76409496144304,18.416815889015137,73.86571283980354,30.583458103322037,27.410652170374714,6,available,0
18.640943946982897,73.97395804387622,route_3,18.4684825752409,73.901965564234,18.530653191461774,73.70973295381015,20.623894428361957,30.428984673406624,4,busy,0
18.640943946982897,73.97395804387622,route_4,18.408602136415862,73.87587082059603,18.520230326309324,73.82979563386353,27.828210494942084,20.274249009776536,9,busy,0
18.640943946982897,73.97395804387622,route_5,18.431769736584847,73.96139224313882,18.616715114950075,73.86330375403355,23.296807677741068,11.966763968569595,4,available,0
18.640943946982897,73.97395804387622,route_6,18.67826540463728,73.72096512473394,18.635913870368796,73.72321747318321,26.973970983349517,26.424753635706868,6,available,0
18.640943946982897,73.97395804387622,route_7,18.48171712665482,73.76327581278754,18.582646840333684,73.98496711376072,28.402093811797965,6.585337680834125,7,offline,0
18.640943946982897,73.97395804387622,route_8,18.462018133622998,73.99743939448328,18.407198691898518,73.95179965975407,20.04903667490009,26.09607266036005,1,available,0
18.640943946982897,73.97395804387622,route_9,18.549459685890337,73.70258117726151,18.610627112704925,73.96214979226147,30.355635077372984,3.5933718414653986,8,busy,0
18.640943946982897,73.97395804387622,route_10,18.439797083860952,73.76732376630396,18.665889926544153,73.70933023255468,31.221963888874058,28.017228889373996,4,offline,0
18.640943946982897,73.97395804387622,route_11,18.497604458866828,73.7819760813979,18.461176023724313,73.76985624446678,25.75922148395317,29.368401570141963,1,busy,0
18.640943946982897,73.97395804387622,route_12,18.452053246881384,73.73083884114426,18.49490139783674,73.95247713709313,33.13658283894007,16.39628211776114,1,available,0
18.640943946982897,73.97395804387622,route_13,18.61434052948725,73.95910897281446,18.595381819679304,73.79004004237743,3.3464691193799574,20.03175163648721,2,busy,1
18.640943946982897,73.97395804387622,route_14,18.498697930986943,73.95439593981811,18.410949644255314,73.80825612427586,15.95087055377679,30.97183468823418,7,busy,0
18.51354180206506,73.96424059135668,route_0,18.614850109927637,73.86302144126736,18.619617102629167,73.82669921131617,15.515675675158267,18.689903690318683,2,offline,0
18.51354180206506,73.96424059135668,route_1,18.490846892322832,73.97446070300018,18.433331378744178,73.95982508422698,2.744039534822876,8.931141048950634,8,offline,0
18.51354180206506,73.96424059135668,route_2,18.45104358908976,73.76409496144304,18.416815889015137,73.86571283980354,22.221905320276477,14.95551921767809,7,available,0
18.51354180206506,73.96424059135668,route_3,18.4684825752409,73.901965564234,18.530653191461774,73.70973295381015,8.2602301591994,26.901424092058257,9,busy,0
18.51354180206506,73.96424059135668,route_4,18.408602136415862,73.87587082059603,18.520230326309324,73.82979563386353,14.93430568094922,14.195154274256996,4,busy,0
18.51354180206506,73.96424059135668,route_5,18.431769736584847,73.96139224313882,18.616715114950075,73.86330375403355,9.097599824298728,15.646599432913076,4,available,0
18.51354180206506,73.96424059135668,route_6,18.67826540463728,73.72096512473394,18.635913870368796,73.72321747318321,31.509263537411076,28.819122709544068,2,available,0
18.51354180206506,73.96424059135668,route_7,18.48171712665482,73.76327581278754,18.582646840333684,73.98496711376072,21.485212173875304,7.988738945825131,9,offline,0
18.51354180206506,73.96424059135668,route_8,18.462018133622998,73.99743939448328,18.407198691898518,73.95179965975407,6.714205534079972,11.897397241854865,6,available,0
18.51354180206506,73.96424059135668,route_9,18.549459685890337,73.70258117726151,18.610627112704925,73.96214979226147,27.874193898829287,10.797643455304765,9,busy,0
18.51354180206506,73.96424059135668,route_10,18.439797083860952,73.76732376630396,18.665889926544153,73.70933023255468,22.32774421425608,31.760814859590393,8,offline,0
18.51354180206506,73.96424059135668,route_11,18.497604458866828,73.7819760813979,18.461176023724313,73.76985624446678,19.300474442329012,21.31005206990884,2,busy,0
18.51354180206506,73.96424059135668,route_12,18.452053246881384,73.73083884114426,18.49490139783674,73.95247713709313,25.54635179038897,2.4155292753497437,2,available,0
18.51354180206506,73.96424059135668,route_13,18.61434052948725,73.95910897281446,18.595381819679304,73.79004004237743,11.221352101600196,20.49456851882723,5,busy,0
18.51354180206506,73.96424059135668,route_14,18.498697930986943,73.95439593981811,18.410949644255314,73.80825612427586,1.9498581387958915,20.02009634050332,8,busy,1
18.67460133287943,73.82317529224706,route_0,18.614850109927637,73.86302144126736,18.619617102629167,73.82669921131617,7.859245806891874,6.125229892228407,4,offline,1
18.67460133287943,73.82317529224706,route_1,18.490846892322832,73.97446070300018,18.433331378744178,73.95982508422698,25.91788394561724,30.45069933498728,3,offline,0
18.67460133287943,73.82317529224706,route_2,18.45104358908976,73.76409496144304,18.416815889015137,73.86571283980354,25.626705755717,29.01308243678342,6,available,0
18.67460133287943,73.82317529224706,route_3,18.4684825752409,73.901965564234,18.530653191461774,73.70973295381015,24.377606001067754,19.978179694897648,4,busy,0
18.67460133287943,73.82317529224706,route_4,18.408602136415862,73.87587082059603,18.520230326309324,73.82979563386353,30.094942191133743,17.17944660912972,4,busy,0
18.67460133287943,73.82317529224706,route_5,18.431769736584847,73.96139224313882,18.616715114950075,73.86330375403355,30.6819351157051,7.701007393586007,1,available,0
18.67460133287943,73.82317529224706,route_6,18.67826540463728,73.72096512473394,18.635913870368796,73.72321747318321,10.774487246594502,11.375604533212298,9,available,0
18.67460133287943,73.82317529224706,route_7,18.48171712665482,73.76327581278754,18.582646840333684,73.98496711376072,22.35766586150335,19.879098357040018,6,offline,0
18.67460133287943,73.82317529224706,route_8,18.462018133622998,73.99743939448328,18.407198691898518,73.95179965975407,29.93606374028996,32.67987291995862,1,available,0
18.67460133287943,73.82317529224706,route_9,18.549459685890337,73.70258117726151,18.610627112704925,73.96214979226147,18.844831030085338,16.27895781274966,3,busy,0
18.67460133287943,73.82317529224706,route_10,18.439797083860952,73.76732376630396,18.665889926544153,73.70933023255468,26.764616287422253,12.031890225110168,8,offline,0
18.67460133287943,73.82317529224706,route_11,18.497604458866828,73.7819760813979,18.461176023724313,73.76985624446678,20.154470192471976,24.38822318398787,8,busy,0
18.67460133287943,73.82317529224706,route_12,18.452053246881384,73.73083884114426,18.49490139783674,73.95247713709313,26.59153132250956,24.186571072094466,3,available,0
18.67460133287943,73.82317529224706,route_13,18.61434052948725,73.95910897281446,18.595381819679304,73.79004004237743,15.811899226307249,9.475458990311493,8,busy,0
18.67460133287943,73.82317529224706,route_14,18.498697930986943,73.95439593981811,18.410949644255314,73.80825612427586,23.955091322770265,29.35888976498593,5,busy,0
18.40222338401294,73.83080707842868,route_0,18.614850109927637,73.86302144126736,18.619617102629167,73.82669921131617,23.885775621992536,24.17695887361878,8,offline,0
18.40222338401294,73.83080707842868,route_1,18.490846892322832,73.97446070300018,18.433331378744178,73.95982508422698,18.075364916420195,14.043958614501971,8,offline,0
18.40222338401294,73.83080707842868,route_2,18.45104358908976,73.76409496144304,18.416815889015137,73.86571283980354,8.8881238518602,4.02432922529498,8,available,0
18.40222338401294,73.83080707842868,route_3,18.4684825752409,73.901965564234,18.530653191461774,73.70973295381015,10.518026414526677,19.157314171758347,4,busy,0
18.40222338401294,73.83080707842868,route_4,18.408602136415862,73.87587082059603,18.520230326309324,73.82979563386353,4.8071496145207515,13.122206936679854,4,busy,1
18.40222338401294,73.83080707842868,route_5,18.431769736584847,73.96139224313882,18.616715114950075,73.86330375403355,14.16303316824434,24.09527767311743,3,available,0
18.40222338401294,73.83080707842868,route_6,18.67826540463728,73.72096512473394,18.635913870368796,73.72321747318321,32.80618987090467,28.353393254699988,9,available,0
18.40222338401294,73.83080707842868,route_7,18.48171712665482,73.76327581278754,18.582646840333684,73.98496711376072,11.352421228311705,25.821908382809614,6,offline,0
18.40222338401294,73.83080707842868,route_8,18.462018133622998,73.99743939448328,18.407198691898518,73.95179965975407,18.79356289703323,12.777583966167539,1,available,0
18.40222338401294,73.83080707842868,route_9,18.549459685890337,73.70258117726151,18.610627112704925,73.96214979226147,21.234785151062702,26.996556042244144,5,busy,0
18.40222338401294,73.83080707842868,route_10,18.439797083860952,73.76732376630396,18.665889926544153,73.70933023255468,7.893656183306619,31.993550485395733,3,offline,0
18.40222338401294,73.83080707842868,route_11,18.497604458866828,73.7819760813979,18.461176023724313,73.76985624446678,11.79043521985487,9.182199011096685,9,busy,0
18.40222338401294,73.83080707842868,route_12,18.452053246881384,73.73083884114426,18.49490139783674,73.95247713709313,11.912975830788584,16.45923126386702,5,available,0
18.40222338401294,73.83080707842868,route_13,18.61434052948725,73.95910897281446,18.595381819679304,73.79004004237743,27.19079435623865,21.90422154660067,9,busy,0
18.40222338401294,73.83080707842868,route_14,18.498697930986943,73.95439593981811,18.410949644255314,73.80825612427586,16.882465139175235,2.56951612392732,4,busy,0
18.636138398257437,73.97536541605764,route_0,18.614850109927637,73.86302144126736,18.619617102629167,73.82669921131617,12.072178151260953,15.772276269938509,3,offline,0
18.636138398257437,73.97536541605764,route_1,18.490846892322832,73.97446070300018,18.433331378744178,73.95982508422698,16.155959808498288,22.61054864898442,5,offline,0
18.636138398257437,73.97536541605764,route_2,18.45104358908976,73.76409496144304,18.416815889015137,73.86571283980354,30.32602091138832,26.989030195329562,9,available,0
18.636138398257437,73.97536541605764,route_3,18.4684825752409,73.901965564234,18.530653191461774,73.70973295381015,20.18444150873041,30.354701915119975,6,busy,0
18.636138398257437,73.97536541605764,route_4,18.408602136415862,73.87587082059603,18.520230326309324,73.82979563386353,27.389391769302005,20.038018719687894,4,busy,0
18.636138398257437,73.97536541605764,route_5,18.431769736584847,73.96139224313882,18.616715114950075,73.86330375403355,22.77245800940238,12.003905925498985,2,available,0
18.636138398257437,73.97536541605764,route_6,18.67826540463728,73.72096512473394,18.635913870368796,73.72321747318321,27.207746977695127,26.567506300791727,9,available,0
18.636138398257437,73.97536541605764,route_7,18.48171712665482,73.76327581278754,18.582646840333684,73.98496711376072,28.189859835535337,6.033440206118731,9,offline,0
18.636138398257437,73.97536541605764,route_8,18.462018133622998,73.99743939448328,18.407198691898518,73.95179965975407,19.5006283059639,25.577901271901915,5,available,0
18.636138398257437,73.97536541605764,route_9,18.549459685890337,73.70258117726151,18.610627112704925,73.96214979226147,30.32174388403831,3.1601022637050926,6,busy,0
18.636138398257437,73.97536541605764,route_10,18.439797083860952,73.76732376630396,18.665889926544153,73.70933023255468,30.946618361675476,28.222807096469708,7,offline,0
18.636138398257437,73.97536541605764,route_11,18.497604458866828,73.7819760813979,18.461176023724313,73.76985624446678,25.55047784549822,29.117784557445116,8,busy,0
18.636138398257437,73.97536541605764,route_12,18.452053246881384,73.73083884114426,18.49490139783674,73.95247713709313,32.91683074149587,15.889073152022855,9,available,0
18.636138398257437,73.97536541605764,route_13,18.61434052948725,73.95910897281446,18.595381819679304,73.79004004237743,2.968015022210982,20.048027196854214,4,busy,1
18.636138398257437,73.97536541605764,route_14,18.498697930986943,73.95439593981811,18.410949644255314,73.80825612427586,15.44169553956762,30.617383638644114,8,busy,0
18.617772410960104,73.89749640012589,route_0,18.614850109927637,73.86302144126736,18.619617102629167,73.82669921131617,3.647369141572885,7.463105714233008,8,offline,1
18.617772410960104,73.89749640012589,route_1,18.490846892322832,73.97446070300018,18.433331378744178,73.95982508422698,16.279261280566836,21.536013095637713,5,offline,0
18.617772410960104,73.89749640012589,route_2,18.45104358908976,73.76409496144304,18.416815889015137,73.86571283980354,23.270379404885183,22.595242740395836,7,available,0
18.617772410960104,73.89749640012589,route_3,18.4684825752409,73.901965564234,18.530653191461774,73.70973295381015,16.606957059167765,22.03449355155121,5,busy,0
18.617772410960104,73.89749640012589,route_4,18.408602136415862,73.87587082059603,18.520230326309324,73.82979563386353,23.370178846088,12.983195575126578,5,busy,0
18.617772410960104,73.89749640012589,route_5,18.431769736584847,73.96139224313882,18.616715114950075,73.86330375403355,21.75205635307573,3.605014106116127,9,available,0
18.617772410960104,73.89749640012589,route_6,18.67826540463728,73.72096512473394,18.635913870368796,73.72321747318321,19.77784901366546,18.47430429887091,4,available,0
18.617772410960104,73.89749640012589,route_7,18.48171712665482,73.76327581278754,18.582646840333684,73.98496711376072,20.714204515492757,10.011574338638988,7,offline,0
18.617772410960104,73.89749640012589,route_8,18.462018133622998,73.99743939448328,18.407198691898518,73.95179965975407,20.272309631776235,24.104651459182907,6,available,0
18.617772410960104,73.89749640012589,route_9,18.549459685890337,73.70258117726151,18.610627112704925,73.96214979226147,21.90286538892542,6.859232008554169,6,busy,0
18.617772410960104,73.89749640012589,route_10,18.439797083860952,73.76732376630396,18.665889926544153,73.70933023255468,24.083120771433773,20.534686615859176,5,offline,0
18.617772410960104,73.89749640012589,route_11,18.497604458866828,73.7819760813979,18.461176023724313,73.76985624446678,18.07852328819461,22.0063012845114,7,busy,0
18.617772410960104,73.89749640012589,route_12,18.452053246881384,73.73083884114426,18.49490139783674,73.95247713709313,25.46119599794,14.841096632092258,5,available,0
18.617772410960104,73.89749640012589,route_13,18.61434052948725,73.95910897281446,18.595381819679304,73.79004004237743,6.503758991726894,11.594535649309812,4,busy,0
18.617772410960104,73.89749640012589,route_14,18.498697930986943,73.95439593981811,18.410949644255314,73.80825612427586,14.535665346370973,24.84813677528798,7,busy,0
18.49226216960956,73.7881770320363,route_0,18.614850109927637,73.86302144126736,18.619617102629167,73.82669921131617,15.749826489199418,14.731945209702127,6,offline,0
18.49226216960956,73.7881770320363,route_1,18.490846892322832,73.97446070300018,18.433331378744178,73.95982508422698,19.64498376993532,19.25342122234164,1,offline,0
18.49226216960956,73.7881770320363,route_2,18.45104358908976,73.76409496144304,18.416815889015137,73.86571283980354,5.2399832110875355,11.715918558228216,8,available,0
18.49226216960956,73.7881770320363,route_3,18.4684825752409,73.901965564234,18.530653191461774,73.70973295381015,12.28809600072414,9.30792356380463,3,busy,0
18.49226216960956,73.7881770320363,route_4,18.408602136415862,73.87587082059603,18.520230326309324,73.82979563386353,13.118613512090104,5.3786855838323575,5,busy,0
18.49226216960956,73.7881770320363,route_5,18.431769736584847,73.96139224313882,18.616715114950075,73.86330375403355,19.468316203859743,15.944387001522063,8,available,0
18.49226216960956,73.7881770320363,route_6,18.67826540463728,73.72096512473394,18.635913870368796,73.72321747318321,21.862110096319185,17.379114159202484,1,available,0
18.49226216960956,73.7881770320363,route_7,18.48171712665482,73.76327581278754,18.582646840333684,73.98496711376072,2.875895605751347,23.05288565636858,8,offline,0
18.49226216960956,73.7881770320363,route_8,18.462018133622998,73.99743939448328,18.407198691898518,73.95179965975407,22.324162066313676,19.680801531790546,9,available,0
18.49226216960956,73.7881770320363,route_9,18.549459685890337,73.70258117726151,18.610627112704925,73.96214979226147,11.040785883019273,22.573690380232648,8,busy,0
18.49226216960956,73.7881770320363,route_10,18.439797083860952,73.76732376630396,18.665889926544153,73.70933023255468,6.234671246542903,21.019168989709726,6,offline,0
18.49226216960956,73.7881770320363,route_11,18.497604458866828,73.7819760813979,18.461176023724313,73.76985624446678,0.8834398572804896,3.9599878200668117,9,busy,1
18.49226216960956,73.7881770320363,route_12,18.452053246881384,73.73083884114426,18.49490139783674,73.95247713709313,7.520572872122797,17.328379405856044,5,available,0
18.49226216960956,73.7881770320363,route_13,18.61434052948725,73.95910897281446,18.595381819679304,73.79004004237743,22.55990090040225,11.468063834812064,6,busy,0
18.49226216960956,73.7881770320363,route_14,18.498697930986943,73.95439593981811,18.410949644255314,73.80825612427586,17.54264532614256,9.286280577382914,4,busy,0
18.61662286169514,73.8857909731216,route_0,18.614850109927637,73.86302144126736,18.619617102629167,73.82669921131617,2.4074752257450154,6.235737440812045,7,offline,1
18.61662286169514,73.8857909731216,route_1,18.490846892322832,73.97446070300018,18.433331378744178,73.95982508422698,16.82165445935008,21.824685891404986,6,offline,0
18.61662286169514,73.8857909731216,route_2,18.45104358908976,73.76409496144304,18.416815889015137,73.86571283980354,22.441009240684206,22.318153715762392,2,available,0
18.61662286169514,73.8857909731216,route_3,18.4684825752409,73.901965564234,18.530653191461774,73.70973295381015,16.56046929928321,20.87457703943821,3,busy,0
18.61662286169514,73.8857909731216,route_4,18.408602136415862,73.87587082059603,18.520230326309324,73.82979563386353,23.15448734354294,12.236017195919631,9,busy,0
18.61662286169514,73.8857909731216,route_5,18.431769736584847,73.96139224313882,18.616715114950075,73.86330375403355,22.046147828501645,2.369651503591479,5,available,0
18.61662286169514,73.8857909731216,route_6,18.67826540463728,73.72096512473394,18.635913870368796,73.72321747318321,18.66944261628737,17.264272596964176,7,available,0
18.61662286169514,73.8857909731216,route_7,18.48171712665482,73.76327581278754,18.582646840333684,73.98496711376072,19.79473181036619,11.113741197490556,8,offline,0
18.61662286169514,73.8857909731216,route_8,18.462018133622998,73.99743939448328,18.407198691898518,73.95179965975407,20.834673863143557,24.304777159636807,9,available,0
18.61662286169514,73.8857909731216,route_9,18.549459685890337,73.70258117726151,18.610627112704925,73.96214979226147,20.703736186337668,8.074157756051516,7,busy,0
18.61662286169514,73.8857909731216,route_10,18.439797083860952,73.76732376630396,18.665889926544153,73.70933023255468,23.29384745747856,19.382458283062565,9,offline,0
18.61662286169514,73.8857909731216,route_11,18.497604458866828,73.7819760813979,18.461176023724313,73.76985624446678,17.172805269009896,21.169661957025696,9,busy,0
18.61662286169514,73.8857909731216,route_12,18.452053246881384,73.73083884114426,18.49490139783674,73.95247713709313,24.53032570801747,15.251473896490513,6,available,0
18.61662286169514,73.8857909731216,route_13,18.61434052948725,73.95910897281446,18.595381819679304,73.79004004237743,7.730230901983625,10.363289705792486,3,busy,0
18.61662286169514,73.8857909731216,route_14,18.498697930986943,73.95439593981811,18.410949644255314,73.80825612427586,14.974699294702852,24.287115293398973,5,busy,0
18.47929658686264,73.89611367399802,route_0,18.614850109927637,73.86302144126736,18.619617102629167,73.82669921131617,15.471308263204596,17.23362879801912,3,offline,0
18.47929658686264,73.89611367399802,route_1,18.490846892322832,73.97446070300018,18.433331378744178,73.95982508422698,8.361544308939115,8.442852077455994,3,offline,0
18.47929658686264,73.89611367399802,route_2,18.45104358908976,73.76409496144304,18.416815889015137,73.86571283980354,14.27404966369393,7.6518756599081845,5,available,0
18.47929658686264,73.89611367399802,route_3,18.4684825752409,73.901965564234,18.530653191461774,73.70973295381015,1.3515972147257085,20.465901488637105,8,busy,1
18.47929658686264,73.89611367399802,route_4,18.408602136415862,73.87587082059603,18.520230326309324,73.82979563386353,8.145711406029049,8.343958912305995,8,busy,0
18.47929658686264,73.89611367399802,route_5,18.431769736584847,73.96139224313882,18.616715114950075,73.86330375403355,8.67964876220465,15.666814767979359,9,available,0
18.47929658686264,73.89611367399802,route_6,18.67826540463728,73.72096512473394,18.635913870368796,73.72321747318321,28.814616484970102,25.20821846524125,4,available,0
18.47929658686264,73.89611367399802,route_7,18.48171712665482,73.76327581278754,18.582646840333684,73.98496711376072,14.011769048329953,14.826398150162126,1,offline,0
18.47929658686264,73.89611367399802,route_8,18.462018133622998,73.99743939448328,18.407198691898518,73.95179965975407,10.857837956319734,9.938532947245397,2,available,0
18.47929658686264,73.89611367399802,route_9,18.549459685890337,73.70258117726151,18.610627112704925,73.96214979226147,21.846615374272666,16.17775748706624,4,busy,0
18.47929658686264,73.89611367399802,route_10,18.439797083860952,73.76732376630396,18.665889926544153,73.70933023255468,14.276359270425898,28.602360032409344,9,offline,0
18.47929658686264,73.89611367399802,route_11,18.497604458866828,73.7819760813979,18.461176023724313,73.76985624446678,12.207420848627681,13.467584708210973,4,busy,0
18.47929658686264,73.89611367399802,route_12,18.452053246881384,73.73083884114426,18.49490139783674,73.95247713709313,17.692784901952017,6.191999119841224,5,available,0
18.47929658686264,73.89611367399802,route_13,18.61434052948725,73.95910897281446,18.595381819679304,73.79004004237743,16.41915372811207,17.078518923799567,8,busy,0
18.47929658686264,73.89611367399802,route_14,18.498697930986943,73.95439593981811,18.410949644255314,73.80825612427586,6.513809194123567,11.985108355991047,4,busy,0
18.603056130322823,73.93124144396819,route_0,18.614850109927637,73.86302144126736,18.619617102629167,73.82669921131617,7.307761688305798,11.169510097276477,7,offline,0
18.603056130322823,73.93124144396819,route_1,18.490846892322832,73.97446070300018,18.433331378744178,73.95982508422698,13.28294481233157,19.111654989933033,9,offline,0
18.603056130322823,73.93124144396819,route_2,18.45104358908976,73.76409496144304,18.416815889015137,73.86571283980354,24.418603333204228,21.831232505876784,2,available,0
18.603056130322823,73.93124144396819,route_3,18.4684825752409,73.901965564234,18.530653191461774,73.70973295381015,15.278888457550565,24.697692071370366,3,busy,0
18.603056130322823,73.93124144396819,route_4,18.408602136415862,73.87587082059603,18.520230326309324,73.82979563386353,22.396708692460827,14.112797940919029,2,busy,0
18.603056130322823,73.93124144396819,route_5,18.431769736584847,73.96139224313882,18.616715114950075,73.86330375403355,19.30966573487355,7.318666276436652,4,available,0
18.603056130322823,73.93124144396819,route_6,18.67826540463728,73.72096512473394,18.635913870368796,73.72321747318321,23.680925920577653,22.222916525680247,3,available,0
18.603056130322823,73.93124144396819,route_7,18.48171712665482,73.76327581278754,18.582646840333684,73.98496711376072,22.261914830259304,6.100084649130456,2,offline,0
18.603056130322823,73.93124144396819,route_8,18.462018133622998,73.99743939448328,18.407198691898518,73.95179965975407,17.165549867361168,21.88597538142194,8,available,0
18.603056130322823,73.93124144396819,route_9,18.549459685890337,73.70258117726151,18.610627112704925,73.96214979226147,24.82709273444658,3.364242254004164,7,busy,0
18.603056130322823,73.93124144396819,route_10,18.439797083860952,73.76732376630396,18.665889926544153,73.70933023255468,25.06483019401584,24.403380932853192,1,offline,0
18.603056130322823,73.93124144396819,route_11,18.497604458866828,73.7819760813979,18.461176023724313,73.76985624446678,19.62367965647876,23.203280028402727,5,busy,0
18.603056130322823,73.93124144396819,route_12,18.452053246881384,73.73083884114426,18.49490139783674,73.95247713709313,26.988062713941087,12.23283950707915,4,available,0
18.603056130322823,73.93124144396819,route_13,18.61434052948725,73.95910897281446,18.595381819679304,73.79004004237743,3.19355658479649,14.905312927322827,4,busy,1
18.603056130322823,73.93124144396819,route_14,18.498697930986943,73.95439593981811,18.410949644255314,73.80825612427586,11.858040202303673,24.989511137165184,5,busy,0
18.628441170148182,73.78849339141607,route_0,18.614850109927637,73.86302144126736,18.619617102629167,73.82669921131617,7.997379634299055,4.143674770175275,2,offline,1
18.628441170148182,73.78849339141607,route_1,18.490846892322832,73.97446070300018,18.433331378744178,73.95982508422698,24.86700669931134,28.230666683639285,9,offline,0
18.628441170148182,73.78849339141607,route_2,18.45104358908976,73.76409496144304,18.416815889015137,73.86571283980354,19.892707544969078,24.900296845010203,2,available,0
18.628441170148182,73.78849339141607,route_3,18.4684825752409,73.901965564234,18.530653191461774,73.70973295381015,21.434891205820445,13.680116241535064,6,busy,0
18.628441170148182,73.78849339141607,route_4,18.408602136415862,73.87587082059603,18.520230326309324,73.82979563386353,26.123431944637545,12.795814224187597,1,busy,0
18.628441170148182,73.78849339141607,route_5,18.431769736584847,73.96139224313882,18.616715114950075,73.86330375403355,28.469891023805445,7.99010192826678,4,available,0
18.628441170148182,73.78849339141607,route_6,18.67826540463728,73.72096512473394,18.635913870368796,73.72321747318321,9.017100750114338,6.92794489742577,9,available,0
18.628441170148182,73.78849339141607,route_7,18.48171712665482,73.76327581278754,18.582646840333684,73.98496711376072,16.530118242573412,21.322076290990296,7,offline,0
18.628441170148182,73.78849339141607,route_8,18.462018133622998,73.99743939448328,18.407198691898518,73.95179965975407,28.768907518583035,30.028199250719258,2,available,0
18.628441170148182,73.78849339141607,route_9,18.549459685890337,73.70258117726151,18.610627112704925,73.96214979226147,12.614105199106918,18.405930472857783,6,busy,0
18.628441170148182,73.78849339141607,route_10,18.439797083860952,73.76732376630396,18.665889926544153,73.70933023255468,21.09466584347781,9.322180112485144,3,offline,0
18.628441170148182,73.78849339141607,route_11,18.497604458866828,73.7819760813979,18.461176023724313,73.76985624446678,14.564589627939252,18.70252297296794,5,busy,0
18.628441170148182,73.78849339141607,route_12,18.452053246881384,73.73083884114426,18.49490139783674,73.95247713709313,20.533661247796736,22.787817003511723,2,available,0
18.628441170148182,73.78849339141607,route_13,18.61434052948725,73.95910897281446,18.595381819679304,73.79004004237743,18.046650377200574,3.6796434509064566,7,busy,0
18.628441170148182,73.78849339141607,route_14,18.498697930986943,73.95439593981811,18.410949644255314,73.80825612427586,22.670515727750246,24.27355578430628,8,busy,0
18.53824578609095,73.86452351341856,route_0,18.614850109927637,73.86302144126736,18.619617102629167,73.82669921131617,8.519483362905953,9.88743420593929,5,offline,1
18.53824578609095,73.86452351341856,route_1,18.490846892322832,73.97446070300018,18.433331378744178,73.95982508422698,12.73370201484155,15.398124319586087,8,offline,0
18.53824578609095,73.86452351341856,route_2,18.45104358908976,73.76409496144304,18.416815889015137,73.86571283980354,14.358882694202986,13.50297106890234,4,available,0
18.53824578609095,73.86452351341856,route_3,18.4684825752409,73.901965564234,18.530653191461774,73.70973295381015,8.70423760683884,16.341012225011696,3,busy,0
18.53824578609095,73.86452351341856,route_4,18.408602136415862,73.87587082059603,18.520230326309324,73.82979563386353,14.465305718806302,4.173568517016584,1,busy,0
18.53824578609095,73.86452351341856,route_5,18.431769736584847,73.96139224313882,18.616715114950075,73.86330375403355,15.637587549853126,8.726338373212634,9,available,0
18.53824578609095,73.86452351341856,route_6,18.67826540463728,73.72096512473394,18.635913870368796,73.72321747318321,21.708951192912416,18.43214224516612,3,available,0
18.53824578609095,73.86452351341856,route_7,18.48171712665482,73.76327581278754,18.582646840333684,73.98496711376072,12.38883480679893,13.622320991581063,7,offline,0
18.53824578609095,73.86452351341856,route_8,18.462018133622998,73.99743939448328,18.407198691898518,73.95179965975407,16.379485243880197,17.235476990490675,9,available,0
18.53824578609095,73.86452351341856,route_9,18.549459685890337,73.70258117726151,18.610627112704925,73.96214979226147,17.117719135697733,13.06381345232202,3,busy,0
18.53824578609095,73.86452351341856,route_10,18.439797083860952,73.76732376630396,18.665889926544153,73.70933023255468,14.996811243831923,21.65509656812693,9,offline,0
18.53824578609095,73.86452351341856,route_11,18.497604458866828,73.7819760813979,18.461176023724313,73.76985624446678,9.806897911317096,13.156461407679243,3,busy,0
18.53824578609095,73.86452351341856,route_12,18.452053246881384,73.73083884114426,18.49490139783674,73.95247713709313,17.04669328166715,10.451356848564304,4,available,0
18.53824578609095,73.86452351341856,route_13,18.61434052948725,73.95910897281446,18.595381819679304,73.79004004237743,13.076112462072198,10.099688999899053,7,busy,0
18.53824578609095,73.86452351341856,route_14,18.498697930986943,73.95439593981811,18.410949644255314,73.80825612427586,10.446585354175763,15.348286743013302,2,busy,0
18.634553533242563,73.85443786265577,route_0,18.614850109927637,73.86302144126736,18.619617102629167,73.82669921131617,2.3702728486591615,3.361750916510992,1,offline,1
18.634553533242563,73.85443786265577,route_1,18.490846892322832,73.97446070300018,18.433331378744178,73.95982508422698,20.381515641059547,24.98167227255324,7,offline,0
18.634553533242563,73.85443786265577,route_2,18.45104358908976,73.76409496144304,18.416815889015137,73.86571283980354,22.5186352329356,24.240487143349547,1,available,0
18.634553533242563,73.85443786265577,route_3,18.4684825752409,73.901965564234,18.530653191461774,73.70973295381015,19.13386209629733,19.13339480229754,8,busy,0
18.634553533242563,73.85443786265577,route_4,18.408602136415862,73.87587082059603,18.520230326309324,73.82979563386353,25.226070810938506,12.974786151147825,6,busy,0
18.634553533242563,73.85443786265577,route_5,18.431769736584847,73.96139224313882,18.616715114950075,73.86330375403355,25.210804991822997,2.1925291944498455,6,available,0
18.634553533242563,73.85443786265577,route_6,18.67826540463728,73.72096512473394,18.635913870368796,73.72321747318321,14.877977901459095,13.826890849912582,1,available,0
18.634553533242563,73.85443786265577,route_7,18.48171712665482,73.76327581278754,18.582646840333684,73.98496711376072,19.523396475471824,14.917242483961635,1,offline,0
18.634553533242563,73.85443786265577,route_8,18.462018133622998,73.99743939448328,18.407198691898518,73.95179965975407,24.39926948578928,27.285397434424805,7,available,0
18.634553533242563,73.85443786265577,route_9,18.549459685890337,73.70258117726151,18.610627112704925,73.96214979226147,18.592276561331968,11.657583046054013,9,busy,0
18.634553533242563,73.85443786265577,route_10,18.439797083860952,73.76732376630396,18.665889926544153,73.70933023255468,23.522892269764288,15.680008458398815,7,offline,0
18.634553533242563,73.85443786265577,route_11,18.497604458866828,73.7819760813979,18.461176023724313,73.76985624446678,17.03622854903897,21.240826653195533,6,busy,0
18.634553533242563,73.85443786265577,route_12,18.452053246881384,73.73083884114426,18.49490139783674,73.95247713709313,24.116230602786942,18.65297473253371,4,available,0
18.634553533242563,73.85443786265577,route_13,18.61434052948725,73.95910897281446,18.595381819679304,73.79004004237743,11.256071440263907,8.063697582761872,4,busy,0
18.634553533242563,73.85443786265577,route_14,18.498697930986943,73.95439593981811,18.410949644255314,73.80825612427586,18.417913077026267,25.33590704134582,5,busy,0
18.548600668180892,73.82938047415816,route_0,18.614850109927637,73.86302144126736,18.619617102629167,73.82669921131617,8.175501516250502,7.901722221008103,6,offline,0
18.548600668180892,73.82938047415816,route_1,18.490846892322832,73.97446070300018,18.433331378744178,73.95982508422698,16.590125916133484,18.801882886176813,2,offline,0
18.548600668180892,73.82938047415816,route_2,18.45104358908976,73.76409496144304,18.416815889015137,73.86571283980354,12.847928218385261,15.146448309193886,5,available,0
18.548600668180892,73.82938047415816,route_3,18.4684825752409,73.901965564234,18.530653191461774,73.70973295381015,11.744930235051497,12.770657129807358,6,busy,0
18.548600668180892,73.82938047415816,route_4,18.408602136415862,73.87587082059603,18.520230326309324,73.82979563386353,16.32098196244838,3.1549417088379843,7,busy,0
18.548600668180892,73.82938047415816,route_5,18.431769736584847,73.96139224313882,18.616715114950075,73.86330375403355,19.04122186078881,8.37549651014513,1,available,0
18.548600668180892,73.82938047415816,route_6,18.67826540463728,73.72096512473394,18.635913870368796,73.72321747318321,18.395746897221343,14.813769655681975,3,available,0
18.548600668180892,73.82938047415816,route_7,18.48171712665482,73.76327581278754,18.582646840333684,73.98496711376072,10.192744558610544,16.83139921297462,6,offline,0
18.548600668180892,73.82938047415816,route_8,18.462018133622998,73.99743939448328,18.407198691898518,73.95179965975407,20.16743188949169,20.344591953854046,5,available,0
18.548600668180892,73.82938047415816,route_9,18.549459685890337,73.70258117726151,18.610627112704925,73.96214979226147,13.367338758908048,15.601169375646876,9,busy,0
18.548600668180892,73.82938047415816,route_10,18.439797083860952,73.76732376630396,18.665889926544153,73.70933023255468,13.754842674898402,18.169914661289695,6,offline,0
18.548600668180892,73.82938047415816,route_11,18.497604458866828,73.7819760813979,18.461176023724313,73.76985624446678,7.558796274373087,11.571374317609363,4,busy,1
18.548600668180892,73.82938047415816,route_12,18.452053246881384,73.73083884114426,18.49490139783674,73.95247713709313,14.940788327101801,14.286413929215147,4,available,0
18.548600668180892,73.82938047415816,route_13,18.61434052948725,73.95910897281446,18.595381819679304,73.79004004237743,15.504556966616834,6.652347888724811,1,busy,0
18.548600668180892,73.82938047415816,route_14,18.498697930986943,73.95439593981811,18.410949644255314,73.80825612427586,14.301290566885354,15.467373685503182,6,busy,0
18.466721368576632,73.98021933799673,route_0,18.614850109927637,73.86302144126736,18.619617102629167,73.82669921131617,20.590185892115326,23.4729031789664,4,offline,0
18.466721368576632,73.98021933799673,route_1,18.490846892322832,73.97446070300018,18.433331378744178,73.95982508422698,2.7505214152703603,4.290969919945712,5,offline,0
18.466721368576632,73.98021933799673,route_2,18.45104358908976,73.76409496144304,18.416815889015137,73.86571283980354,22.86207860189945,13.292414392078724,8,available,0
18.466721368576632,73.98021933799673,route_3,18.4684825752409,73.901965564234,18.530653191461774,73.70973295381015,8.2556478618052,29.395225046367035,3,busy,0
18.466721368576632,73.98021933799673,route_4,18.408602136415862,73.87587082059603,18.520230326309324,73.82979563386353,12.764328172795535,16.941772325518485,7,busy,0
18.466721368576632,73.98021933799673,route_5,18.431769736584847,73.96139224313882,18.616715114950075,73.86330375403355,4.364421453228126,20.738709728504357,5,available,0
18.466721368576632,73.98021933799673,route_6,18.67826540463728,73.72096512473394,18.635913870368796,73.72321747318321,36.05616660115905,32.98392608951414,8,available,0
18.466721368576632,73.98021933799673,route_7,18.48171712665482,73.76327581278754,18.582646840333684,73.98496711376072,22.940550572248604,12.900040172336302,3,offline,0
18.466721368576632,73.98021933799673,route_8,18.462018133622998,73.99743939448328,18.407198691898518,73.95179965975407,1.890007312072858,7.265924607484368,2,available,1
18.466721368576632,73.98021933799673,route_9,18.549459685890337,73.70258117726151,18.610627112704925,73.96214979226147,30.686800498630095,16.11458311247337,2,busy,0
18.466721368576632,73.98021933799673,route_10,18.439797083860952,73.76732376630396,18.665889926544153,73.70933023255468,22.654390802086535,36.13571341962292,3,offline,0
18.466721368576632,73.98021933799673,route_11,18.497604458866828,73.7819760813979,18.461176023724313,73.76985624446678,21.186838103604245,22.19576254402145,3,busy,0
18.466721368576632,73.98021933799673,route_12,18.452053246881384,73.73083884114426,18.49490139783674,73.95247713709313,26.353617217921737,4.287008952881336,8,available,0
18.466721368576632,73.98021933799673,route_13,18.61434052948725,73.95910897281446,18.595381819679304,73.79004004237743,16.564687432874873,24.631209329454432,5,busy,0
18.466721368576632,73.98021933799673,route_14,18.498697930986943,73.95439593981811,18.410949644255314,73.80825612427586,4.478726436850471,19.17056290645851,6,busy,0
18.475920046384097,73.86186513800578,route_0,18.614850109927637,73.86302144126736,18.619617102629167,73.82669921131617,15.44879915000142,16.402799475347575,4,offline,0
18.475920046384097,73.86186513800578,route_1,18.490846892322832,73.97446070300018,18.433331378744178,73.95982508422698,11.989658601369898,11.366031664090197,7,offline,0
18.475920046384097,73.86186513800578,route_2,18.45104358908976,73.76409496144304,18.416815889015137,73.86571283980354,10.676500222366645,6.584602635738987,1,available,0
18.475920046384097,73.86186513800578,route_3,18.4684825752409,73.901965564234,18.530653191461774,73.70973295381015,4.309327613788708,17.157527108763347,5,busy,1
18.475920046384097,73.86186513800578,route_4,18.408602136415862,73.87587082059603,18.520230326309324,73.82979563386353,7.629810824700829,5.975967269242092,9,busy,0
18.475920046384097,73.86186513800578,route_5,18.431769736584847,73.96139224313882,18.616715114950075,73.86330375403355,11.589033910292711,15.656431876843945,9,available,0
18.475920046384097,73.86186513800578,route_6,18.67826540463728,73.72096512473394,18.635913870368796,73.72321747318321,26.959095089134617,23.024183093906416,7,available,0
18.475920046384097,73.86186513800578,route_7,18.48171712665482,73.76327581278754,18.582646840333684,73.98496711376072,10.417371680183376,17.586484431743667,5,offline,0
18.475920046384097,73.86186513800578,route_8,18.462018133622998,73.99743939448328,18.407198691898518,73.95179965975407,14.382043993443562,12.18153471071813,1,available,0
18.475920046384097,73.86186513800578,route_9,18.549459685890337,73.70258117726151,18.610627112704925,73.96214979226147,18.67996095783946,18.333970252537693,3,busy,0
18.475920046384097,73.86186513800578,route_10,18.439797083860952,73.76732376630396,18.665889926544153,73.70933023255468,10.750304732047011,26.54637825093672,5,offline,0
18.475920046384097,73.86186513800578,route_11,18.497604458866828,73.7819760813979,18.461176023724313,73.76985624446678,8.763106786304322,9.841522344904241,4,busy,0
18.475920046384097,73.86186513800578,route_12,18.452053246881384,73.73083884114426,18.49490139783674,73.95247713709313,14.071980715990158,9.786056055869581,1,available,0
18.475920046384097,73.86186513800578,route_13,18.61434052948725,73.95910897281446,18.595381819679304,73.79004004237743,18.49316137940775,15.290260641038362,9,busy,0
18.475920046384097,73.86186513800578,route_14,18.498697930986943,73.95439593981811,18.410949644255314,73.80825612427586,10.081330730177276,9.174377326033728,8,busy,0
18.489888949816308,73.93642139617067,route_0,18.614850109927637,73.86302144126736,18.619617102629167,73.82669921131617,15.9041572131753,18.489580939435005,6,offline,0
18.489888949816308,73.93642139617067,route_1,18.490846892322832,73.97446070300018,18.433331378744178,73.95982508422698,4.012838014212939,6.7560093178788385,1,offline,0
18.489888949816308,73.93642139617067,route_2,18.45104358908976,73.76409496144304,18.416815889015137,73.86571283980354,18.680967555365388,11.029302148527307,4,available,0
18.489888949816308,73.93642139617067,route_3,18.4684825752409,73.901965564234,18.530653191461774,73.70973295381015,4.343960757085645,24.328574667585688,3,busy,0
18.489888949816308,73.93642139617067,route_4,18.408602136415862,73.87587082059603,18.520230326309324,73.82979563386353,11.067516072572026,11.738511732716276,8,busy,0
18.489888949816308,73.93642139617067,route_5,18.431769736584847,73.96139224313882,18.616715114950075,73.86330375403355,6.97863351845984,16.071340856601246,3,available,0
18.489888949816308,73.93642139617067,route_6,18.67826540463728,73.72096512473394,18.635913870368796,73.72321747318321,30.89381533223406,27.725798033239016,8,available,0
18.489888949816308,73.93642139617067,route_7,18.48171712665482,73.76327581278754,18.582646840333684,73.98496711376072,18.28209825880233,11.514199640649641,9,offline,0
18.489888949816308,73.93642139617067,route_8,18.462018133622998,73.99743939448328,18.407198691898518,73.95179965975407,7.142539717419173,9.33672415624452,7,available,0
18.489888949816308,73.93642139617067,route_9,18.549459685890337,73.70258117726151,18.610627112704925,73.96214979226147,25.529631561065944,13.696695494880709,7,busy,0
18.489888949816308,73.93642139617067,route_10,18.439797083860952,73.76732376630396,18.665889926544153,73.70933023255468,18.68433500397401,30.917827862527417,3,offline,0
18.489888949816308,73.93642139617067,route_11,18.497604458866828,73.7819760813979,18.461176023724313,73.76985624446678,16.309244660080335,17.854381523782216,9,busy,0
18.489888949816308,73.93642139617067,route_12,18.452053246881384,73.73083884114426,18.49490139783674,73.95247713709313,22.086499754033785,1.7825121919191964,8,available,0
18.489888949816308,73.93642139617067,route_13,18.61434052948725,73.95910897281446,18.595381819679304,73.79004004237743,14.043534357857187,19.384074148145373,6,busy,0
18.489888949816308,73.93642139617067,route_14,18.498697930986943,73.95439593981811,18.410949644255314,73.80825612427586,2.1335895405152,16.118452096679608,7,busy,1
18.425164302246273,73.83553224328557,route_0,18.614850109927637,73.86302144126736,18.619617102629167,73.82669921131617,21.29030673511997,21.642212274441313,4,offline,0
18.425164302246273,73.83553224328557,route_1,18.490846892322832,73.97446070300018,18.433331378744178,73.95982508422698,16.37268994136471,13.143344757489539,6,offline,0
18.425164302246273,73.83553224328557,route_2,18.45104358908976,73.76409496144304,18.416815889015137,73.86571283980354,8.066443117273362,3.316537894839611,5,available,0
18.425164302246273,73.83553224328557,route_3,18.4684825752409,73.901965564234,18.530653191461774,73.70973295381015,8.503301523254617,17.708883321342938,2,busy,0
18.425164302246273,73.83553224328557,route_4,18.408602136415862,73.87587082059603,18.520230326309324,73.82979563386353,4.637100105296468,10.588159185565848,6,busy,1
18.425164302246273,73.83553224328557,route_5,18.431769736584847,73.96139224313882,18.616715114950075,73.86330375403355,13.297617054544027,21.499805251375946,7,available,0
18.425164302246273,73.83553224328557,route_6,18.67826540463728,73.72096512473394,18.635913870368796,73.72321747318321,30.62549534935815,26.256099525601275,1,available,0
18.425164302246273,73.83553224328557,route_7,18.48171712665482,73.76327581278754,18.582646840333684,73.98496711376072,9.880782988826661,23.55713347330081,2,offline,0
18.425164302246273,73.83553224328557,route_8,18.462018133622998,73.99743939448328,18.407198691898518,73.95179965975407,17.56329493481629,12.427852133990877,6,available,0
18.425164302246273,73.83553224328557,route_9,18.549459685890337,73.70258117726151,18.610627112704925,73.96214979226147,19.687474336209178,24.566602797057215,9,busy,0
18.425164302246273,73.83553224328557,route_10,18.439797083860952,73.76732376630396,18.665889926544153,73.70933023255468,7.377006281941399,29.891496168302726,4,offline,0
18.425164302246273,73.83553224328557,route_11,18.497604458866828,73.7819760813979,18.461176023724313,73.76985624446678,9.838217401078234,8.001767701892478,7,busy,0
18.425164302246273,73.83553224328557,route_12,18.452053246881384,73.73083884114426,18.49490139783674,73.95247713709313,11.441321620426232,14.569575060985407,8,available,0
18.425164302246273,73.83553224328557,route_13,18.61434052948725,73.95910897281446,18.595381819679304,73.79004004237743,24.74383865708967,19.525700070073412,2,busy,0
18.425164302246273,73.83553224328557,route_14,18.498697930986943,73.95439593981811,18.410949644255314,73.80825612427586,14.967563114374519,3.283125161684698,6,busy,0
18.579157535759553,73.96904157919383,route_0,18.614850109927637,73.86302144126736,18.619617102629167,73.82669921131617,11.857287478594081,15.661191022592115,6,offline,0
18.579157535759553,73.96904157919383,route_1,18.490846892322832,73.97446070300018,18.433331378744178,73.95982508422698,9.836301645258121,16.244225471049447,1,offline,0
18.579157535759553,73.96904157919383,route_2,18.45104358908976,73.76409496144304,18.416815889015137,73.86571283980354,25.882549035508855,21.08511745156336,7,available,0
18.579157535759553,73.96904157919383,route_3,18.4684825752409,73.901965564234,18.530653191461774,73.70973295381015,14.193814351618295,27.86200087124578,8,busy,0
18.579157535759553,73.96904157919383,route_4,18.408602136415862,73.87587082059603,18.520230326309324,73.82979563386353,21.35882999023781,16.07508808432153,6,busy,0
18.579157535759553,73.96904157919383,route_5,18.431769736584847,73.96139224313882,18.616715114950075,73.86330375403355,16.40861193805646,11.900379418708603,4,available,0
18.579157535759553,73.96904157919383,route_6,18.67826540463728,73.72096512473394,18.635913870368796,73.72321747318321,28.36770689787737,26.66317901911575,1,available,0
18.579157535759553,73.96904157919383,route_7,18.48171712665482,73.76327581278754,18.582646840333684,73.98496711376072,24.249107768150502,1.7227918968565823,5,offline,0
18.579157535759553,73.96904157919383,route_8,18.462018133622998,73.99743939448328,18.407198691898518,73.95179965975407,13.365013534298466,19.20720331021541,2,available,0
18.579157535759553,73.96904157919383,route_9,18.549459685890337,73.70258117726151,18.610627112704925,73.96214979226147,28.280809020543053,3.5738427860913804,6,busy,0
18.579157535759553,73.96904157919383,route_10,18.439797083860952,73.76732376630396,18.665889926544153,73.70933023255468,26.3160041204372,29.01620877323593,2,offline,0
18.579157535759553,73.96904157919383,route_11,18.497604458866828,73.7819760813979,18.461176023724313,73.76985624446678,21.706392036965358,24.762153618720323,2,busy,0
18.579157535759553,73.96904157919383,route_12,18.452053246881384,73.73083884114426,18.49490139783674,73.95247713709313,28.81942978135967,9.530219600796853,1,available,0
18.579157535759553,73.96904157919383,route_13,18.61434052948725,73.95910897281446,18.595381819679304,73.79004004237743,4.049795337932269,18.951911909627544,7,busy,1
18.579157535759553,73.96904157919383,route_14,18.498697930986943,73.95439593981811,18.410949644255314,73.80825612427586,9.07895450688399,25.245005871551392,6,busy,0
18.517512736127554,73.95569578708839,route_0,18.614850109927637,73.86302144126736,18.619617102629167,73.82669921131617,14.57985728250821,17.713894537755248,4,offline,0
18.517512736127554,73.95569578708839,route_1,18.490846892322832,73.97446070300018,18.433331378744178,73.95982508422698,3.564697401858704,9.370664838500723,8,offline,0
18.517512736127554,73.95569578708839,route_2,18.45104358908976,73.76409496144304,18.416815889015137,73.86571283980354,21.515267960153345,14.677880455275362,3,available,0
18.517512736127554,73.95569578708839,route_3,18.4684825752409,73.901965564234,18.530653191461774,73.70973295381015,7.863016433317264,25.97395919644907,2,busy,0
18.517512736127554,73.95569578708839,route_4,18.408602136415862,73.87587082059603,18.520230326309324,73.82979563386353,14.749353051124256,13.277992379496915,1,busy,0
18.517512736127554,73.95569578708839,route_5,18.431769736584847,73.96139224313882,18.616715114950075,73.86330375403355,9.55309590927492,14.714713931103143,5,available,0
18.517512736127554,73.95569578708839,route_6,18.67826540463728,73.72096512473394,18.635913870368796,73.72321747318321,30.52004698339831,27.81648374618484,3,available,0
18.517512736127554,73.95569578708839,route_7,18.48171712665482,73.76327581278754,18.582646840333684,73.98496711376072,20.67720780293008,7.872526322245833,1,offline,0
18.517512736127554,73.95569578708839,route_8,18.462018133622998,73.99743939448328,18.407198691898518,73.95179965975407,7.579975594320201,12.273243385831876,8,available,0
18.517512736127554,73.95569578708839,route_9,18.549459685890337,73.70258117726151,18.610627112704925,73.96214979226147,26.92080391238799,10.376172550455868,9,busy,0
18.517512736127554,73.95569578708839,route_10,18.439797083860952,73.76732376630396,18.665889926544153,73.70933023255468,21.664205585955337,30.763465241639956,4,offline,0
18.517512736127554,73.95569578708839,route_11,18.497604458866828,73.7819760813979,18.461176023724313,73.76985624446678,18.450999418351017,20.574614352646996,3,busy,0
18.517512736127554,73.95569578708839,route_12,18.452053246881384,73.73083884114426,18.49490139783674,73.95247713709313,24.804968238929224,2.53706915195842,9,available,0
18.517512736127554,73.95569578708839,route_13,18.61434052948725,73.95910897281446,18.595381819679304,73.79004004237743,10.772768786339123,19.491242222789648,1,busy,0
18.517512736127554,73.95569578708839,route_14,18.498697930986943,73.95439593981811,18.410949644255314,73.80825612427586,2.096595714794896,19.550592339123227,8,busy,1
18.63060741564326,73.7311136201986,route_0,18.614850109927637,73.86302144126736,18.619617102629167,73.82669921131617,14.009516423827913,10.145863199295432,9,offline,0
18.63060741564326,73.7311136201986,route_1,18.490846892322832,73.97446070300018,18.433331378744178,73.95982508422698,29.991882695984675,32.59785832521288,3,offline,0
18.63060741564326,73.7311136201986,route_2,18.45104358908976,73.76409496144304,18.416815889015137,73.86571283980354,20.26707125877205,27.686235165059625,2,available,0
18.63060741564326,73.7311136201986,route_3,18.4684825752409,73.901965564234,18.530653191461774,73.70973295381015,25.482971834162424,11.340556084555708,4,busy,0
18.63060741564326,73.7311136201986,route_4,18.408602136415862,73.87587082059603,18.520230326309324,73.82979563386353,29.023128509895542,16.08797014917625,9,busy,0
18.63060741564326,73.7311136201986,route_5,18.431769736584847,73.96139224313882,18.616715114950075,73.86330375403355,32.83701394327811,14.01458424559268,8,available,0
18.63060741564326,73.7311136201986,route_6,18.67826540463728,73.72096512473394,18.635913870368796,73.72321747318321,5.406107897813061,1.0199830531826244,8,available,1
18.63060741564326,73.7311136201986,route_7,18.48171712665482,73.76327581278754,18.582646840333684,73.98496711376072,16.89942189025251,27.2782081436938,1,offline,0
18.63060741564326,73.7311136201986,route_8,18.462018133622998,73.99743939448328,18.407198691898518,73.95179965975407,33.75930292458272,34.037377763198506,6,available,0
18.63060741564326,73.7311136201986,route_9,18.549459685890337,73.70258117726151,18.610627112704925,73.96214979226147,9.511110715962067,24.446430566842896,3,busy,0
18.63060741564326,73.7311136201986,route_10,18.439797083860952,73.76732376630396,18.665889926544153,73.70933023255468,21.557842730471055,4.545213882055154,5,offline,0
18.63060741564326,73.7311136201986,route_11,18.497604458866828,73.7819760813979,18.461176023724313,73.76985624446678,15.731062898210368,19.27753792331974,4,busy,0
18.63060741564326,73.7311136201986,route_12,18.452053246881384,73.73083884114426,18.49490139783674,73.95247713709313,19.854338830247933,27.788041191706192,7,available,0
18.63060741564326,73.7311136201986,route_13,18.61434052948725,73.95910897281446,18.595381819679304,73.79004004237743,24.092575017506764,7.3417560451090855,5,busy,0
18.63060741564326,73.7311136201986,route_14,18.498697930986943,73.95439593981811,18.410949644255314,73.80825612427586,27.73230333760117,25.743495731879133,8,busy,0
18.668602153163288,73.9694247832979,route_0,18.614850109927637,73.86302144126736,18.619617102629167,73.82669921131617,12.70455034826183,15.993614226231696,1,offline,0
18.668602153163288,73.9694247832979,route_1,18.490846892322832,73.97446070300018,18.433331378744178,73.95982508422698,19.772608753176396,26.180482109272052,7,offline,0
18.668602153163288,73.9694247832979,route_2,18.45104358908976,73.76409496144304,18.416815889015137,73.86571283980354,32.46066811808535,30.056522201251024,4,available,0
18.668602153163288,73.9694247832979,route_3,18.4684825752409,73.901965564234,18.530653191461774,73.70973295381015,23.360761433311545,31.373719394681192,5,busy,0
18.668602153163288,73.9694247832979,route_4,18.408602136415862,73.87587082059603,18.520230326309324,73.82979563386353,30.54676160036661,22.10743520866277,1,busy,0
18.668602153163288,73.9694247832979,route_5,18.431769736584847,73.96139224313882,18.616715114950075,73.86330375403355,26.348173398859444,12.581820321349044,9,available,0
18.668602153163288,73.9694247832979,route_6,18.67826540463728,73.72096512473394,18.635913870368796,73.72321747318321,26.195156934944468,26.192508850759808,1,available,0
18.668602153163288,73.9694247832979,route_7,18.48171712665482,73.76327581278754,18.582646840333684,73.98496711376072,30.066051354341532,9.697089481900319,6,offline,0
18.668602153163288,73.9694247832979,route_8,18.462018133622998,73.99743939448328,18.407198691898518,73.95179965975407,23.160122342503282,29.12607010984493,8,available,0
18.668602153163288,73.9694247832979,route_9,18.549459685890337,73.70258117726151,18.610627112704925,73.96214979226147,31.08480225898841,6.491940630570877,6,busy,0
18.668602153163288,73.9694247832979,route_10,18.439797083860952,73.76732376630396,18.665889926544153,73.70933023255468,33.183979573367765,27.4014062506239,3,offline,0
18.668602153163288,73.9694247832979,route_11,18.497604458866828,73.7819760813979,18.461176023724313,73.76985624446678,27.420044331835456,31.217077341275672,4,busy,0
18.668602153163288,73.9694247832979,route_12,18.452053246881384,73.73083884114426,18.49490139783674,73.95247713709313,34.818274469190484,19.39706480537915,3,available,0
18.668602153163288,73.9694247832979,route_13,18.61434052948725,73.95910897281446,18.595381819679304,73.79004004237743,6.130730940376718,20.58022649094468,1,busy,1
18.668602153163288,73.9694247832979,route_14,18.498697930986943,73.95439593981811,18.410949644255314,73.80825612427586,18.958774482887208,33.309141444850745,1,busy,0
18.402258248389565,73.77346725490494,route_0,18.614850109927637,73.86302144126736,18.619617102629167,73.82669921131617,25.455395125051375,24.812391234201197,4,offline,0
18.402258248389565,73.77346725490494,route_1,18.490846892322832,73.97446070300018,18.433331378744178,73.95982508422698,23.377805459583335,19.96191698107476,8,offline,0
18.402258248389565,73.77346725490494,route_2,18.45104358908976,73.76409496144304,18.416815889015137,73.86571283980354,5.514049777741439,9.866011279695828,9,available,0
18.402258248389565,73.77346725490494,route_3,18.4684825752409,73.901965564234,18.530653191461774,73.70973295381015,15.426155046487857,15.780191152896949,8,busy,0
18.402258248389565,73.77346725490494,route_4,18.408602136415862,73.87587082059603,18.520230326309324,73.82979563386353,10.827283158523821,14.400551485349396,3,busy,0
18.402258248389565,73.77346725490494,route_5,18.431769736584847,73.96139224313882,18.616715114950075,73.86330375403355,20.09577990763275,25.65904853073716,3,available,0
18.402258248389565,73.77346725490494,route_6,18.67826540463728,73.72096512473394,18.635913870368796,73.72321747318321,31.185711523277767,26.516027450167293,8,available,0
18.402258248389565,73.77346725490494,route_7,18.48171712665482,73.76327581278754,18.582646840333684,73.98496711376072,8.900585801000851,29.99625998750036,5,offline,0
18.402258248389565,73.77346725490494,route_8,18.462018133622998,73.99743939448328,18.407198691898518,73.95179965975407,24.54358854244491,18.82338805995632,4,available,0
18.402258248389565,73.77346725490494,route_9,18.549459685890337,73.70258117726151,18.610627112704925,73.96214979226147,17.99450615181182,30.539525215535008,9,busy,0
18.402258248389565,73.77346725490494,route_10,18.439797083860952,73.76732376630396,18.665889926544153,73.70933023255468,4.224145655668892,30.084254387530837,5,offline,1
18.402258248389565,73.77346725490494,route_11,18.497604458866828,73.7819760813979,18.461176023724313,73.76985624446678,10.63993603100449,6.562422881929387,1,busy,0
18.402258248389565,73.77346725490494,route_12,18.452053246881384,73.73083884114426,18.49490139783674,73.95247713709313,7.133094738886811,21.50932166089526,7,available,0
18.402258248389565,73.77346725490494,route_13,18.61434052948725,73.95910897281446,18.595381819679304,73.79004004237743,30.648051038578387,21.5453537889901,8,busy,0
18.402258248389565,73.77346725490494,route_14,18.498697930986943,73.95439593981811,18.410949644255314,73.80825612427586,21.890704733162387,3.7955411306586035,5,busy,0
18.523977469045363,73.98477067202796,route_0,18.614850109927637,73.86302144126736,18.619617102629167,73.82669921131617,16.3337296028843,19.76611024325832,6,offline,0
18.523977469045363,73.98477067202796,route_1,18.490846892322832,73.97446070300018,18.433331378744178,73.95982508422698,3.8410085722215634,10.417061291388798,7,offline,1
18.523977469045363,73.98477067202796,route_2,18.45104358908976,73.76409496144304,18.416815889015137,73.86571283980354,24.644291057765326,17.310597954468836,2,available,0
18.523977469045363,73.98477067202796,route_3,18.4684825752409,73.901965564234,18.530653191461774,73.70973295381015,10.692242649308884,29.0072586764539,5,busy,0
18.523977469045363,73.98477067202796,route_4,18.408602136415862,73.87587082059603,18.520230326309324,73.82979563386353,17.219361809191888,16.345128986030428,5,busy,0
18.523977469045363,73.98477067202796,route_5,18.431769736584847,73.96139224313882,18.616715114950075,73.86330375403355,10.545310676158753,16.439586850698788,4,available,0
18.523977469045363,73.98477067202796,route_6,18.67826540463728,73.72096512473394,18.635913870368796,73.72321747318321,32.66882806109628,30.247179487436775,5,available,0
18.523977469045363,73.98477067202796,route_7,18.48171712665482,73.76327581278754,18.582646840333684,73.98496711376072,23.824006848489276,6.523769303095013,6,offline,0
18.523977469045363,73.98477067202796,route_8,18.462018133622998,73.99743939448328,18.407198691898518,73.95179965975407,7.017896179881662,13.442777820494138,6,available,0
18.523977469045363,73.98477067202796,route_9,18.549459685890337,73.70258117726151,18.610627112704925,73.96214979226147,29.88477817999095,9.92565491949694,5,busy,0
18.523977469045363,73.98477067202796,route_10,18.439797083860952,73.76732376630396,18.665889926544153,73.70933023255468,24.768753193087644,33.04046433085035,5,offline,0
18.523977469045363,73.98477067202796,route_11,18.497604458866828,73.7819760813979,18.461176023724313,73.76985624446678,21.583245182811314,23.714906264499994,4,busy,0
18.523977469045363,73.98477067202796,route_12,18.452053246881384,73.73083884114426,18.49490139783674,73.95247713709313,27.947431671975007,4.6955184888017225,6,available,0
18.523977469045363,73.98477067202796,route_13,18.61434052948725,73.95910897281446,18.595381819679304,73.79004004237743,10.405626135600425,22.0089886720578,2,busy,0
18.523977469045363,73.98477067202796,route_14,18.498697930986943,73.95439593981811,18.410949644255314,73.80825612427586,4.261359818585567,22.462009567654636,7,busy,0
18.58185789703561,73.74088331333074,route_0,18.614850109927637,73.86302144126736,18.619617102629167,73.82669921131617,13.384475353800378,9.970938962334484,3,offline,0
18.58185789703561,73.74088331333074,route_1,18.490846892322832,73.97446070300018,18.433331378744178,73.95982508422698,26.623573763016875,28.385325038949002,9,offline,0
18.58185789703561,73.74088331333074,route_2,18.45104358908976,73.76409496144304,18.416815889015137,73.86571283980354,14.75034324732169,22.584480169373307,5,available,0
18.58185789703561,73.74088331333074,route_3,18.4684825752409,73.901965564234,18.530653191461774,73.70973295381015,21.15105448290006,6.5727358536732154,8,busy,0
18.58185789703561,73.74088331333074,route_4,18.408602136415862,73.87587082059603,18.520230326309324,73.82979563386353,23.953536350522686,11.610784569698534,3,busy,0
18.58185789703561,73.74088331333074,route_5,18.431769736584847,73.96139224313882,18.616715114950075,73.86330375403355,28.62087691367469,13.471219525522013,4,available,0
18.58185789703561,73.74088331333074,route_6,18.67826540463728,73.72096512473394,18.635913870368796,73.72321747318321,10.923538504422918,6.292445345795535,5,available,0
18.58185789703561,73.74088331333074,route_7,18.48171712665482,73.76327581278754,18.582646840333684,73.98496711376072,11.38266012132763,25.726096813036357,8,offline,0
18.58185789703561,73.74088331333074,route_8,18.462018133622998,73.99743939448328,18.407198691898518,73.95179965975407,30.15420459147402,29.52746321521019,5,available,0
18.58185789703561,73.74088331333074,route_9,18.549459685890337,73.70258117726151,18.610627112704925,73.96214979226147,5.410953652783682,23.537532801718292,6,busy,1
18.58185789703561,73.74088331333074,route_10,18.439797083860952,73.76732376630396,18.665889926544153,73.70933023255468,16.04057849893961,9.917839872474202,8,offline,0
18.58185789703561,73.74088331333074,route_11,18.497604458866828,73.7819760813979,18.461176023724313,73.76985624446678,10.321703493004774,13.762518101691377,3,busy,0
18.58185789703561,73.74088331333074,route_12,18.452053246881384,73.73083884114426,18.49490139783674,73.95247713709313,14.472421298054257,24.31270375830815,8,available,0
18.58185789703561,73.74088331333074,route_13,18.61434052948725,73.95910897281446,18.595381819679304,73.79004004237743,23.28030836164814,5.394661303848192,4,busy,0
18.58185789703561,73.74088331333074,route_14,18.498697930986943,73.95439593981811,18.410949644255314,73.80825612427586,24.33468301084985,20.288698207411677,4,busy,0
18.554884746168494,73.93259400488567,route_0,18.614850109927637,73.86302144126736,18.619617102629167,73.82669921131617,9.911034152697692,13.280540697230961,5,offline,0
18.554884746168494,73.93259400488567,route_1,18.490846892322832,73.97446070300018,18.433331378744178,73.95982508422698,8.377907060517696,13.817793733614288,6,offline,0
18.554884746168494,73.93259400488567,route_2,18.45104358908976,73.76409496144304,18.416815889015137,73.86571283980354,21.18998842326888,16.89519029064802,4,available,0
18.554884746168494,73.93259400488567,route_3,18.4684825752409,73.901965564234,18.530653191461774,73.70973295381015,10.135752114860992,23.648545764236637,5,busy,0
18.554884746168494,73.93259400488567,route_4,18.408602136415862,73.87587082059603,18.520230326309324,73.82979563386353,17.33100159533788,11.502254271623581,1,busy,0
18.554884746168494,73.93259400488567,route_5,18.431769736584847,73.96139224313882,18.616715114950075,73.86330375403355,14.02255857396181,10.030009130936655,5,available,0
18.554884746168494,73.93259400488567,route_6,18.67826540463728,73.72096512473394,18.635913870368796,73.72321747318321,26.182880916851566,23.83476958754606,3,available,0
18.554884746168494,73.93259400488567,route_7,18.48171712665482,73.76327581278754,18.582646840333684,73.98496711376072,19.618959742898372,6.324955049003432,3,offline,0
18.554884746168494,73.93259400488567,route_8,18.462018133622998,73.99743939448328,18.407198691898518,73.95179965975407,12.384837088524053,16.54637435447526,2,available,0
18.554884746168494,73.93259400488567,route_9,18.549459685890337,73.70258117726151,18.610627112704925,73.96214979226147,24.254673175823154,6.937034954654019,3,busy,0
18.554884746168494,73.93259400488567,route_10,18.439797083860952,73.76732376630396,18.665889926544153,73.70933023255468,21.621655966235988,26.56889056986566,7,offline,0
18.554884746168494,73.93259400488567,route_11,18.497604458866828,73.7819760813979,18.461176023724313,73.76985624446678,17.10974375366816,20.07560709718467,7,busy,0
18.554884746168494,73.93259400488567,route_12,18.452053246881384,73.73083884114426,18.49490139783674,73.95247713709313,24.152520375502124,6.991529843423945,8,available,0
18.554884746168494,73.93259400488567,route_13,18.61434052948725,73.95910897281446,18.595381819679304,73.79004004237743,7.177564530768565,15.68579755445486,2,busy,0
18.554884746168494,73.93259400488567,route_14,18.498697930986943,73.95439593981811,18.410949644255314,73.80825612427586,6.6571242276432345,20.690458764664875,7,busy,1
18.59683690018337,73.73905758389715,route_0,18.614850109927637,73.86302144126736,18.619617102629167,73.82669921131617,13.216394836090863,9.576906567225617,6,offline,0
18.59683690018337,73.73905758389715,route_1,18.490846892322832,73.97446070300018,18.433331378744178,73.95982508422698,27.472949815280533,29.53633109840642,7,offline,0
18.59683690018337,73.73905758389715,route_2,18.45104358908976,73.76409496144304,18.416815889015137,73.86571283980354,16.42499515337851,24.063581989473086,3,available,0
18.59683690018337,73.73905758389715,route_3,18.4684825752409,73.901965564234,18.530653191461774,73.70973295381015,22.331282879155196,7.982107816348683,5,busy,0
18.59683690018337,73.73905758389715,route_4,18.408602136415862,73.87587082059603,18.520230326309324,73.82979563386353,25.42089083073562,12.808156352444058,1,busy,0
18.59683690018337,73.73905758389715,route_5,18.431769736584847,73.96139224313882,18.616715114950075,73.86330375403355,29.773549513790474,13.27867374590938,7,available,0
18.59683690018337,73.73905758389715,route_6,18.67826540463728,73.72096512473394,18.635913870368796,73.72321747318321,9.25293258955551,4.654738464327742,9,available,0
18.59683690018337,73.73905758389715,route_7,18.48171712665482,73.76327581278754,18.582646840333684,73.98496711376072,13.052877812722947,25.965222507842707,9,offline,0
18.59683690018337,73.73905758389715,route_8,18.462018133622998,73.99743939448328,18.407198691898518,73.95179965975407,31.093827527931115,30.787951667447683,8,available,0
18.59683690018337,73.73905758389715,route_9,18.549459685890337,73.70258117726151,18.610627112704925,73.96214979226147,6.521887209047307,23.56046287898923,6,busy,1
18.59683690018337,73.73905758389715,route_10,18.439797083860952,73.76732376630396,18.665889926544153,73.70933023255468,17.714536243873106,8.292665529926614,2,offline,0
18.59683690018337,73.73905758389715,route_11,18.497604458866828,73.7819760813979,18.461176023724313,73.76985624446678,11.92572883518302,15.430329810173154,6,busy,0
18.59683690018337,73.73905758389715,route_12,18.452053246881384,73.73083884114426,18.49490139783674,73.95247713709313,16.122511188814105,25.192682355779258,9,available,0
18.59683690018337,73.73905758389715,route_13,18.61434052948725,73.95910897281446,18.595381819679304,73.79004004237743,23.27133487113215,5.375448637600897,1,busy,0
18.59683690018337,73.73905758389715,route_14,18.498697930986943,73.95439593981811,18.410949644255314,73.80825612427586,25.187518296058816,21.919844999282205,9,busy,0
18.676338355994005,73.71569359705349,route_0,18.614850109927637,73.86302144126736,18.619617102629167,73.82669921131617,16.96137511374938,13.287535924840725,9,offline,0
18.676338355994005,73.71569359705349,route_1,18.490846892322832,73.97446070300018,18.433331378744178,73.95982508422698,34.19434479166934,37.315368451292834,4,offline,0
18.676338355994005,73.71569359705349,route_2,18.45104358908976,73.76409496144304,18.416815889015137,73.86571283980354,25.56588360642032,32.90706395546562,5,available,0
18.676338355994005,73.71569359705349,route_3,18.4684825752409,73.901965564234,18.530653191461774,73.70973295381015,30.326139183012785,16.21162562499435,3,busy,0
18.676338355994005,73.71569359705349,route_4,18.408602136415862,73.87587082059603,18.520230326309324,73.82979563386353,34.226501699909036,21.116704372375917,3,busy,0
18.676338355994005,73.71569359705349,route_5,18.431769736584847,73.96139224313882,18.616715114950075,73.86330375403355,37.55512635126882,16.906126059708882,1,available,0
18.676338355994005,73.71569359705349,route_6,18.67826540463728,73.72096512473394,18.635913870368796,73.72321747318321,0.5952065845437513,4.564352081233292,1,available,1
18.676338355994005,73.71569359705349,route_7,18.48171712665482,73.76327581278754,18.582646840333684,73.98496711376072,22.214412508962873,30.225204299638083,1,offline,0
18.676338355994005,73.71569359705349,route_8,18.462018133622998,73.99743939448328,18.407198691898518,73.95179965975407,38.07735911921622,38.92536886181709,7,available,0
18.676338355994005,73.71569359705349,route_9,18.549459685890337,73.70258117726151,18.610627112704925,73.96214979226147,14.175768908242521,26.975086115578794,6,busy,0
18.676338355994005,73.71569359705349,route_10,18.439797083860952,73.76732376630396,18.665889926544153,73.70933023255468,26.859370823598525,1.341326812768219,2,offline,0
18.676338355994005,73.71569359705349,route_11,18.497604458866828,73.7819760813979,18.461176023724313,73.76985624446678,21.066322353835094,24.59669346911954,8,busy,0
18.676338355994005,73.71569359705349,route_12,18.452053246881384,73.73083884114426,18.49490139783674,73.95247713709313,24.99041076845105,32.09092783198853,2,available,0
18.676338355994005,73.71569359705349,route_13,18.61434052948725,73.95910897281446,18.595381819679304,73.79004004237743,26.556383308661776,11.933101836562122,3,busy,0
18.676338355994005,73.71569359705349,route_14,18.498697930986943,73.95439593981811,18.410949644255314,73.80825612427586,31.985820841530433,31.08140114618268,7,busy,0
18.421310410308713,73.83529321644906,route_0,18.614850109927637,73.86302144126736,18.619617102629167,73.82669921131617,21.718311392507427,22.06930758962567,2,offline,0
18.421310410308713,73.83529321644906,route_1,18.490846892322832,73.97446070300018,18.433331378744178,73.95982508422698,16.590738190593314,13.205121626987333,9,offline,0
18.421310410308713,73.83529321644906,route_2,18.45104358908976,73.76409496144304,18.416815889015137,73.86571283980354,8.20605667951526,3.2479060398424338,5,available,0
18.421310410308713,73.83529321644906,route_3,18.4684825752409,73.901965564234,18.530653191461774,73.70973295381015,8.773435714533793,17.977127741291383,3,busy,0
18.421310410308713,73.83529321644906,route_4,18.408602136415862,73.87587082059603,18.520230326309324,73.82979563386353,4.5081727385368415,11.01466405198908,9,busy,1
18.421310410308713,73.83529321644906,route_5,18.431769736584847,73.96139224313882,18.616715114950075,73.86330375403355,13.353425018456738,21.927807802747274,1,available,0
18.421310410308713,73.83529321644906,route_6,18.67826540463728,73.72096512473394,18.635913870368796,73.72321747318321,31.010010906136632,26.62814487094502,6,available,0
18.421310410308713,73.83529321644906,route_7,18.48171712665482,73.76327581278754,18.582646840333684,73.98496711376072,10.140054600365247,23.894163216863472,4,offline,0
18.421310410308713,73.83529321644906,route_8,18.462018133622998,73.99743939448328,18.407198691898518,73.95179965975407,17.69275564613367,12.391354503233323,8,available,0
18.421310410308713,73.83529321644906,route_9,18.549459685890337,73.70258117726151,18.610627112704925,73.96214979226147,19.973082346657034,24.941011649842675,9,busy,0
18.421310410308713,73.83529321644906,route_10,18.439797083860952,73.76732376630396,18.665889926544153,73.70933023255468,7.45904249570595,30.264844180889263,9,offline,0
18.421310410308713,73.83529321644906,route_11,18.497604458866828,73.7819760813979,18.461176023724313,73.76985624446678,10.17813060315866,8.20342948399189,6,busy,0
18.421310410308713,73.83529321644906,route_12,18.452053246881384,73.73083884114426,18.49490139783674,73.95247713709313,11.536744666230666,14.823231747994003,5,available,0
18.421310410308713,73.83529321644906,route_13,18.61434052948725,73.95910897281446,18.595381819679304,73.79004004237743,25.12232412236399,19.93534380311304,5,busy,0
18.421310410308713,73.83529321644906,route_14,18.498697930986943,73.95439593981811,18.410949644255314,73.80825612427586,15.226810121658716,3.076290359174338,6,busy,0
18.54776645098217,73.78991547465787,route_0,18.614850109927637,73.86302144126736,18.619617102629167,73.82669921131617,10.724421471660307,8.880389164037206,1,offline,0
18.54776645098217,73.78991547465787,route_1,18.490846892322832,73.97446070300018,18.433331378744178,73.95982508422698,20.46135688411155,21.97637399361747,7,offline,0
18.54776645098217,73.78991547465787,route_2,18.45104358908976,73.76409496144304,18.416815889015137,73.86571283980354,11.09438438343328,16.610866562106256,4,available,0
18.54776645098217,73.78991547465787,route_3,18.4684825752409,73.901965564234,18.530653191461774,73.70973295381015,14.741609740878225,8.664746422527388,6,busy,0
18.54776645098217,73.78991547465787,route_4,18.408602136415862,73.87587082059603,18.520230326309324,73.82979563386353,17.934070839859814,5.201224020201742,1,busy,0
18.54776645098217,73.78991547465787,route_5,18.431769736584847,73.96139224313882,18.616715114950075,73.86330375403355,22.211774877113015,10.890768105820971,5,available,0
18.54776645098217,73.78991547465787,route_6,18.67826540463728,73.72096512473394,18.635913870368796,73.72321747318321,16.22829222540118,12.061647383347232,4,available,0
18.54776645098217,73.78991547465787,route_7,18.48171712665482,73.76327581278754,18.582646840333684,73.98496711376072,7.8631588726157355,20.922740576662218,7,offline,0
18.54776645098217,73.78991547465787,route_8,18.462018133622998,73.99743939448328,18.407198691898518,73.95179965975407,23.86957148536026,23.147096626297145,1,available,0
18.54776645098217,73.78991547465787,route_9,18.549459685890337,73.70258117726151,18.610627112704925,73.96214979226147,9.20860219573817,19.45265886677765,1,busy,0
18.54776645098217,73.78991547465787,route_10,18.439797083860952,73.76732376630396,18.665889926544153,73.70933023255468,12.239736249070008,15.64098068533741,4,offline,0
18.54776645098217,73.78991547465787,route_11,18.497604458866828,73.7819760813979,18.461176023724313,73.76985624446678,5.640222751330505,9.858008173224905,4,busy,1
18.54776645098217,73.78991547465787,route_12,18.452053246881384,73.73083884114426,18.49490139783674,73.95247713709313,12.331954735904295,18.11979956714427,9,available,0
18.54776645098217,73.78991547465787,route_13,18.61434052948725,73.95910897281446,18.595381819679304,73.79004004237743,19.308239613945805,5.294603709923114,3,busy,0
18.54776645098217,73.78991547465787,route_14,18.498697930986943,73.95439593981811,18.410949644255314,73.80825612427586,18.179977552160462,15.335801475157503,6,busy,0
18.470934210802042,73.88154389243437,route_0,18.614850109927637,73.86302144126736,18.619617102629167,73.82669921131617,16.121412323277603,17.51461688017272,4,offline,0
18.470934210802042,73.88154389243437,route_1,18.490846892322832,73.97446070300018,18.433331378744178,73.95982508422698,10.046101256623288,9.255279479448598,9,offline,0
18.470934210802042,73.88154389243437,route_2,18.45104358908976,73.76409496144304,18.416815889015137,73.86571283980354,12.58356125694207,6.245086928720805,5,available,0
18.470934210802042,73.88154389243437,route_3,18.4684825752409,73.901965564234,18.530653191461774,73.70973295381015,2.1710045572910217,19.295785064418155,4,busy,1
18.470934210802042,73.88154389243437,route_4,18.408602136415862,73.87587082059603,18.520230326309324,73.82979563386353,6.956796851462118,7.734642769045734,2,busy,0
18.470934210802042,73.88154389243437,route_5,18.431769736584847,73.96139224313882,18.616715114950075,73.86330375403355,9.481572059498191,16.323749984057343,2,available,0
18.470934210802042,73.88154389243437,route_6,18.67826540463728,73.72096512473394,18.635913870368796,73.72321747318321,28.600092431012953,24.801107849890258,1,available,0
18.470934210802042,73.88154389243437,route_7,18.48171712665482,73.76327581278754,18.582646840333684,73.98496711376072,12.530444270692673,16.52886472545779,4,offline,0
18.470934210802042,73.88154389243437,route_8,18.462018133622998,73.99743939448328,18.407198691898518,73.95179965975407,12.263569865218853,10.2542514475871,2,available,0
18.470934210802042,73.88154389243437,route_9,18.549459685890337,73.70258117726151,18.610627112704925,73.96214979226147,20.792514158596113,17.705662957402282,8,busy,0
18.470934210802042,73.88154389243437,route_10,18.439797083860952,73.76732376630396,18.665889926544153,73.70933023255468,12.535147017519,28.27455581100888,4,offline,0
18.470934210802042,73.88154389243437,route_11,18.497604458866828,73.7819760813979,18.461176023724313,73.76985624446678,10.91102144270991,11.829527101114438,3,busy,0
18.470934210802042,73.88154389243437,route_12,18.452053246881384,73.73083884114426,18.49490139783674,73.95247713709313,16.03328406840074,7.941114961079646,3,available,0
18.470934210802042,73.88154389243437,route_13,18.61434052948725,73.95910897281446,18.595381819679304,73.79004004237743,17.920425737054533,16.868762046569397,6,busy,0
18.470934210802042,73.88154389243437,route_14,18.498697930986943,73.95439593981811,18.410949644255314,73.80825612427586,8.27990000656084,10.210454203607497,6,busy,0
18.515295294426007,73.98060632833302,route_0,18.614850109927637,73.86302144126736,18.619617102629167,73.82669921131617,16.618283395679505,19.94352256986891,8,offline,0
18.515295294426007,73.98060632833302,route_1,18.490846892322832,73.97446070300018,18.433331378744178,73.95982508422698,2.794709716858188,9.373791207546411,8,offline,1
18.515295294426007,73.98060632833302,route_2,18.45104358908976,73.76409496144304,18.416815889015137,73.86571283980354,23.924752613646305,16.332543144113764,9,available,0
18.515295294426007,73.98060632833302,route_3,18.4684825752409,73.901965564234,18.530653191461774,73.70973295381015,9.791261360578881,28.61044068609366,4,busy,0
18.515295294426007,73.98060632833302,route_4,18.408602136415862,73.87587082059603,18.520230326309324,73.82979563386353,16.210411307707975,15.910618687042188,9,busy,0
18.515295294426007,73.98060632833302,route_5,18.431769736584847,73.96139224313882,18.616715114950075,73.86330375403355,9.506114302419281,16.73509058421155,1,available,0
18.515295294426007,73.98060632833302,route_6,18.67826540463728,73.72096512473394,18.635913870368796,73.72321747318321,32.8197840838275,30.263619378086833,6,available,0
18.515295294426007,73.98060632833302,route_7,18.48171712665482,73.76327581278754,18.582646840333684,73.98496711376072,23.219593796565217,7.503246102224115,3,offline,0
18.515295294426007,73.98060632833302,route_8,18.462018133622998,73.99743939448328,18.407198691898518,73.95179965975407,6.184390702691317,12.397854483059637,9,available,0
18.515295294426007,73.98060632833302,route_9,18.549459685890337,73.70258117726151,18.610627112704925,73.96214979226147,29.557011187194405,10.777465703491458,3,busy,0
18.515295294426007,73.98060632833302,route_10,18.439797083860952,73.76732376630396,18.665889926544153,73.70933023255468,24.008877659624417,33.13346648662353,3,offline,0
18.515295294426007,73.98060632833302,route_11,18.497604458866828,73.7819760813979,18.461176023724313,73.76985624446678,21.036701490837803,23.02516693839109,7,busy,0
18.515295294426007,73.98060632833302,route_12,18.452053246881384,73.73083884114426,18.49490139783674,73.95247713709313,27.262739917579726,3.733658503775384,3,available,0
18.515295294426007,73.98060632833302,route_13,18.61434052948725,73.95910897281446,18.595381819679304,73.79004004237743,11.244028957955582,21.973841638891777,7,busy,0
18.515295294426007,73.98060632833302,route_14,18.498697930986943,73.95439593981811,18.410949644255314,73.80825612427586,3.3232949208101075,21.565328456694285,5,busy,0
18.427689039282583,73.74612978449247,route_0,18.614850109927637,73.86302144126736,18.619617102629167,73.82669921131617,24.18692066155436,22.96992789868601,8,offline,0
18.427689039282583,73.74612978449247,route_1,18.490846892322832,73.97446070300018,18.433331378744178,73.95982508422698,25.08601033077074,22.551763939114664,5,offline,0
18.427689039282583,73.74612978449247,route_2,18.45104358908976,73.76409496144304,18.416815889015137,73.86571283980354,3.2148468351882222,12.673403414088545,4,available,0
18.427689039282583,73.74612978449247,route_3,18.4684825752409,73.901965564234,18.530653191461774,73.70973295381015,17.052052645772505,12.075409872165821,5,busy,0
18.427689039282583,73.74612978449247,route_4,18.408602136415862,73.87587082059603,18.520230326309324,73.82979563386353,13.851126985960144,13.555296672592094,6,busy,0
18.427689039282583,73.74612978449247,route_5,18.431769736584847,73.96139224313882,18.616715114950075,73.86330375403355,22.71299294507589,24.380622183340925,2,available,0
18.427689039282583,73.74612978449247,route_6,18.67826540463728,73.72096512473394,18.635913870368796,73.72321747318321,27.98881729189585,23.27921559954281,2,available,0
18.427689039282583,73.74612978449247,route_7,18.48171712665482,73.76327581278754,18.582646840333684,73.98496711376072,6.273957340715165,30.51461077402852,6,offline,0
18.427689039282583,73.74612978449247,route_8,18.462018133622998,73.99743939448328,18.407198691898518,73.95179965975407,26.78223726423454,21.81736511433087,4,available,0
18.427689039282583,73.74612978449247,route_9,18.549459685890337,73.70258117726151,18.610627112704925,73.96214979226147,14.297893290196992,30.537786074277548,5,busy,0
18.427689039282583,73.74612978449247,route_10,18.439797083860952,73.76732376630396,18.665889926544153,73.70933023255468,2.609829948520163,26.76932273350481,3,offline,1
18.427689039282583,73.74612978449247,route_11,18.497604458866828,73.7819760813979,18.461176023724313,73.76985624446678,8.644827426332235,4.486508740415402,3,busy,0
18.427689039282583,73.74612978449247,route_12,18.452053246881384,73.73083884114426,18.49490139783674,73.95247713709313,3.152987403938966,23.01145178074371,7,available,0
18.427689039282583,73.74612978449247,route_13,18.61434052948725,73.95910897281446,18.595381819679304,73.79004004237743,30.577974650463748,19.212802934279544,9,busy,0
18.427689039282583,73.74612978449247,route_14,18.498697930986943,73.95439593981811,18.410949644255314,73.80825612427586,23.342123732338052,6.813402920691606,8,busy,0
18.524161285337946,73.96257930806753,route_0,18.614850109927637,73.86302144126736,18.619617102629167,73.82669921131617,14.553815429712005,17.826702631292825,1,offline,0
18.524161285337946,73.96257930806753,route_1,18.490846892322832,73.97446070300018,18.433331378744178,73.95982508422698,3.9105093528556583,10.104000753692603,1,offline,0
18.524161285337946,73.96257930806753,route_2,18.45104358908976,73.76409496144304,18.416815889015137,73.86571283980354,22.455008290045058,15.711310761867075,2,available,0
18.524161285337946,73.96257930806753,route_3,18.4684825752409,73.901965564234,18.530653191461774,73.70973295381015,8.8986355354736,26.667838608889287,5,busy,0
18.524161285337946,73.96257930806753,route_4,18.408602136415862,73.87587082059603,18.520230326309324,73.82979563386353,15.771644250051173,14.006881911334823,2,busy,0
18.524161285337946,73.96257930806753,route_5,18.431769736584847,73.96139224313882,18.616715114950075,73.86330375403355,10.274234232802335,14.676994481865664,5,available,0
18.524161285337946,73.96257930806753,route_6,18.67826540463728,73.72096512473394,18.635913870368796,73.72321747318321,30.691746991600475,28.122853563861202,5,available,0
18.524161285337946,73.96257930806753,route_7,18.48171712665482,73.76327581278754,18.582646840333684,73.98496711376072,21.539369809320032,6.918280888829713,9,offline,0
18.524161285337946,73.96257930806753,route_8,18.462018133622998,73.99743939448328,18.407198691898518,73.95179965975407,7.826996061337128,13.055246430052286,8,available,0
18.524161285337946,73.96257930806753,route_9,18.549459685890337,73.70258117726151,18.610627112704925,73.96214979226147,27.554552503001258,9.614667926350686,6,busy,0
18.524161285337946,73.96257930806753,route_10,18.439797083860952,73.76732376630396,18.665889926544153,73.70933023255468,22.627761533289387,30.995400367358243,2,offline,0
18.524161285337946,73.96257930806753,route_11,18.497604458866828,73.7819760813979,18.461176023724313,73.76985624446678,19.27077445315516,21.496201509091954,4,busy,0
18.524161285337946,73.96257930806753,route_12,18.452053246881384,73.73083884114426,18.49490139783674,73.95247713709313,25.720158419958835,3.4234851074956856,5,available,0
18.524161285337946,73.96257930806753,route_13,18.61434052948725,73.95910897281446,18.595381819679304,73.79004004237743,10.034144162846278,19.8370471437666,3,busy,0
18.524161285337946,73.96257930806753,route_14,18.498697930986943,73.95439593981811,18.410949644255314,73.80825612427586,2.9599568326108554,20.576412353043132,7,busy,1
18.520346033672723,73.93904623682404,route_0,18.614850109927637,73.86302144126736,18.619617102629167,73.82669921131617,13.215252925918978,16.188891335316207,6,offline,0
18.520346033672723,73.93904623682404,route_1,18.490846892322832,73.97446070300018,18.433331378744178,73.95982508422698,4.970345907677275,9.920647176738678,4,offline,0
18.520346033672723,73.93904623682404,route_2,18.45104358908976,73.76409496144304,18.416815889015137,73.86571283980354,19.99459527637348,13.868910388813621,1,available,0
18.520346033672723,73.93904623682404,route_3,18.4684825752409,73.901965564234,18.530653191461774,73.70973295381015,6.9676194790144,24.204350762458382,5,busy,0
18.520346033672723,73.93904623682404,route_4,18.408602136415862,73.87587082059603,18.520230326309324,73.82979563386353,14.09918436181539,11.51898408907771,8,busy,0
18.520346033672723,73.93904623682404,route_5,18.431769736584847,73.96139224313882,18.616715114950075,73.86330375403355,10.12726052407921,13.362919116966312,9,available,0
18.520346033672723,73.93904623682404,route_6,18.67826540463728,73.72096512473394,18.635913870368796,73.72321747318321,28.923455154572626,26.127181487206936,9,available,0
18.520346033672723,73.93904623682404,route_7,18.48171712665482,73.76327581278754,18.582646840333684,73.98496711376072,19.02586908254274,8.45130005131765,2,offline,0
18.520346033672723,73.93904623682404,route_8,18.462018133622998,73.99743939448328,18.407198691898518,73.95179965975407,8.943361549937634,12.653111323327542,7,available,0
18.520346033672723,73.93904623682404,route_9,18.549459685890337,73.70258117726151,18.610627112704925,73.96214979226147,25.139174702174344,10.329965635813851,5,busy,0
18.520346033672723,73.93904623682404,route_10,18.439797083860952,73.76732376630396,18.665889926544153,73.70933023255468,20.203822274283862,29.12113332362891,8,offline,0
18.520346033672723,73.93904623682404,route_11,18.497604458866828,73.7819760813979,18.461176023724313,73.76985624446678,16.753924431874967,19.01630302454635,2,busy,0
18.520346033672723,73.93904623682404,route_12,18.452053246881384,73.73083884114426,18.49490139783674,73.95247713709313,23.233058544902683,3.1639639484511117,2,available,0
18.520346033672723,73.93904623682404,route_13,18.61434052948725,73.95910897281446,18.595381819679304,73.79004004237743,10.66351079207737,17.785719846768366,1,busy,0
18.520346033672723,73.93904623682404,route_14,18.498697930986943,73.95439593981811,18.410949644255314,73.80825612427586,2.900691977521788,18.391757884702308,8,busy,1
18.55479942298456,73.75473828515493,route_0,18.614850109927637,73.86302144126736,18.619617102629167,73.82669921131617,13.222537599235952,10.462717240405432,9,offline,0
18.55479942298456,73.75473828515493,route_1,18.490846892322832,73.97446070300018,18.433331378744178,73.95982508422698,24.23323581958731,25.498071818822655,4,offline,0
18.55479942298456,73.75473828515493,route_2,18.45104358908976,73.76409496144304,18.416815889015137,73.86571283980354,11.579232992418504,19.2969490050946,3,available,0
18.55479942298456,73.75473828515493,route_3,18.4684825752409,73.901965564234,18.530653191461774,73.70973295381015,18.25136514960237,5.451592014720101,6,busy,0
18.55479942298456,73.75473828515493,route_4,18.408602136415862,73.87587082059603,18.520230326309324,73.82979563386353,20.675149130324527,8.797199738415019,2,busy,0
18.55479942298456,73.75473828515493,route_5,18.431769736584847,73.96139224313882,18.616715114950075,73.86330375403355,25.73037828669794,13.353898217909222,2,available,0
18.55479942298456,73.75473828515493,route_6,18.67826540463728,73.72096512473394,18.635913870368796,73.72321747318321,14.182577789363917,9.611824533637407,7,available,0
18.55479942298456,73.75473828515493,route_7,18.48171712665482,73.76327581278754,18.582646840333684,73.98496711376072,8.176085719919637,24.464341489953085,3,offline,0
18.55479942298456,73.75473828515493,route_8,18.462018133622998,73.99743939448328,18.407198691898518,73.95179965975407,27.59256777646581,26.481455586149803,4,available,0
18.55479942298456,73.75473828515493,route_9,18.549459685890337,73.70258117726151,18.610627112704925,73.96214979226147,5.530193344348067,22.72501847686844,8,busy,1
18.55479942298456,73.75473828515493,route_10,18.439797083860952,73.76732376630396,18.665889926544153,73.70933023255468,12.856359761923722,13.247137813394025,4,offline,0
18.55479942298456,73.75473828515493,route_11,18.497604458866828,73.7819760813979,18.461176023724313,73.76985624446678,6.978100654453183,10.531787513743021,6,busy,0
18.55479942298456,73.75473828515493,route_12,18.452053246881384,73.73083884114426,18.49490139783674,73.95247713709313,11.69949845351211,21.88633266901044,3,available,0
18.55479942298456,73.75473828515493,route_13,18.61434052948725,73.95910897281446,18.595381819679304,73.79004004237743,22.53449757942102,5.848777734564552,1,busy,0
18.55479942298456,73.75473828515493,route_14,18.498697930986943,73.95439593981811,18.410949644255314,73.80825612427586,21.95524827659054,16.96189627671377,9,busy,0
18.50602831427593,73.82976756276246,route_0,18.614850109927637,73.86302144126736,18.619617102629167,73.82669921131617,12.597930667625944,12.634637483644662,8,offline,0
18.50602831427593,73.82976756276246,route_1,18.490846892322832,73.97446070300018,18.433331378744178,73.95982508422698,15.350953480982973,15.921524335641102,5,offline,0
18.50602831427593,73.82976756276246,route_2,18.45104358908976,73.76409496144304,18.416815889015137,73.86571283980354,9.238518903285149,10.619758621335457,9,available,0
18.50602831427593,73.82976756276246,route_3,18.4684825752409,73.901965564234,18.530653191461774,73.70973295381015,8.68326289809522,12.948960054360235,1,busy,0
18.50602831427593,73.82976756276246,route_4,18.408602136415862,73.87587082059603,18.520230326309324,73.82979563386353,11.87461901160657,1.5791944600266876,5,busy,0
18.50602831427593,73.82976756276246,route_5,18.431769736584847,73.96139224313882,18.616715114950075,73.86330375403355,16.15227135373374,12.805428383428989,4,available,0
18.50602831427593,73.82976756276246,route_6,18.67826540463728,73.72096512473394,18.635913870368796,73.72321747318321,22.322286437202234,18.295420850431007,5,available,0
18.50602831427593,73.82976756276246,route_7,18.48171712665482,73.76327581278754,18.582646840333684,73.98496711376072,7.514785995758654,18.446612081953038,3,offline,0
18.50602831427593,73.82976756276246,route_8,18.462018133622998,73.99743939448328,18.407198691898518,73.95179965975407,18.34712482084634,16.924495579235955,8,available,0
18.50602831427593,73.82976756276246,route_9,18.549459685890337,73.70258117726151,18.610627112704925,73.96214979226147,14.252599526998607,18.16625095746745,2,busy,0
18.50602831427593,73.82976756276246,route_10,18.439797083860952,73.76732376630396,18.665889926544153,73.70933023255468,9.879673135212236,21.84275397947778,1,offline,0
18.50602831427593,73.82976756276246,route_11,18.497604458866828,73.7819760813979,18.461176023724313,73.76985624446678,5.125811864510271,8.049411670570715,8,busy,1
18.50602831427593,73.82976756276246,route_12,18.452053246881384,73.73083884114426,18.49490139783674,73.95247713709313,12.036297924441826,12.998557009177059,2,available,0
18.50602831427593,73.82976756276246,route_13,18.61434052948725,73.95910897281446,18.595381819679304,73.79004004237743,18.191777509030686,10.782226645098765,2,busy,0
18.50602831427593,73.82976756276246,route_14,18.498697930986943,73.95439593981811,18.410949644255314,73.80825612427586,13.166982205473827,10.81298883808842,4,busy,0
18.664705403329275,73.85226277591146,route_0,18.614850109927637,73.86302144126736,18.619617102629167,73.82669921131617,5.658363160790815,5.691264641801217,5,offline,1
18.664705403329275,73.85226277591146,route_1,18.490846892322832,73.97446070300018,18.433331378744178,73.95982508422698,23.229751100504597,28.115554900772878,2,offline,0
18.664705403329275,73.85226277591146,route_2,18.45104358908976,73.76409496144304,18.416815889015137,73.86571283980354,25.51130828065661,27.600503524545637,3,available,0
18.664705403329275,73.85226277591146,route_3,18.4684825752409,73.901965564234,18.530653191461774,73.70973295381015,22.439155417087868,21.161685570689887,7,busy,0
18.664705403329275,73.85226277591146,route_4,18.408602136415862,73.87587082059603,18.520230326309324,73.82979563386353,28.58594126642801,16.23845994630815,1,busy,0
18.664705403329275,73.85226277591146,route_5,18.431769736584847,73.96139224313882,18.616715114950075,73.86330375403355,28.34121918114036,5.461603133683062,5,available,0
18.664705403329275,73.85226277591146,route_6,18.67826540463728,73.72096512473394,18.635913870368796,73.72321747318321,13.913192888455889,13.967529549826605,5,available,0
18.664705403329275,73.85226277591146,route_7,18.48171712665482,73.76327581278754,18.582646840333684,73.98496711376072,22.40515983457573,16.697036854229587,3,offline,0
18.664705403329275,73.85226277591146,route_8,18.462018133622998,73.99743939448328,18.407198691898518,73.95179965975407,27.242144482884864,30.495807047094534,7,available,0
18.664705403329275,73.85226277591146,route_9,18.549459685890337,73.70258117726151,18.610627112704925,73.96214979226147,20.32317812159416,13.046509008369645,4,busy,0
18.664705403329275,73.85226277591146,route_10,18.439797083860952,73.76732376630396,18.665889926544153,73.70933023255468,26.563261556270263,15.05802605503258,1,offline,0
18.664705403329275,73.85226277591146,route_11,18.497604458866828,73.7819760813979,18.461176023724313,73.76985624446678,20.00313883954476,24.241214067110946,1,busy,0
18.664705403329275,73.85226277591146,route_12,18.452053246881384,73.73083884114426,18.49490139783674,73.95247713709313,26.887844148732977,21.63498175150944,6,available,0
18.664705403329275,73.85226277591146,route_13,18.61434052948725,73.95910897281446,18.595381819679304,73.79004004237743,12.573656233059005,10.11954145074675,6,busy,0
18.664705403329275,73.85226277591146,route_14,18.498697930986943,73.95439593981811,18.410949644255314,73.80825612427586,21.36865960881465,28.595222730646142,1,busy,0
18.5362942099363,73.88286278493801,route_0,18.614850109927637,73.86302144126736,18.619617102629167,73.82669921131617,8.981879034949428,10.994741872672037,2,offline,0
18.5362942099363,73.88286278493801,route_1,18.490846892322832,73.97446070300018,18.433331378744178,73.95982508422698,10.90033506867236,14.033981268821424,5,offline,0
18.5362942099363,73.88286278493801,route_2,18.45104358908976,73.76409496144304,18.416815889015137,73.86571283980354,15.707319677157587,13.407936323053676,5,available,0
18.5362942099363,73.88286278493801,route_3,18.4684825752409,73.901965564234,18.530653191461774,73.70973295381015,7.80473078350316,18.263531316570184,6,busy,1
18.5362942099363,73.88286278493801,route_4,18.408602136415862,73.87587082059603,18.520230326309324,73.82979563386353,14.217846673227742,5.873156419052887,7,busy,0
18.5362942099363,73.88286278493801,route_5,18.431769736584847,73.96139224313882,18.616715114950075,73.86330375403355,14.271286526575263,9.176952429960956,5,available,0
18.5362942099363,73.88286278493801,route_6,18.67826540463728,73.72096512473394,18.635913870368796,73.72321747318321,23.244282472885953,20.144871006635867,5,available,0
18.5362942099363,73.88286278493801,route_7,18.48171712665482,73.76327581278754,18.582646840333684,73.98496711376072,13.993997881077362,11.933498464531153,9,offline,0
18.5362942099363,73.88286278493801,route_8,18.462018133622998,73.99743939448328,18.407198691898518,73.95179965975407,14.635175484592557,16.090978191305375,2,available,0
18.5362942099363,73.88286278493801,route_9,18.549459685890337,73.70258117726151,18.610627112704925,73.96214979226147,19.062006336260318,11.754107480291147,9,busy,0
18.5362942099363,73.88286278493801,route_10,18.439797083860952,73.76732376630396,18.665889926544153,73.70933023255468,16.23544849308752,23.28322700714314,7,offline,0
18.5362942099363,73.88286278493801,route_11,18.497604458866828,73.7819760813979,18.461176023724313,73.76985624446678,11.474354042586864,14.55236462593396,6,busy,0
18.5362942099363,73.88286278493801,route_12,18.452053246881384,73.73083884114426,18.49490139783674,73.95247713709313,18.567332635224417,8.663794856637779,6,available,0
18.5362942099363,73.88286278493801,route_13,18.61434052948725,73.95910897281446,18.595381819679304,73.79004004237743,11.827913931846718,11.78558915697366,3,busy,0
18.5362942099363,73.88286278493801,route_14,18.498697930986943,73.95439593981811,18.410949644255314,73.80825612427586,8.623409341163548,16.00532667507271,3,busy,0
18.480719837748815,73.95933065462883,route_0,18.614850109927637,73.86302144126736,18.619617102629167,73.82669921131617,18.0423333534078,20.83329671079628,1,offline,0
18.480719837748815,73.95933065462883,route_1,18.490846892322832,73.97446070300018,18.433331378744178,73.95982508422698,1.952925315368313,5.269614277371077,7,offline,1
18.480719837748815,73.95933065462883,route_2,18.45104358908976,73.76409496144304,18.416815889015137,73.86571283980354,20.85419202655159,12.165716141096054,5,available,0
18.480719837748815,73.95933065462883,route_3,18.4684825752409,73.901965564234,18.530653191461774,73.70973295381015,6.201109953083895,26.89819121573343,1,busy,0
18.480719837748815,73.95933065462883,route_4,18.408602136415862,73.87587082059603,18.520230326309324,73.82979563386353,11.908370581298309,14.348426922284395,9,busy,0
18.480719837748815,73.95933065462883,route_5,18.431769736584847,73.96139224313882,18.616715114950075,73.86330375403355,5.4473446797141,18.19753270515071,6,available,0
18.480719837748815,73.95933065462883,route_6,18.67826540463728,73.72096512473394,18.635913870368796,73.72321747318321,33.37222568641853,30.286567163698702,5,available,0
18.480719837748815,73.95933065462883,route_7,18.48171712665482,73.76327581278754,18.582646840333684,73.98496711376072,20.676306497502864,11.6515897745485,7,offline,0
18.480719837748815,73.95933065462883,route_8,18.462018133622998,73.99743939448328,18.407198691898518,73.95179965975407,4.525302663933459,8.213683916192542,3,available,0
18.480719837748815,73.95933065462883,route_9,18.549459685890337,73.70258117726151,18.610627112704925,73.96214979226147,28.12989604165225,14.448086864364658,9,busy,0
18.480719837748815,73.95933065462883,route_10,18.439797083860952,73.76732376630396,18.665889926544153,73.70933023255468,20.756513198472224,33.44125847928482,1,offline,0
18.480719837748815,73.95933065462883,route_11,18.497604458866828,73.7819760813979,18.461176023724313,73.76985624446678,18.797004283401048,20.101050153882042,3,busy,0
18.480719837748815,73.95933065462883,route_12,18.452053246881384,73.73083884114426,18.49490139783674,73.95247713709313,24.30880391663173,1.7346559850971106,3,available,0
18.480719837748815,73.95933065462883,route_13,18.61434052948725,73.95910897281446,18.595381819679304,73.79004004237743,14.857961394658332,21.933807350964866,3,busy,0
18.480719837748815,73.95933065462883,route_14,18.498697930986943,73.95439593981811,18.410949644255314,73.80825612427586,2.0656956694057302,17.72379993948861,4,busy,0
18.632191240404577,73.87404563179457,route_0,18.614850109927637,73.86302144126736,18.619617102629167,73.82669921131617,2.2511227104009617,5.181160463785184,7,offline,1
18.632191240404577,73.87404563179457,route_1,18.490846892322832,73.97446070300018,18.433331378744178,73.95982508422698,18.948764687679898,23.890090796530774,4,offline,0
18.632191240404577,73.87404563179457,route_2,18.45104358908976,73.76409496144304,18.416815889015137,73.86571283980354,23.23978132935949,23.964755900989125,6,available,0
18.632191240404577,73.87404563179457,route_3,18.4684825752409,73.901965564234,18.530653191461774,73.70973295381015,18.439978842185564,20.673646651936238,9,busy,0
18.632191240404577,73.87404563179457,route_4,18.408602136415862,73.87587082059603,18.520230326309324,73.82979563386353,24.862718786827298,13.294466339309205,4,busy,0
18.632191240404577,73.87404563179457,route_5,18.431769736584847,73.96139224313882,18.616715114950075,73.86330375403355,24.113533796668563,2.0597479061149833,4,available,0
18.632191240404577,73.87404563179457,route_6,18.67826540463728,73.72096512473394,18.635913870368796,73.72321747318321,16.921650695373017,15.89754037437731,3,available,0
18.632191240404577,73.87404563179457,route_7,18.48171712665482,73.76327581278754,18.582646840333684,73.98496711376072,20.40349235479097,12.922340020238869,5,offline,0
18.632191240404577,73.87404563179457,route_8,18.462018133622998,73.99743939448328,18.407198691898518,73.95179965975407,22.96232081017739,26.327000196969347,8,available,0
18.632191240404577,73.87404563179457,route_9,18.549459685890337,73.70258117726151,18.610627112704925,73.96214979226147,20.277879069772734,9.588522124122488,8,busy,0
18.632191240404577,73.87404563179457,route_10,18.439797083860952,73.76732376630396,18.665889926544153,73.70933023255468,24.17154157202717,17.753799886718642,6,offline,0
18.632191240404577,73.87404563179457,route_11,18.497604458866828,73.7819760813979,18.461176023724313,73.76985624446678,17.8367020836707,21.96018027886973,3,busy,0
18.632191240404577,73.87404563179457,route_12,18.452053246881384,73.73083884114426,18.49490139783674,73.95247713709313,25.082767766281577,17.360850529897128,4,available,0
18.632191240404577,73.87404563179457,route_13,18.61434052948725,73.95910897281446,18.595381819679304,73.79004004237743,9.180493637943423,9.75282020915215,3,busy,0
18.632191240404577,73.87404563179457,route_14,18.498697930986943,73.95439593981811,18.410949644255314,73.80825612427586,17.090108732976052,25.560164887754663,2,busy,0
18.639943337170575,73.75744015734546,route_0,18.614850109927637,73.86302144126736,18.619617102629167,73.82669921131617,11.469674697997071,7.639714176542585,2,offline,0
18.639943337170575,73.75744015734546,route_1,18.490846892322832,73.97446070300018,18.433331378744178,73.95982508422698,28.251676014170208,31.35389684451041,7,offline,0
18.639943337170575,73.75744015734546,route_2,18.45104358908976,73.76409496144304,18.416815889015137,73.86571283980354,21.016406267302774,27.31075560501035,3,available,0
18.639943337170575,73.75744015734546,route_3,18.4684825752409,73.901965564234,18.530653191461774,73.70973295381015,24.4050567117793,13.151647205084256,5,busy,0
18.639943337170575,73.75744015734546,route_4,18.408602136415862,73.87587082059603,18.520230326309324,73.82979563386353,28.59435873487703,15.341274412813222,1,busy,0
18.639943337170575,73.75744015734546,route_5,18.431769736584847,73.96139224313882,18.616715114950075,73.86330375403355,31.59363484198393,11.449915858182113,6,available,0
18.639943337170575,73.75744015734546,route_6,18.67826540463728,73.72096512473394,18.635913870368796,73.72321747318321,5.737945627180419,3.633553958282514,3,available,1
18.639943337170575,73.75744015734546,route_7,18.48171712665482,73.76327581278754,18.582646840333684,73.98496711376072,17.60470232714572,24.80881895492891,9,offline,0
18.639943337170575,73.75744015734546,route_8,18.462018133622998,73.99743939448328,18.407198691898518,73.95179965975407,32.11720815462593,33.010649864540085,7,available,0
18.639943337170575,73.75744015734546,route_9,18.549459685890337,73.70258117726151,18.610627112704925,73.96214979226147,11.604187644582828,21.815461460952047,4,busy,0
18.639943337170575,73.75744015734546,route_10,18.439797083860952,73.76732376630396,18.665889926544153,73.70933023255468,22.279626676459813,5.832196641859361,9,offline,0
18.639943337170575,73.75744015734546,route_11,18.497604458866828,73.7819760813979,18.461176023724313,73.76985624446678,16.037269243694986,19.921063260299107,6,busy,0
18.639943337170575,73.75744015734546,route_12,18.452053246881384,73.73083884114426,18.49490139783674,73.95247713709313,21.079791893687773,26.129550153372886,1,available,0
18.639943337170575,73.75744015734546,route_13,18.61434052948725,73.95910897281446,18.595381819679304,73.79004004237743,21.439742590139105,6.02935349693228,7,busy,0
18.639943337170575,73.75744015734546,route_14,18.498697930986943,73.95439593981811,18.410949644255314,73.80825612427586,26.03194216214859,26.02048982524863,7,busy,0
18.514430582981213,73.75752532990575,route_0,18.614850109927637,73.86302144126736,18.619617102629167,73.82669921131617,15.758876537908876,13.782828525221609,8,offline,0
18.514430582981213,73.75752532990575,route_1,18.490846892322832,73.97446070300018,18.433331378744178,73.95982508422698,23.025039117173876,23.163010938615763,4,offline,0
18.514430582981213,73.75752532990575,route_2,18.45104358908976,73.76409496144304,18.416815889015137,73.86571283980354,7.082281872653281,15.748493886554582,7,available,0
18.514430582981213,73.75752532990575,route_3,18.4684825752409,73.901965564234,18.530653191461774,73.70973295381015,16.065853968734633,5.352131518312814,5,busy,0
18.514430582981213,73.75752532990575,route_4,18.408602136415862,73.87587082059603,18.520230326309324,73.82979563386353,17.154622502752463,7.647284740277352,9,busy,0
18.514430582981213,73.75752532990575,route_5,18.431769736584847,73.96139224313882,18.616715114950075,73.86330375403355,23.3831403614612,15.927266151650025,2,available,0
18.514430582981213,73.75752532990575,route_6,18.67826540463728,73.72096512473394,18.635913870368796,73.72321747318321,18.620606863024005,13.983963767404422,6,available,0
18.514430582981213,73.75752532990575,route_7,18.48171712665482,73.76327581278754,18.582646840333684,73.98496711376072,3.687766926562423,25.14789170828211,1,offline,0
18.514430582981213,73.75752532990575,route_8,18.462018133622998,73.99743939448328,18.407198691898518,73.95179965975407,25.9629517675294,23.707398914041033,3,available,0
18.514430582981213,73.75752532990575,route_9,18.549459685890337,73.70258117726151,18.610627112704925,73.96214979226147,6.98047222398831,24.076129186488526,2,busy,0
18.514430582981213,73.75752532990575,route_10,18.439797083860952,73.76732376630396,18.665889926544153,73.70933023255468,8.362956432115183,17.59082400267616,6,offline,0
18.514430582981213,73.75752532990575,route_11,18.497604458866828,73.7819760813979,18.461176023724313,73.76985624446678,3.18555146316909,6.0627346068991494,5,busy,1
18.514430582981213,73.75752532990575,route_12,18.452053246881384,73.73083884114426,18.49490139783674,73.95247713709313,7.485263231489387,20.671247308527438,5,available,0
18.514430582981213,73.75752532990575,route_13,18.61434052948725,73.95910897281446,18.595381819679304,73.79004004237743,23.977685721947957,9.631853600707423,4,busy,0
18.514430582981213,73.75752532990575,route_14,18.498697930986943,73.95439593981811,18.410949644255314,73.80825612427586,20.832550004490134,12.689776191655573,7,busy,0
18.66869394955736,73.8594514064034,route_0,18.614850109927637,73.86302144126736,18.619617102629167,73.82669921131617,5.998965738365253,6.456597318278664,4,offline,1
18.66869394955736,73.8594514064034,route_1,18.490846892322832,73.97446070300018,18.433331378744178,73.95982508422698,23.19523496054933,28.229199477939087,6,offline,0
18.66869394955736,73.8594514064034,route_2,18.45104358908976,73.76409496144304,18.416815889015137,73.86571283980354,26.206005279063888,28.015340089737936,7,available,0
18.66869394955736,73.8594514064034,route_3,18.4684825752409,73.901965564234,18.530653191461774,73.70973295381015,22.709032303623626,22.01279751107685,7,busy,0
18.66869394955736,73.8594514064034,route_4,18.408602136415862,73.87587082059603,18.520230326309324,73.82979563386353,28.972647320643976,16.80165668990431,1,busy,0
18.66869394955736,73.8594514064034,route_5,18.431769736584847,73.96139224313882,18.616715114950075,73.86330375403355,28.452264896839367,5.794016840438365,2,available,0
18.66869394955736,73.8594514064034,route_6,18.67826540463728,73.72096512473394,18.635913870368796,73.72321747318321,14.627119295356245,14.808472026437604,9,available,0
18.66869394955736,73.8594514064034,route_7,18.48171712665482,73.76327581278754,18.582646840333684,73.98496711376072,23.130539366853768,16.32380538933791,5,offline,0
18.66869394955736,73.8594514064034,route_8,18.462018133622998,73.99743939448328,18.407198691898518,73.95179965975407,27.197424945032733,30.663583474977294,4,available,0
18.66869394955736,73.8594514064034,route_9,18.549459685890337,73.70258117726151,18.610627112704925,73.96214979226147,21.19107670433347,12.60054971982081,6,busy,0
18.66869394955736,73.8594514064034,route_10,18.439797083860952,73.76732376630396,18.665889926544153,73.70933023255468,27.24204914806029,15.817634688923022,2,offline,0
18.66869394955736,73.8594514064034,route_11,18.497604458866828,73.7819760813979,18.461176023724313,73.76985624446678,20.702704979661107,24.93278956501792,7,busy,0
18.66869394955736,73.8594514064034,route_12,18.452053246881384,73.73083884114426,18.49490139783674,73.95247713709313,27.642274479430572,21.669862214365114,4,available,0
18.66869394955736,73.8594514064034,route_13,18.61434052948725,73.95910897281446,18.595381819679304,73.79004004237743,12.115233855563377,10.95189418075378,3,busy,0
18.66869394955736,73.8594514064034,route_14,18.498697930986943,73.95439593981811,18.410949644255314,73.80825612427586,21.388067671322343,29.163632799739887,3,busy,0
18.554732984009753,73.70261708745738,route_0,18.614850109927637,73.86302144126736,18.619617102629167,73.82669921131617,18.179656868930937,14.935781069014794,2,offline,0
18.554732984009753,73.70261708745738,route_1,18.490846892322832,73.97446070300018,18.433331378744178,73.95982508422698,29.528974386445654,30.296828483144473,5,offline,0
18.554732984009753,73.70261708745738,route_2,18.45104358908976,73.76409496144304,18.416815889015137,73.86571283980354,13.227229972971994,23.043692630349764,3,available,0
18.554732984009753,73.70261708745738,route_3,18.4684825752409,73.901965564234,18.530653191461774,73.70973295381015,23.104206764193815,2.7806539380435855,1,busy,0
18.554732984009753,73.70261708745738,route_4,18.408602136415862,73.87587082059603,18.520230326309324,73.82979563386353,24.45142611002468,13.945975502463103,6,busy,0
18.554732984009753,73.70261708745738,route_5,18.431769736584847,73.96139224313882,18.616715114950075,73.86330375403355,30.522369746354016,18.28440009079972,5,available,0
18.554732984009753,73.70261708745738,route_6,18.67826540463728,73.72096512473394,18.635913870368796,73.72321747318321,13.871584469779622,9.284316374293269,3,available,0
18.554732984009753,73.70261708745738,route_7,18.48171712665482,73.76327581278754,18.582646840333684,73.98496711376072,10.335526676306891,29.92291438083472,6,offline,0
18.554732984009753,73.70261708745738,route_8,18.462018133622998,73.99743939448328,18.407198691898518,73.95179965975407,32.75199851161639,30.979138599057848,4,available,0
18.554732984009753,73.70261708745738,route_9,18.549459685890337,73.70258117726151,18.610627112704925,73.96214979226147,0.5863762170282426,28.051347830696066,7,busy,1
18.554732984009753,73.70261708745738,route_10,18.439797083860952,73.76732376630396,18.665889926544153,73.70933023255468,14.487714119669175,12.38031671952392,6,offline,0
18.554732984009753,73.70261708745738,route_11,18.497604458866828,73.7819760813979,18.461176023724313,73.76985624446678,10.505245545896457,12.589325905223918,6,busy,0
18.554732984009753,73.70261708745738,route_12,18.452053246881384,73.73083884114426,18.49490139783674,73.95247713709313,11.798917206709314,27.170718032014516,7,available,0
18.554732984009753,73.70261708745738,route_13,18.61434052948725,73.95910897281446,18.595381819679304,73.79004004237743,27.83404847936667,10.2634621737351,3,busy,0
18.554732984009753,73.70261708745738,route_14,18.498697930986943,73.95439593981811,18.410949644255314,73.80825612427586,27.267071635838075,19.486632146994907,2,busy,0
18.42430305527887,73.98022881805421,route_0,18.614850109927637,73.86302144126736,18.619617102629167,73.82669921131617,24.528446040784658,27.08691827966049,1,offline,0
18.42430305527887,73.98022881805421,route_1,18.490846892322832,73.97446070300018,18.433331378744178,73.95982508422698,7.424306635881509,2.3750426027667784,6,offline,0
18.42430305527887,73.98022881805421,route_2,18.45104358908976,73.76409496144304,18.416815889015137,73.86571283980354,22.99240522749369,12.109812121060623,2,available,0
18.42430305527887,73.98022881805421,route_3,18.4684825752409,73.901965564234,18.530653191461774,73.70973295381015,9.606442739285013,30.88115674660223,3,busy,0
18.42430305527887,73.98022881805421,route_4,18.408602136415862,73.87587082059603,18.520230326309324,73.82979563386353,11.147345182053426,19.117868614100534,4,busy,0
18.42430305527887,73.98022881805421,route_5,18.431769736584847,73.96139224313882,18.616715114950075,73.86330375403355,2.1536017633074223,24.692894542316438,6,available,1
18.42430305527887,73.98022881805421,route_6,18.67826540463728,73.72096512473394,18.635913870368796,73.72321747318321,39.2992695250798,35.88727586391461,3,available,0
18.42430305527887,73.98022881805421,route_7,18.48171712665482,73.76327581278754,18.582646840333684,73.98496711376072,23.757546293332677,17.614113275470114,3,offline,0
18.42430305527887,73.98022881805421,route_8,18.462018133622998,73.99743939448328,18.407198691898518,73.95179965975407,4.569807368906174,3.5514848178597918,8,available,0
18.42430305527887,73.98022881805421,route_9,18.549459685890337,73.70258117726151,18.610627112704925,73.96214979226147,32.418908782095855,20.80579712483896,8,busy,0
18.42430305527887,73.98022881805421,route_10,18.439797083860952,73.76732376630396,18.665889926544153,73.70933023255468,22.5254522670618,39.207313408000815,8,offline,0
18.42430305527887,73.98022881805421,route_11,18.497604458866828,73.7819760813979,18.461176023724313,73.76985624446678,22.442681350554807,22.56653189369633,7,busy,0
18.42430305527887,73.98022881805421,route_12,18.452053246881384,73.73083884114426,18.49490139783674,73.95247713709313,26.48769208506156,8.378127925831018,6,available,0
18.42430305527887,73.98022881805421,route_13,18.61434052948725,73.95910897281446,18.595381819679304,73.79004004237743,21.248209789250723,27.641297150757413,9,busy,0
18.42430305527887,73.98022881805421,route_14,18.498697930986943,73.95439593981811,18.410949644255314,73.80825612427586,8.709491667267889,18.203672768499082,6,busy,0
18.48987721848693,73.97188537571677,route_0,18.614850109927637,73.86302144126736,18.619617102629167,73.82669921131617,18.02243941831804,21.032316228194635,4,offline,0
18.48987721848693,73.97188537571677,route_1,18.490846892322832,73.97446070300018,18.433331378744178,73.95982508422698,0.2922014232458468,6.414990303087853,5,offline,1
18.48987721848693,73.97188537571677,route_2,18.45104358908976,73.76409496144304,18.416815889015137,73.86571283980354,22.336386011381393,13.83522724240794,6,available,0
18.48987721848693,73.97188537571677,route_3,18.4684825752409,73.901965564234,18.530653191461774,73.70973295381015,7.748113173002977,28.011383747063206,2,busy,0
18.48987721848693,73.97188537571677,route_4,18.408602136415862,73.87587082059603,18.520230326309324,73.82979563386353,13.573604432958748,15.35819274590236,1,busy,0
18.48987721848693,73.97188537571677,route_5,18.431769736584847,73.96139224313882,18.616715114950075,73.86330375403355,6.555358094013455,18.16401229405683,2,available,0
18.48987721848693,73.97188537571677,route_6,18.67826540463728,73.72096512473394,18.635913870368796,73.72321747318321,33.7373993095883,30.834437457978023,9,available,0
18.48987721848693,73.97188537571677,route_7,18.48171712665482,73.76327581278754,18.582646840333684,73.98496711376072,22.018150316720003,10.407298283979046,8,offline,0
18.48987721848693,73.97188537571677,route_8,18.462018133622998,73.99743939448328,18.407198691898518,73.95179965975407,4.106022368736408,9.434398821978117,8,available,0
18.48987721848693,73.97188537571677,route_9,18.549459685890337,73.70258117726151,18.610627112704925,73.96214979226147,29.157221736039997,13.465942322493847,2,busy,0
18.48987721848693,73.97188537571677,route_10,18.439797083860952,73.76732376630396,18.665889926544153,73.70933023255468,22.28225732532139,33.89504345409316,4,offline,0
18.48987721848693,73.97188537571677,route_11,18.497604458866828,73.7819760813979,18.461176023724313,73.76985624446678,20.044858244489024,21.54445432793949,5,busy,0
18.48987721848693,73.97188537571677,route_12,18.452053246881384,73.73083884114426,18.49490139783674,73.95247713709313,25.7679214259144,2.121543398185557,2,available,0
18.48987721848693,73.97188537571677,route_13,18.61434052948725,73.95910897281446,18.595381819679304,73.79004004237743,13.905070166047443,22.47534681454045,3,busy,0
18.48987721848693,73.97188537571677,route_14,18.498697930986943,73.95439593981811,18.410949644255314,73.80825612427586,2.0888876747225398,19.362704480479906,2,busy,0
18.691558628299813,73.747308883638,route_0,18.614850109927637,73.86302144126736,18.619617102629167,73.82669921131617,14.878484877226883,11.573616598229103,3,offline,0
18.691558628299813,73.747308883638,route_1,18.490846892322832,73.97446070300018,18.433331378744178,73.95982508422698,32.729589604220266,36.418258455250786,3,offline,0
18.691558628299813,73.747308883638,route_2,18.45104358908976,73.76409496144304,18.416815889015137,73.86571283980354,26.80251589174489,33.001397837856274,8,available,0
18.691558628299813,73.747308883638,route_3,18.4684825752409,73.901965564234,18.530653191461774,73.70973295381015,29.68159988366749,18.324808745185834,6,busy,0
18.691558628299813,73.747308883638,route_4,18.408602136415862,73.87587082059603,18.520230326309324,73.82979563386353,34.258092056937436,20.940342962904786,9,busy,0
18.691558628299813,73.747308883638,route_5,18.431769736584847,73.96139224313882,18.616715114950075,73.86330375403355,36.656852390271524,14.78509447806188,5,available,0
18.691558628299813,73.747308883638,route_6,18.67826540463728,73.72096512473394,18.635913870368796,73.72321747318321,3.1440390831854392,6.687704720363172,9,available,1
18.691558628299813,73.747308883638,route_7,18.48171712665482,73.76327581278754,18.582646840333684,73.98496711376072,23.393916252268603,27.815386040406423,4,offline,0
18.691558628299813,73.747308883638,route_8,18.462018133622998,73.99743939448328,18.407198691898518,73.95179965975407,36.69503963902099,38.268676023042254,9,available,0
18.691558628299813,73.747308883638,route_9,18.549459685890337,73.70258117726151,18.610627112704925,73.96214979226147,16.48864231043332,24.35799741328865,7,busy,0
18.691558628299813,73.747308883638,route_10,18.439797083860952,73.76732376630396,18.665889926544153,73.70933023255468,28.073990799820464,4.914412469270295,9,offline,0
18.691558628299813,73.747308883638,route_11,18.497604458866828,73.7819760813979,18.461176023724313,73.76985624446678,21.874005024575958,25.727376001484384,2,busy,0
18.691558628299813,73.747308883638,route_12,18.452053246881384,73.73083884114426,18.49490139783674,73.95247713709313,26.688305101543843,30.752704508157436,6,available,0
18.691558628299813,73.747308883638,route_13,18.61434052948725,73.95910897281446,18.595381819679304,73.79004004237743,23.90898930771976,11.603406754181954,3,busy,0
18.691558628299813,73.747308883638,route_14,18.498697930986943,73.95439593981811,18.410949644255314,73.80825612427586,30.597711564142895,31.856903276459143,4,busy,0
18.471725660468238,73.8452406582915,route_0,18.614850109927637,73.86302144126736,18.619617102629167,73.82669921131617,16.024724003298406,16.560536907769283,6,offline,0
18.471725660468238,73.8452406582915,route_1,18.490846892322832,73.97446070300018,18.433331378744178,73.95982508422698,13.792450965852588,12.817998926372605,3,offline,0
18.471725660468238,73.8452406582915,route_2,18.45104358908976,73.76409496144304,18.416815889015137,73.86571283980354,8.862232598620366,6.476320561979906,9,available,0
18.471725660468238,73.8452406582915,route_3,18.4684825752409,73.901965564234,18.530653191461774,73.70973295381015,5.993474087975197,15.719753193986998,2,busy,1
18.471725660468238,73.8452406582915,route_4,18.408602136415862,73.87587082059603,18.520230326309324,73.82979563386353,7.726978646821168,5.634021906179723,7,busy,0
18.471725660468238,73.8452406582915,route_5,18.431769736584847,73.96139224313882,18.616715114950075,73.86330375403355,13.032202950320542,16.23416046411041,7,available,0
18.471725660468238,73.8452406582915,route_6,18.67826540463728,73.72096512473394,18.635913870368796,73.72321747318321,26.439125378488338,22.333262645714413,4,available,0
18.471725660468238,73.8452406582915,route_7,18.48171712665482,73.76327581278754,18.582646840333684,73.98496711376072,8.71537003196234,19.213162749972142,2,offline,0
18.471725660468238,73.8452406582915,route_8,18.462018133622998,73.99743939448328,18.407198691898518,73.95179965975407,16.088524525352426,13.335294641556814,6,available,0
18.471725660468238,73.8452406582915,route_9,18.549459685890337,73.70258117726151,18.610627112704925,73.96214979226147,17.348895648641893,19.759978053373914,9,busy,0
18.471725660468238,73.8452406582915,route_10,18.439797083860952,73.76732376630396,18.665889926544153,73.70933023255468,8.952433139802999,25.910624076854095,6,offline,0
18.471725660468238,73.8452406582915,route_11,18.497604458866828,73.7819760813979,18.461176023724313,73.76985624446678,7.265881808335881,8.036822489482175,5,busy,0
18.471725660468238,73.8452406582915,route_12,18.452053246881384,73.73083884114426,18.49490139783674,73.95247713709313,12.262893333511204,11.598957876185347,4,available,0
18.471725660468238,73.8452406582915,route_13,18.61434052948725,73.95910897281446,18.595381819679304,73.79004004237743,19.889186860357157,14.930828050836062,4,busy,0
18.471725660468238,73.8452406582915,route_14,18.498697930986943,73.95439593981811,18.410949644255314,73.80825612427586,11.895576898784958,7.803240259051375,2,busy,0
18.445758215482105,73.77005023779799,route_0,18.614850109927637,73.86302144126736,18.619617102629167,73.82669921131617,21.2037648877383,20.233753473931085,3,offline,0
18.445758215482105,73.77005023779799,route_1,18.490846892322832,73.97446070300018,18.433331378744178,73.95982508422698,22.134117873022312,20.06621215922927,4,offline,0
18.445758215482105,73.77005023779799,route_2,18.45104358908976,73.76409496144304,18.416815889015137,73.86571283980354,0.860227420134471,10.592277667415315,9,available,0
18.445758215482105,73.77005023779799,route_3,18.4684825752409,73.901965564234,18.530653191461774,73.70973295381015,14.141372415758212,11.382951293640792,2,busy,0
18.445758215482105,73.77005023779799,route_4,18.408602136415862,73.87587082059603,18.520230326309324,73.82979563386353,11.90340544568881,10.405408204044324,9,busy,0
18.445758215482105,73.77005023779799,route_5,18.431769736584847,73.96139224313882,18.616715114950075,73.86330375403355,20.243829072980297,21.401502909778223,1,available,0
18.445758215482105,73.77005023779799,route_6,18.67826540463728,73.72096512473394,18.635913870368796,73.72321747318321,26.366281390901868,21.713129213471465,2,available,0
18.445758215482105,73.77005023779799,route_7,18.48171712665482,73.76327581278754,18.582646840333684,73.98496711376072,4.061786441951995,27.29838764967478,5,offline,0
18.445758215482105,73.77005023779799,route_8,18.462018133622998,73.99743939448328,18.407198691898518,73.95179965975407,24.052407144751616,19.64702321925344,2,available,0
18.445758215482105,73.77005023779799,route_9,18.549459685890337,73.70258117726151,18.610627112704925,73.96214979226147,13.549305460298323,27.318134418934815,8,busy,0
18.445758215482105,73.77005023779799,route_10,18.439797083860952,73.76732376630396,18.665889926544153,73.70933023255468,0.7225511254763762,25.300575292531597,7,offline,1
18.445758215482105,73.77005023779799,route_11,18.497604458866828,73.7819760813979,18.461176023724313,73.76985624446678,5.900650071781817,1.7145041631719131,7,busy,0
18.445758215482105,73.77005023779799,route_12,18.452053246881384,73.73083884114426,18.49490139783674,73.95247713709313,4.19483930635073,20.000973373012034,2,available,0
18.445758215482105,73.77005023779799,route_13,18.61434052948725,73.95910897281446,18.595381819679304,73.79004004237743,27.362351843245683,16.770354075091433,5,busy,0
18.445758215482105,73.77005023779799,route_14,18.498697930986943,73.95439593981811,18.410949644255314,73.80825612427586,20.313804826949657,5.587982801252254,5,busy,0
18.481421032525365,73.89116437469082,route_0,18.614850109927637,73.86302144126736,18.619617102629167,73.82669921131617,15.130356734056791,16.80231869219555,4,offline,0
18.481421032525365,73.89116437469082,route_1,18.490846892322832,73.97446070300018,18.433331378744178,73.95982508422698,8.846514743669557,9.00223741112042,9,offline,0
18.481421032525365,73.89116437469082,route_2,18.45104358908976,73.76409496144304,18.416815889015137,73.86571283980354,13.821071684496077,7.66900929386506,8,available,0
18.481421032525365,73.89116437469082,route_3,18.4684825752409,73.901965564234,18.530653191461774,73.70973295381015,1.835066299004625,19.89888424996954,2,busy,1
18.481421032525365,73.89116437469082,route_4,18.408602136415862,73.87587082059603,18.520230326309324,73.82979563386353,8.256229261584277,7.778138063868461,3,busy,0
18.481421032525365,73.89116437469082,route_5,18.431769736584847,73.96139224313882,18.616715114950075,73.86330375403355,9.238478675225165,15.32803046815573,5,available,0
18.481421032525365,73.89116437469082,route_6,18.67826540463728,73.72096512473394,18.635913870368796,73.72321747318321,28.300053667584905,24.668466468963043,2,available,0
18.481421032525365,73.89116437469082,route_7,18.48171712665482,73.76327581278754,18.582646840333684,73.98496711376072,13.487183444891178,14.98318271762501,2,offline,0
18.481421032525365,73.89116437469082,route_8,18.462018133622998,73.99743939448328,18.407198691898518,73.95179965975407,11.414180153768472,10.441416005866897,6,available,0
18.481421032525365,73.89116437469082,route_9,18.549459685890337,73.70258117726151,18.610627112704925,73.96214979226147,21.27472444938984,16.1991464958163,3,busy,0
18.481421032525365,73.89116437469082,route_10,18.439797083860952,73.76732376630396,18.665889926544153,73.70933023255468,13.85761607445101,28.072666086478858,6,offline,0
18.481421032525365,73.89116437469082,route_11,18.497604458866828,73.7819760813979,18.461176023724313,73.76985624446678,11.654245303679053,12.990475316811864,2,busy,0
18.481421032525365,73.89116437469082,route_12,18.452053246881384,73.73083884114426,18.49490139783674,73.95247713709313,17.22184738883101,6.63727737823902,2,available,0
18.481421032525365,73.89116437469082,route_13,18.61434052948725,73.95910897281446,18.595381819679304,73.79004004237743,16.424110936891438,16.56000813272762,6,busy,0
18.481421032525365,73.89116437469082,route_14,18.498697930986943,73.95439593981811,18.410949644255314,73.80825612427586,6.9393015521766,11.742419364371857,2,busy,0
18.431526928229324,73.82356654908702,route_0,18.614850109927637,73.86302144126736,18.619617102629167,73.82669921131617,20.804735876575553,20.917280929899334,6,offline,0
18.431526928229324,73.82356654908702,route_1,18.490846892322832,73.97446070300018,18.433331378744178,73.95982508422698,17.227943420731446,14.375355923668454,5,offline,0
18.431526928229324,73.82356654908702,route_2,18.45104358908976,73.76409496144304,18.416815889015137,73.86571283980354,6.6381117665658795,4.737600645865668,5,available,0
18.431526928229324,73.82356654908702,route_3,18.4684825752409,73.901965564234,18.530653191461774,73.70973295381015,9.234211526470547,16.297558797548195,8,busy,0
18.431526928229324,73.82356654908702,route_4,18.408602136415862,73.87587082059603,18.520230326309324,73.82979563386353,6.078341696681167,9.88522117522378,2,busy,0
18.431526928229324,73.82356654908702,route_5,18.431769736584847,73.96139224313882,18.616715114950075,73.86330375403355,14.539366768518411,21.01387782703792,8,available,0
18.431526928229324,73.82356654908702,route_6,18.67826540463728,73.72096512473394,18.635913870368796,73.72321747318321,29.490970619523516,25.068602818670882,6,available,0
18.431526928229324,73.82356654908702,route_7,18.48171712665482,73.76327581278754,18.582646840333684,73.98496711376072,8.46083496704599,23.916636587420697,7,offline,0
18.431526928229324,73.82356654908702,route_8,18.462018133622998,73.99743939448328,18.407198691898518,73.95179965975407,18.65112387819989,13.796195535930991,8,available,0
18.431526928229324,73.82356654908702,route_9,18.549459685890337,73.70258117726151,18.610627112704925,73.96214979226147,18.29598152676226,24.700366469085107,4,busy,0
18.431526928229324,73.82356654908702,route_10,18.439797083860952,73.76732376630396,18.665889926544153,73.70933023255468,6.003802583121499,28.70796922729926,4,offline,1
18.431526928229324,73.82356654908702,route_11,18.497604458866828,73.7819760813979,18.461176023724313,73.76985624446678,8.557309909131519,6.554883250683097,5,busy,0
18.431526928229324,73.82356654908702,route_12,18.452053246881384,73.73083884114426,18.49490139783674,73.95247713709313,10.04410817004266,15.314066461118763,5,available,0
18.431526928229324,73.82356654908702,route_13,18.61434052948725,73.95910897281446,18.595381819679304,73.79004004237743,24.84862184505021,18.55960338412664,6,busy,0
18.431526928229324,73.82356654908702,route_14,18.498697930986943,73.95439593981811,18.410949644255314,73.80825612427586,15.690398785010002,2.800758190651109,3,busy,0
18.45376198974476,73.90478273286563,route_0,18.614850109927637,73.86302144126736,18.619617102629167,73.82669921131617,18.445347193530342,20.19611344565191,1,offline,0
18.45376198974476,73.90478273286563,route_1,18.490846892322832,73.97446070300018,18.433331378744178,73.95982508422698,8.426570201075302,6.234686121478593,1,offline,0
18.45376198974476,73.90478273286563,route_2,18.45104358908976,73.76409496144304,18.416815889015137,73.86571283980354,14.84255010826893,5.819245743581847,3,available,0
18.45376198974476,73.90478273286563,route_3,18.4684825752409,73.901965564234,18.530653191461774,73.70973295381015,1.6636048930044884,22.27492204538537,6,busy,1
18.45376198974476,73.90478273286563,route_4,18.408602136415862,73.87587082059603,18.520230326309324,73.82979563386353,5.875212130274456,10.824087327768787,7,busy,0
18.45376198974476,73.90478273286563,route_5,18.431769736584847,73.96139224313882,18.616715114950075,73.86330375403355,6.4527267062517675,18.639786870944768,8,available,0
18.45376198974476,73.90478273286563,route_6,18.67826540463728,73.72096512473394,18.635913870368796,73.72321747318321,31.60073612024902,27.867717730753537,9,available,0
18.45376198974476,73.90478273286563,route_7,18.48171712665482,73.76327581278754,18.582646840333684,73.98496711376072,15.244818212933062,16.63925963411762,7,offline,0
18.45376198974476,73.90478273286563,route_8,18.462018133622998,73.99743939448328,18.407198691898518,73.95179965975407,9.815956189667165,7.169940140606858,3,available,0
18.45376198974476,73.90478273286563,route_9,18.549459685890337,73.70258117726151,18.610627112704925,73.96214979226147,23.829560586168625,18.46143448288886,8,busy,0
18.45376198974476,73.90478273286563,route_10,18.439797083860952,73.76732376630396,18.665889926544153,73.70933023255468,14.582292291586484,31.318622231366692,7,offline,0
18.45376198974476,73.90478273286563,route_11,18.497604458866828,73.7819760813979,18.461176023724313,73.76985624446678,13.838764842815708,14.255221283943563,3,busy,0
18.45376198974476,73.90478273286563,route_12,18.452053246881384,73.73083884114426,18.49490139783674,73.95247713709313,18.348192226255264,6.799087724675644,3,available,0
18.45376198974476,73.90478273286563,route_13,18.61434052948725,73.95910897281446,18.595381819679304,73.79004004237743,18.751632805463103,19.857895324822792,4,busy,0
18.45376198974476,73.90478273286563,route_14,18.498697930986943,73.95439593981811,18.410949644255314,73.80825612427586,7.234934299350536,11.240479895145297,1,busy,0
18.65983995395458,73.70499948900536,route_0,18.614850109927637,73.86302144126736,18.619617102629167,73.82669921131617,17.385124012834325,13.580221674060153,8,offline,0
18.65983995395458,73.70499948900536,route_1,18.490846892322832,73.97446070300018,18.433331378744178,73.95982508422698,34.05541213211223,36.82422555656248,9,offline,0
18.65983995395458,73.70499948900536,route_2,18.45104358908976,73.76409496144304,18.416815889015137,73.86571283980354,24.038312998786775,31.895411797047814,4,available,0
18.65983995395458,73.70499948900536,route_3,18.4684825752409,73.901965564234,18.530653191461774,73.70973295381015,29.72900256318077,14.3735720794024,2,busy,0
18.65983995395458,73.70499948900536,route_4,18.408602136415862,73.87587082059603,18.520230326309324,73.82979563386353,33.24101073600427,20.34658242984795,6,busy,0
18.65983995395458,73.70499948900536,route_5,18.431769736584847,73.96139224313882,18.616715114950075,73.86330375403355,37.06360927750129,17.355085832957734,5,available,0
18.65983995395458,73.70499948900536,route_6,18.67826540463728,73.72096512473394,18.635913870368796,73.72321747318321,2.650734773648491,3.280569224369076,2,available,1
18.65983995395458,73.70499948900536,route_7,18.48171712665482,73.76327581278754,18.582646840333684,73.98496711376072,20.737006957379432,30.724600392367165,3,offline,0
18.65983995395458,73.70499948900536,route_8,18.462018133622998,73.99743939448328,18.407198691898518,73.95179965975407,37.8698621836877,38.29107604809494,4,available,0
18.65983995395458,73.70499948900536,route_9,18.549459685890337,73.70258117726151,18.610627112704925,73.96214979226147,12.276371396215836,27.64177106772931,7,busy,0
18.65983995395458,73.70499948900536,route_10,18.439797083860952,73.76732376630396,18.665889926544153,73.70933023255468,25.334406191755935,0.8128415543820666,4,offline,0
18.65983995395458,73.70499948900536,route_11,18.497604458866828,73.7819760813979,18.461176023724313,73.76985624446678,19.78027925379562,23.124151051915113,2,busy,0
18.65983995395458,73.70499948900536,route_12,18.452053246881384,73.73083884114426,18.49490139783674,73.95247713709313,23.264830449697865,31.886720931996532,7,available,0
18.65983995395458,73.70499948900536,route_13,18.61434052948725,73.95910897281446,18.595381819679304,73.79004004237743,27.247822112635657,11.474594580100405,5,busy,0
18.65983995395458,73.70499948900536,route_14,18.498697930986943,73.95439593981811,18.410949644255314,73.80825612427586,31.812459821431347,29.739366192406795,9,busy,0
18.423399027908303,73.83895967754522,route_0,18.614850109927637,73.86302144126736,18.619617102629167,73.82669921131617,21.43902676425134,21.856715110858882,7,offline,0
18.423399027908303,73.83895967754522,route_1,18.490846892322832,73.97446070300018,18.433331378744178,73.95982508422698,16.140287588062343,12.798173747604325,1,offline,0
18.423399027908303,73.83895967754522,route_2,18.45104358908976,73.76409496144304,18.416815889015137,73.86571283980354,8.474440549045772,2.9157833738638885,7,available,0
18.423399027908303,73.83895967754522,route_3,18.4684825752409,73.901965564234,18.530653191461774,73.70973295381015,8.324658868069935,18.109989363675748,8,busy,0
18.423399027908303,73.83895967754522,route_4,18.408602136415862,73.87587082059603,18.520230326309324,73.82979563386353,4.227465923738178,10.810440081467847,5,busy,1
18.423399027908303,73.83895967754522,route_5,18.431769736584847,73.96139224313882,18.616715114950075,73.86330375403355,12.949308692199823,21.6484700626823,3,available,0
18.423399027908303,73.83895967754522,route_6,18.67826540463728,73.72096512473394,18.635913870368796,73.72321747318321,30.949434241095805,26.59531983144629,6,available,0
18.423399027908303,73.83895967754522,route_7,18.48171712665482,73.76327581278754,18.582646840333684,73.98496711376072,10.284891121417846,23.464759414557737,7,offline,0
18.423399027908303,73.83895967754522,route_8,18.462018133622998,73.99743939448328,18.407198691898518,73.95179965975407,17.259813223645555,12.040230986281301,3,available,0
18.423399027908303,73.83895967754522,route_9,18.549459685890337,73.70258117726151,18.610627112704925,73.96214979226147,20.08305562812082,24.53845456861255,2,busy,0
18.423399027908303,73.83895967754522,route_10,18.439797083860952,73.76732376630396,18.665889926544153,73.70933023255468,7.773797560502777,30.229045164352467,6,offline,0
18.423399027908303,73.83895967754522,route_11,18.497604458866828,73.7819760813979,18.461176023724313,73.76985624446678,10.208150425620163,8.413048215374975,5,busy,0
18.423399027908303,73.83895967754522,route_12,18.452053246881384,73.73083884114426,18.49490139783674,73.95247713709313,11.842039060749979,14.372524364863743,1,available,0
18.423399027908303,73.83895967754522,route_13,18.61434052948725,73.95910897281446,18.595381819679304,73.79004004237743,24.72386052274589,19.80706814597934,3,busy,0
18.423399027908303,73.83895967754522,route_14,18.498697930986943,73.95439593981811,18.410949644255314,73.80825612427586,14.776485994883666,3.522615805428765,8,busy,0
18.598613470630962,73.74766721666737,route_0,18.614850109927637,73.86302144126736,18.619617102629167,73.82669921131617,12.289696956726532,8.649768124923074,8,offline,0
18.598613470630962,73.74766721666737,route_1,18.490846892322832,73.97446070300018,18.433331378744178,73.95982508422698,26.74372886880266,28.951223612646917,6,offline,0
18.598613470630962,73.74766721666737,route_2,18.45104358908976,73.76409496144304,18.416815889015137,73.86571283980354,16.500180260020088,23.739791876497886,6,available,0
18.598613470630962,73.74766721666737,route_3,18.4684825752409,73.901965564234,18.530653191461774,73.70973295381015,21.77166553682241,8.54954259170337,6,busy,0
18.598613470630962,73.74766721666737,route_4,18.408602136415862,73.87587082059603,18.520230326309324,73.82979563386353,25.083022094394586,12.284733597776523,2,busy,0
18.598613470630962,73.74766721666737,route_5,18.431769736584847,73.96139224313882,18.616715114950075,73.86330375403355,29.18922549558778,12.35115615511641,3,available,0
18.598613470630962,73.74766721666737,route_6,18.67826540463728,73.72096512473394,18.635913870368796,73.72321747318321,9.29299945448858,4.8826914407712,5,available,0
18.598613470630962,73.74766721666737,route_7,18.48171712665482,73.76327581278754,18.582646840333684,73.98496711376072,13.102023931630432,25.07264538409827,6,offline,0
18.598613470630962,73.74766721666737,route_8,18.462018133622998,73.99743939448328,18.407198691898518,73.95179965975407,30.39983199452751,30.27135904190374,6,available,0
18.598613470630962,73.74766721666737,route_9,18.549459685890337,73.70258117726151,18.610627112704925,73.96214979226147,7.242708607794644,22.642509198132267,9,busy,1
18.598613470630962,73.74766721666737,route_10,18.439797083860952,73.76732376630396,18.665889926544153,73.70933023255468,17.78077625067126,8.501739427350032,2,offline,0
18.598613470630962,73.74766721666737,route_11,18.497604458866828,73.7819760813979,18.461176023724313,73.76985624446678,11.799667962462669,15.46036544827937,7,busy,0
18.598613470630962,73.74766721666737,route_12,18.452053246881384,73.73083884114426,18.49490139783674,73.95247713709313,16.393053318149786,24.477872298197973,5,available,0
18.598613470630962,73.74766721666737,route_13,18.61434052948725,73.95910897281446,18.595381819679304,73.79004004237743,22.350889566382733,4.480059975949815,8,busy,0
18.598613470630962,73.74766721666737,route_14,18.498697930986943,73.95439593981811,18.410949644255314,73.80825612427586,24.461661594712865,21.82338411439028,3,busy,0
18.60268815943179,73.7093332201955,route_0,18.614850109927637,73.86302144126736,18.619617102629167,73.82669921131617,16.252273497328858,12.510474701074267,3,offline,0
18.60268815943179,73.7093332201955,route_1,18.490846892322832,73.97446070300018,18.433331378744178,73.95982508422698,30.59158776746103,32.43739721508437,3,offline,0
18.60268815943179,73.7093332201955,route_2,18.45104358908976,73.76409496144304,18.416815889015137,73.86571283980354,17.82317820134474,26.439715183225168,2,available,0
18.60268815943179,73.7093332201955,route_3,18.4684825752409,73.901965564234,18.530653191461774,73.70973295381015,25.20188693147179,8.010033800815194,5,busy,0
18.60268815943179,73.7093332201955,route_4,18.408602136415862,73.87587082059603,18.520230326309324,73.82979563386353,27.823201379876,15.662342583567394,7,busy,0
18.60268815943179,73.7093332201955,route_5,18.431769736584847,73.96139224313882,18.616715114950075,73.86330375403355,32.672878470482296,16.300367215608773,8,available,0
18.60268815943179,73.7093332201955,route_6,18.67826540463728,73.72096512473394,18.635913870368796,73.72321747318321,8.492700208834776,3.9736738006653627,8,available,0
18.60268815943179,73.7093332201955,route_7,18.48171712665482,73.76327581278754,18.582646840333684,73.98496711376072,14.604062488444985,29.134840187066597,4,offline,0
18.60268815943179,73.7093332201955,route_8,18.462018133622998,73.99743939448328,18.407198691898518,73.95179965975407,34.16558580902369,33.5587449563141,1,available,0
18.60268815943179,73.7093332201955,route_9,18.549459685890337,73.70258117726151,18.610627112704925,73.96214979226147,5.961369264210609,26.657166409140274,7,busy,1
18.60268815943179,73.7093332201955,route_10,18.439797083860952,73.76732376630396,18.665889926544153,73.70933023255468,19.116819809283996,7.0277158649162095,2,offline,0
18.60268815943179,73.7093332201955,route_11,18.497604458866828,73.7819760813979,18.461176023724313,73.76985624446678,13.97056444582308,16.979973755169784,3,busy,0
18.60268815943179,73.7093332201955,route_12,18.452053246881384,73.73083884114426,18.49490139783674,73.95247713709313,16.902605631778485,28.295636700043083,3,available,0
18.60268815943179,73.7093332201955,route_13,18.61434052948725,73.95910897281446,18.595381819679304,73.79004004237743,26.353678608436045,8.544213751574425,8,busy,0
18.60268815943179,73.7093332201955,route_14,18.498697930986943,73.95439593981811,18.410949644255314,73.80825612427586,28.303666514879957,23.7352171403848,3,busy,0
18.539188607245656,73.89119633093486,route_0,18.614850109927637,73.86302144126736,18.619617102629167,73.82669921131617,8.921908336354557,11.233615020749742,3,offline,0
18.539188607245656,73.89119633093486,route_1,18.490846892322832,73.97446070300018,18.433331378744178,73.95982508422698,10.294246458675543,13.81779072984873,3,offline,0
18.539188607245656,73.89119633093486,route_2,18.45104358908976,73.76409496144304,18.416815889015137,73.86571283980354,16.60443322178751,13.870093532355291,5,available,0
18.539188607245656,73.89119633093486,route_3,18.4684825752409,73.901965564234,18.530653191461774,73.70973295381015,7.94373777180785,19.15471273683182,7,busy,1
18.539188607245656,73.89119633093486,route_4,18.408602136415862,73.87587082059603,18.520230326309324,73.82979563386353,14.610232480876522,6.808097700662577,3,busy,0
18.539188607245656,73.89119633093486,route_5,18.431769736584847,73.96139224313882,18.616715114950075,73.86330375403355,14.052382211203778,9.108070432125615,3,available,0
18.539188607245656,73.89119633093486,route_6,18.67826540463728,73.72096512473394,18.635913870368796,73.72321747318321,23.684828779571994,20.715027429245,7,available,0
18.539188607245656,73.89119633093486,route_7,18.48171712665482,73.76327581278754,18.582646840333684,73.98496711376072,14.925532598360899,11.002482582872364,7,offline,0
18.539188607245656,73.89119633093486,route_8,18.462018133622998,73.99743939448328,18.407198691898518,73.95179965975407,14.111830857585971,16.00795726140052,9,available,0
18.539188607245656,73.89119633093486,route_9,18.549459685890337,73.70258117726151,18.610627112704925,73.96214979226147,19.916855047090163,10.910149555361448,9,busy,0
18.539188607245656,73.89119633093486,route_10,18.439797083860952,73.76732376630396,18.665889926544153,73.70933023255468,17.110968255762337,23.78705673526057,9,offline,0
18.539188607245656,73.89119633093486,route_11,18.497604458866828,73.7819760813979,18.461176023724313,73.76985624446678,12.409549334592263,15.458479194980503,4,busy,0
18.539188607245656,73.89119633093486,route_12,18.452053246881384,73.73083884114426,18.49490139783674,73.95247713709313,19.48904019385365,8.124024529081067,5,available,0
18.539188607245656,73.89119633093486,route_13,18.61434052948725,73.95910897281446,18.595381819679304,73.79004004237743,11.003159558569054,12.358547986568833,4,busy,0
18.539188607245656,73.89119633093486,route_14,18.498697930986943,73.95439593981811,18.410949644255314,73.80825612427586,8.042050385823389,16.72864951642746,7,busy,0
18.601239012407184,73.72361950581153,route_0,18.614850109927637,73.86302144126736,18.619617102629167,73.82669921131617,14.768220062095798,11.053151517180941,6,offline,0
18.601239012407184,73.72361950581153,route_1,18.490846892322832,73.97446070300018,18.433331378744178,73.95982508422698,29.153896064662593,31.12633560346186,5,offline,0
18.601239012407184,73.72361950581153,route_2,18.45104358908976,73.76409496144304,18.416815889015137,73.86571283980354,17.237556637593446,25.3971843340189,8,available,0
18.601239012407184,73.72361950581153,route_3,18.4684825752409,73.901965564234,18.530653191461774,73.70973295381015,23.90496467038648,7.984109677988254,8,busy,0
18.601239012407184,73.72361950581153,route_4,18.408602136415862,73.87587082059603,18.520230326309324,73.82979563386353,26.768742055598338,14.366773881530987,3,busy,0
18.601239012407184,73.72361950581153,route_5,18.431769736584847,73.96139224313882,18.616715114950075,73.86330375403355,31.36282223493971,14.820380329297203,7,available,0
18.601239012407184,73.72361950581153,route_6,18.67826540463728,73.72096512473394,18.635913870368796,73.72321747318321,8.569508894926786,3.8559010212183162,5,available,0
18.601239012407184,73.72361950581153,route_7,18.48171712665482,73.76327581278754,18.582646840333684,73.98496711376072,13.932277116180613,27.621426453601398,4,offline,0
18.601239012407184,73.72361950581153,route_8,18.462018133622998,73.99743939448328,18.407198691898518,73.95179965975407,32.757412847129075,32.31801971060514,5,available,0
18.601239012407184,73.72361950581153,route_9,18.549459685890337,73.70258117726151,18.610627112704925,73.96214979226147,6.169861580395831,25.158789203520417,7,busy,1
18.601239012407184,73.72361950581153,route_10,18.439797083860952,73.76732376630396,18.665889926544153,73.70933023255468,18.5335079024254,7.3448260119404605,7,offline,0
18.601239012407184,73.72361950581153,route_11,18.497604458866828,73.7819760813979,18.461176023724313,73.76985624446678,13.062904001514354,16.319359334951706,9,busy,0
18.601239012407184,73.72361950581153,route_12,18.452053246881384,73.73083884114426,18.49490139783674,73.95247713709313,16.60615329847843,26.867715593032287,8,available,0
18.601239012407184,73.72361950581153,route_13,18.61434052948725,73.95910897281446,18.595381819679304,73.79004004237743,24.8591238824899,7.030166571703809,2,busy,0
18.601239012407184,73.72361950581153,route_14,18.498697930986943,73.95439593981811,18.410949644255314,73.80825612427586,26.86739954350609,22.964299542256803,8,busy,0
18.50226071363499,73.8231948043747,route_0,18.614850109927637,73.86302144126736,18.619617102629167,73.82669921131617,13.204535611563065,13.054662560610328,9,offline,0
18.50226071363499,73.8231948043747,route_1,18.490846892322832,73.97446070300018,18.433331378744178,73.95982508422698,16.001535807123812,16.321761449165823,1,offline,0
18.50226071363499,73.8231948043747,route_2,18.45104358908976,73.76409496144304,18.416815889015137,73.86571283980354,8.442894653454509,10.50621831009988,9,available,0
18.50226071363499,73.8231948043747,route_3,18.4684825752409,73.901965564234,18.530653191461774,73.70973295381015,9.116649221237559,12.37283061254579,9,busy,0
18.50226071363499,73.8231948043747,route_4,18.408602136415862,73.87587082059603,18.520230326309324,73.82979563386353,11.80375878635928,2.1158789375771887,7,busy,0
18.50226071363499,73.8231948043747,route_5,18.431769736584847,73.96139224313882,18.616715114950075,73.86330375403355,16.54946445249506,13.410661470626138,7,available,0
18.50226071363499,73.8231948043747,route_6,18.67826540463728,73.72096512473394,18.635913870368796,73.72321747318321,22.340607302506086,18.218669069668334,7,available,0
18.50226071363499,73.8231948043747,route_7,18.48171712665482,73.76327581278754,18.582646840333684,73.98496711376072,6.718923869423302,19.254915879066345,2,offline,0
18.50226071363499,73.8231948043747,route_8,18.462018133622998,73.99743939448328,18.407198691898518,73.95179965975407,18.912783117261007,17.19702182462919,9,available,0
18.50226071363499,73.8231948043747,route_9,18.549459685890337,73.70258117726151,18.610627112704925,73.96214979226147,13.757084180544567,18.967218802773758,7,busy,0
18.50226071363499,73.8231948043747,route_10,18.439797083860952,73.76732376630396,18.665889926544153,73.70933023255468,9.108445959295935,21.796139476861722,8,offline,0
18.50226071363499,73.8231948043747,route_11,18.497604458866828,73.7819760813979,18.461176023724313,73.76985624446678,4.377194455820752,7.24651326266613,5,busy,1
18.50226071363499,73.8231948043747,route_12,18.452053246881384,73.73083884114426,18.49490139783674,73.95247713709313,11.226655570090518,13.657314861826606,6,available,0
18.50226071363499,73.8231948043747,route_13,18.61434052948725,73.95910897281446,18.595381819679304,73.79004004237743,18.989066641480587,10.928566534114205,7,busy,0
18.50226071363499,73.8231948043747,route_14,18.498697930986943,73.95439593981811,18.410949644255314,73.80825612427586,13.8406314342008,10.274861554839985,1,busy,0
18.57854812281706,73.8747258027469,route_0,18.614850109927637,73.86302144126736,18.619617102629167,73.82669921131617,4.22086072282494,6.817055681935417,6,offline,1
18.57854812281706,73.8747258027469,route_1,18.490846892322832,73.97446070300018,18.433331378744178,73.95982508422698,14.340884360998773,18.47315699237542,7,offline,0
18.57854812281706,73.8747258027469,route_2,18.45104358908976,73.76409496144304,18.416815889015137,73.86571283980354,18.35976456173049,18.008900490287807,2,available,0
18.57854812281706,73.8747258027469,route_3,18.4684825752409,73.901965564234,18.530653191461774,73.70973295381015,12.571194562806525,18.189835732660356,4,busy,0
18.57854812281706,73.8747258027469,route_4,18.408602136415862,73.87587082059603,18.520230326309324,73.82979563386353,18.897517244559396,8.030235187343363,3,busy,0
18.57854812281706,73.8747258027469,route_5,18.431769736584847,73.96139224313882,18.616715114950075,73.86330375403355,18.70532770853051,4.411388862271442,9,available,0
18.57854812281706,73.8747258027469,route_6,18.67826540463728,73.72096512473394,18.635913870368796,73.72321747318321,19.63260575966719,17.193390433357205,9,available,0
18.57854812281706,73.8747258027469,route_7,18.48171712665482,73.76327581278754,18.582646840333684,73.98496711376072,15.9373093131711,11.628263373648547,6,offline,0
18.57854812281706,73.8747258027469,route_8,18.462018133622998,73.99743939448328,18.407198691898518,73.95179965975407,18.311245907488445,20.714321210483583,2,available,0
18.57854812281706,73.8747258027469,route_9,18.549459685890337,73.70258117726151,18.610627112704925,73.96214979226147,18.431665202574074,9.880027704421032,4,busy,0
18.57854812281706,73.8747258027469,route_10,18.439797083860952,73.76732376630396,18.665889926544153,73.70933023255468,19.138627084832933,19.951613498064336,1,offline,0
18.57854812281706,73.8747258027469,route_11,18.497604458866828,73.7819760813979,18.461176023724313,73.76985624446678,13.289920703992818,17.105332118035957,9,busy,0
18.57854812281706,73.8747258027469,route_12,18.452053246881384,73.73083884114426,18.49490139783674,73.95247713709313,20.688413356942796,12.397639913732583,8,available,0
18.57854812281706,73.8747258027469,route_13,18.61434052948725,73.95910897281446,18.595381819679304,73.79004004237743,9.743033852347896,9.119628966813806,7,busy,0
18.57854812281706,73.8747258027469,route_14,18.498697930986943,73.95439593981811,18.410949644255314,73.80825612427586,12.22221014423208,19.91068412456038,2,busy,0
18.538523588644054,73.73379736849053,route_0,18.614850109927637,73.86302144126736,18.619617102629167,73.82669921131617,16.048260219599754,13.311274561914667,9,offline,0
18.538523588644054,73.73379736849053,route_1,18.490846892322832,73.97446070300018,18.433331378744178,73.95982508422698,25.92334149886709,26.55155743812152,9,offline,0
18.538523588644054,73.73379736849053,route_2,18.45104358908976,73.76409496144304,18.416815889015137,73.86571283980354,10.238585789181242,19.408686721083257,1,available,0
18.538523588644054,73.73379736849053,route_3,18.4684825752409,73.901965564234,18.530653191461774,73.70973295381015,19.367682714597542,2.683748828860542,2,busy,0
18.538523588644054,73.73379736849053,route_4,18.408602136415862,73.87587082059603,18.520230326309324,73.82979563386353,20.813891069366846,10.323543533939556,2,busy,0
18.538523588644054,73.73379736849053,route_5,18.431769736584847,73.96139224313882,18.616715114950075,73.86330375403355,26.77664889399867,16.183917725691906,6,available,0
18.538523588644054,73.73379736849053,route_6,18.67826540463728,73.72096512473394,18.635913870368796,73.72321747318321,15.597313025692825,10.886561760984923,2,available,0
18.538523588644054,73.73379736849053,route_7,18.48171712665482,73.76327581278754,18.582646840333684,73.98496711376072,7.03993829070027,26.926907672389586,8,offline,0
18.538523588644054,73.73379736849053,route_8,18.462018133622998,73.99743939448328,18.407198691898518,73.95179965975407,29.073135453322767,27.23704068504534,5,available,0
18.538523588644054,73.73379736849053,route_9,18.549459685890337,73.70258117726151,18.610627112704925,73.96214979226147,3.508350975512749,25.36920434399599,7,busy,1
18.538523588644054,73.73379736849053,route_10,18.439797083860952,73.76732376630396,18.665889926544153,73.70933023255468,11.533171300517065,14.395302157314987,5,offline,0
18.538523588644054,73.73379736849053,route_11,18.497604458866828,73.7819760813979,18.461176023724313,73.76985624446678,6.819631509003454,9.403685199885626,4,busy,0
18.538523588644054,73.73379736849053,route_12,18.452053246881384,73.73083884114426,18.49490139783674,73.95247713709313,9.620123439146358,23.56194552031687,2,available,0
18.538523588644054,73.73379736849053,route_13,18.61434052948725,73.95910897281446,18.595381819679304,73.79004004237743,25.20019507966933,8.667062531608067,3,busy,0
18.538523588644054,73.73379736849053,route_14,18.498697930986943,73.95439593981811,18.410949644255314,73.80825612427586,23.677135086457394,16.21407040501152,9,busy,0
18.603078678536445,73.7180002221019,route_0,18.614850109927637,73.86302144126736,18.619617102629167,73.82669921131617,15.338502552007796,11.601381196536003,5,offline,0
18.603078678536445,73.7180002221019,route_1,18.490846892322832,73.97446070300018,18.433331378744178,73.95982508422698,29.777280337548028,31.723571500731875,5,offline,0
18.603078678536445,73.7180002221019,route_2,18.45104358908976,73.76409496144304,18.416815889015137,73.86571283980354,17.590202891456038,25.914323477342144,3,available,0
18.603078678536445,73.7180002221019,route_3,18.4684825752409,73.901965564234,18.530653191461774,73.70973295381015,24.498034851407724,8.100357252940055,7,busy,0
18.603078678536445,73.7180002221019,route_4,18.408602136415862,73.87587082059603,18.520230326309324,73.82979563386353,27.29000243617539,14.957931844563424,6,busy,0
18.603078678536445,73.7180002221019,route_5,18.431769736584847,73.96139224313882,18.616715114950075,73.86330375403355,31.959816451659734,15.387111374770676,5,available,0
18.603078678536445,73.7180002221019,route_6,18.67826540463728,73.72096512473394,18.635913870368796,73.72321747318321,8.366216673058869,3.692265555634071,7,available,0
18.603078678536445,73.7180002221019,route_7,18.48171712665482,73.76327581278754,18.582646840333684,73.98496711376072,14.314032792535,28.22760352293366,1,offline,0
18.603078678536445,73.7180002221019,route_8,18.462018133622998,73.99743939448328,18.407198691898518,73.95179965975407,33.3761999511698,32.89652883051059,7,available,0
18.603078678536445,73.7180002221019,route_9,18.549459685890337,73.70258117726151,18.610627112704925,73.96214979226147,6.17969303993883,25.74284948902387,7,busy,1
18.603078678536445,73.7180002221019,route_10,18.439797083860952,73.76732376630396,18.665889926544153,73.70933023255468,18.886189097416796,7.043781209119134,8,offline,0
18.603078678536445,73.7180002221019,route_11,18.497604458866828,73.7819760813979,18.461176023724313,73.76985624446678,13.529032393884506,16.69915376810407,6,busy,0
18.603078678536445,73.7180002221019,route_12,18.452053246881384,73.73083884114426,18.49490139783674,73.95247713709313,16.84772594380596,27.489658749252374,9,available,0
18.603078678536445,73.7180002221019,route_13,18.61434052948725,73.95910897281446,18.595381819679304,73.79004004237743,25.439275382699957,7.640185080956241,3,busy,0
18.603078678536445,73.7180002221019,route_14,18.498697930986943,73.95439593981811,18.410949644255314,73.80825612427586,27.490553587147623,23.387683047913693,3,busy,0
18.488515013907886,73.89802054825336,route_0,18.614850109927637,73.86302144126736,18.619617102629167,73.82669921131617,14.52424461062436,16.402458574161535,4,offline,0
18.488515013907886,73.89802054825336,route_1,18.490846892322832,73.97446070300018,18.433331378744178,73.95982508422698,8.065175725296848,8.952409943890983,9,offline,0
18.488515013907886,73.89802054825336,route_2,18.45104358908976,73.76409496144304,18.416815889015137,73.86571283980354,14.726514078158306,8.670338279631874,8,available,0
18.488515013907886,73.89802054825336,route_3,18.4684825752409,73.901965564234,18.530653191461774,73.70973295381015,2.2660269204453076,20.398999718430574,4,busy,1
18.488515013907886,73.89802054825336,route_4,18.408602136415862,73.87587082059603,18.520230326309324,73.82979563386353,9.187922700011372,8.011937061720353,3,busy,0
18.488515013907886,73.89802054825336,route_5,18.431769736584847,73.96139224313882,18.616715114950075,73.86330375403355,9.191819819235004,14.71748188907323,6,available,0
18.488515013907886,73.89802054825336,route_6,18.67826540463728,73.72096512473394,18.635913870368796,73.72321747318321,28.167682321681465,24.66073369885863,3,available,0
18.488515013907886,73.89802054825336,route_7,18.48171712665482,73.76327581278754,18.582646840333684,73.98496711376072,14.22999251240117,13.91339071542344,8,offline,0
18.488515013907886,73.89802054825336,route_8,18.462018133622998,73.99743939448328,18.407198691898518,73.95179965975407,10.891203042672627,10.674091007519495,5,available,0
18.488515013907886,73.89802054825336,route_9,18.549459685890337,73.70258117726151,18.610627112704925,73.96214979226147,21.692262926922837,15.168111786851386,2,busy,0
18.488515013907886,73.89802054825336,route_10,18.439797083860952,73.76732376630396,18.665889926544153,73.70933023255468,14.8109349239292,28.00969971989502,5,offline,0
18.488515013907886,73.89802054825336,route_11,18.497604458866828,73.7819760813979,18.461176023724313,73.76985624446678,12.278910017045686,13.854383696946734,6,busy,0
18.488515013907886,73.89802054825336,route_12,18.452053246881384,73.73083884114426,18.49490139783674,73.95247713709313,18.092291956230863,5.7863995333329,2,available,0
18.488515013907886,73.89802054825336,route_13,18.61434052948725,73.95910897281446,18.595381819679304,73.79004004237743,15.402046906406358,16.455805989573,8,busy,0
18.488515013907886,73.89802054825336,route_14,18.498697930986943,73.95439593981811,18.410949644255314,73.80825612427586,6.051806906853667,12.807717078339016,4,busy,0
18.53430954003421,73.85468046821455,route_0,18.614850109927637,73.86302144126736,18.619617102629167,73.82669921131617,8.998751964441038,9.933676735100304,4,offline,0
18.53430954003421,73.85468046821455,route_1,18.490846892322832,73.97446070300018,18.433331378744178,73.95982508422698,13.522825601983568,15.78058254947197,7,offline,0
18.53430954003421,73.85468046821455,route_2,18.45104358908976,73.76409496144304,18.416815889015137,73.86571283980354,13.303212554356508,13.116405769201686,2,available,0
18.53430954003421,73.85468046821455,route_3,18.4684825752409,73.901965564234,18.530653191461774,73.70973295381015,8.8565366901609,15.287043743450251,3,busy,0
18.53430954003421,73.85468046821455,route_4,18.408602136415862,73.87587082059603,18.520230326309324,73.82979563386353,14.155558422614952,3.0552387285955356,4,busy,0
18.53430954003421,73.85468046821455,route_5,18.431769736584847,73.96139224313882,18.616715114950075,73.86330375403355,16.020302224492006,9.208050397616185,1,available,0
18.53430954003421,73.85468046821455,route_6,18.67826540463728,73.72096512473394,18.635913870368796,73.72321747318321,21.325924224680154,17.87799669901441,2,available,0
18.53430954003421,73.85468046821455,route_7,18.48171712665482,73.76327581278754,18.582646840333684,73.98496711376072,11.273480861953754,14.748161847705488,5,offline,0
18.53430954003421,73.85468046821455,route_8,18.462018133622998,73.99743939448328,18.407198691898518,73.95179965975407,17.06566178149678,17.45531815299293,7,available,0
18.53430954003421,73.85468046821455,route_9,18.549459685890337,73.70258117726151,18.610627112704925,73.96214979226147,16.12300732899915,14.15384045190783,3,busy,0
18.53430954003421,73.85468046821455,route_10,18.439797083860952,73.76732376630396,18.665889926544153,73.70933023255468,13.975440601824099,21.18277358459244,3,offline,0
18.53430954003421,73.85468046821455,route_11,18.497604458866828,73.7819760813979,18.461176023724313,73.76985624446678,8.684676281275573,12.088788860421735,4,busy,1
18.53430954003421,73.85468046821455,route_12,18.452053246881384,73.73083884114426,18.49490139783674,73.95247713709313,15.943895645852505,11.204111242587464,5,available,0
18.53430954003421,73.85468046821455,route_13,18.61434052948725,73.95910897281446,18.595381819679304,73.79004004237743,14.15445022247587,9.619915245779701,6,busy,0
18.53430954003421,73.85468046821455,route_14,18.498697930986943,73.95439593981811,18.410949644255314,73.80825612427586,11.23483508481389,14.564629434443122,5,busy,0
18.46527370652219,73.80526623810131,route_0,18.614850109927637,73.86302144126736,18.619617102629167,73.82669921131617,17.711615266372533,17.310304012249805,9,offline,0
18.46527370652219,73.80526623810131,route_1,18.490846892322832,73.97446070300018,18.433331378744178,73.95982508422698,18.068795381766787,16.685283779516897,8,offline,0
18.46527370652219,73.80526623810131,route_2,18.45104358908976,73.76409496144304,18.416815889015137,73.86571283980354,4.621819005017959,8.34802085982247,2,available,0
18.46527370652219,73.80526623810131,route_3,18.4684825752409,73.901965564234,18.530653191461774,73.70973295381015,10.205036065178742,12.423211502466518,6,busy,0
18.46527370652219,73.80526623810131,route_4,18.408602136415862,73.87587082059603,18.520230326309324,73.82979563386353,9.756091566222679,6.635819793163956,6,busy,0
18.46527370652219,73.80526623810131,route_5,18.431769736584847,73.96139224313882,18.616715114950075,73.86330375403355,16.88437188895479,17.91662771592002,5,available,0
18.46527370652219,73.80526623810131,route_6,18.67826540463728,73.72096512473394,18.635913870368796,73.72321747318321,25.295623551246013,20.852735552179357,5,available,0
18.46527370652219,73.80526623810131,route_7,18.48171712665482,73.76327581278754,18.582646840333684,73.98496711376072,4.791133667725321,23.00672151113167,6,offline,0
18.46527370652219,73.80526623810131,route_8,18.462018133622998,73.99743939448328,18.407198691898518,73.95179965975407,20.271954320202937,16.75219155635471,5,available,0
18.46527370652219,73.80526623810131,route_9,18.549459685890337,73.70258117726151,18.610627112704925,73.96214979226147,14.31310942375582,23.125387426488736,3,busy,0
18.46527370652219,73.80526623810131,route_10,18.439797083860952,73.76732376630396,18.665889926544153,73.70933023255468,4.90325635547248,24.49257835998528,8,offline,0
18.46527370652219,73.80526623810131,route_11,18.497604458866828,73.7819760813979,18.461176023724313,73.76985624446678,4.353961450310626,3.7624333826090703,4,busy,1
18.46527370652219,73.80526623810131,route_12,18.452053246881384,73.73083884114426,18.49490139783674,73.95247713709313,7.986627534831266,15.870709685242185,6,available,0
18.46527370652219,73.80526623810131,route_13,18.61434052948725,73.95910897281446,18.595381819679304,73.79004004237743,23.190388166968265,14.55615162104892,7,busy,0
18.46527370652219,73.80526623810131,route_14,18.498697930986943,73.95439593981811,18.410949644255314,73.80825612427586,16.160380473201474,6.048788280987603,1,busy,0
18.538630422577107,73.81262434831842,route_0,18.614850109927637,73.86302144126736,18.619617102629167,73.82669921131617,10.002313917113634,9.12668138358157,5,offline,0
18.538630422577107,73.81262434831842,route_1,18.490846892322832,73.97446070300018,18.433331378744178,73.95982508422698,17.872052665499712,19.444027622200313,7,offline,0
18.538630422577107,73.81262434831842,route_2,18.45104358908976,73.76409496144304,18.416815889015137,73.86571283980354,11.001874095255676,14.656682843884221,5,available,0
18.538630422577107,73.81262434831842,route_3,18.4684825752409,73.901965564234,18.530653191461774,73.70973295381015,12.23075601141048,10.883781464934684,7,busy,0
18.538630422577107,73.81262434831842,route_4,18.408602136415862,73.87587082059603,18.520230326309324,73.82979563386353,15.922956847740105,2.7319552807974516,5,busy,0
18.538630422577107,73.81262434831842,route_5,18.431769736584847,73.96139224313882,18.616715114950075,73.86330375403355,19.680633540365275,10.194173046705368,2,available,0
18.538630422577107,73.81262434831842,route_6,18.67826540463728,73.72096512473394,18.635913870368796,73.72321747318321,18.286028204924516,14.346085379880613,2,available,0
18.538630422577107,73.81262434831842,route_7,18.48171712665482,73.76327581278754,18.582646840333684,73.98496711376072,8.192999905396515,18.81464769142147,1,offline,0
18.538630422577107,73.81262434831842,route_8,18.462018133622998,73.99743939448328,18.407198691898518,73.95179965975407,21.269050860338535,20.713132224303266,3,available,0
18.538630422577107,73.81262434831842,route_9,18.549459685890337,73.70258117726151,18.610627112704925,73.96214979226147,11.663257261767695,17.677119403294512,6,busy,0
18.538630422577107,73.81262434831842,route_10,18.439797083860952,73.76732376630396,18.665889926544153,73.70933023255468,11.98317604041416,17.8532504597098,9,offline,0
18.538630422577107,73.81262434831842,route_11,18.497604458866828,73.7819760813979,18.461176023724313,73.76985624446678,5.59045652456301,9.721856537199763,5,busy,1
18.538630422577107,73.81262434831842,route_12,18.452053246881384,73.73083884114426,18.49490139783674,73.95247713709313,12.925113731593829,15.526872812786655,8,available,0
18.538630422577107,73.81262434831842,route_13,18.61434052948725,73.95910897281446,18.595381819679304,73.79004004237743,17.585707927470757,6.7445560213836275,8,busy,0
18.538630422577107,73.81262434831842,route_14,18.498697930986943,73.95439593981811,18.410949644255314,73.80825612427586,15.593562444685208,14.20492727554144,1,busy,0
18.677600085344324,73.7381565306632,route_0,18.614850109927637,73.86302144126736,18.619617102629167,73.82669921131617,14.891410263346618,11.339823510291806,1,offline,0
18.677600085344324,73.7381565306632,route_1,18.490846892322832,73.97446070300018,18.433331378744178,73.95982508422698,32.42715414369763,35.829650856751584,6,offline,0
18.677600085344324,73.7381565306632,route_2,18.45104358908976,73.76409496144304,18.416815889015137,73.86571283980354,25.339870415718853,31.96399393465957,5,available,0
18.677600085344324,73.7381565306632,route_3,18.4684825752409,73.901965564234,18.530653191461774,73.70973295381015,28.962218040814662,16.61203896597006,8,busy,0
18.677600085344324,73.7381565306632,route_4,18.408602136415862,73.87587082059603,18.520230326309324,73.82979563386353,33.248403082614836,19.98687064834725,9,busy,0
18.677600085344324,73.7381565306632,route_5,18.431769736584847,73.96139224313882,18.616715114950075,73.86330375403355,36.06909898179226,14.821764884759581,2,available,0
18.677600085344324,73.7381565306632,route_6,18.67826540463728,73.72096512473394,18.635913870368796,73.72321747318321,1.8124308512477363,4.895200958641454,2,available,1
18.677600085344324,73.7381565306632,route_7,18.48171712665482,73.76327581278754,18.582646840333684,73.98496711376072,21.941510229176036,28.06762228996422,9,offline,0
18.677600085344324,73.7381565306632,route_8,18.462018133622998,73.99743939448328,18.407198691898518,73.95179965975407,36.35327201672366,37.56749316476215,7,available,0
18.677600085344324,73.7381565306632,route_9,18.549459685890337,73.70258117726151,18.610627112704925,73.96214979226147,14.733487187206775,24.746959458380072,4,busy,0
18.677600085344324,73.7381565306632,route_10,18.439797083860952,73.76732376630396,18.665889926544153,73.70933023255468,26.620635639262886,3.3040349421617363,3,offline,0
18.677600085344324,73.7381565306632,route_11,18.497604458866828,73.7819760813979,18.461176023724313,73.76985624446678,20.5405295738889,24.296114004554386,3,busy,0
18.677600085344324,73.7381565306632,route_12,18.452053246881384,73.73083884114426,18.49490139783674,73.95247713709313,25.09152311490039,30.379975070346156,5,available,0
18.677600085344324,73.7381565306632,route_13,18.61434052948725,73.95910897281446,18.595381819679304,73.79004004237743,24.318747785463387,10.652011757326711,5,busy,0
18.677600085344324,73.7381565306632,route_14,18.498697930986943,73.95439593981811,18.410949644255314,73.80825612427586,30.25118832402857,30.55724079151806,3,busy,0
18.652434726545582,73.79386224323416,route_0,18.614850109927637,73.86302144126736,18.619617102629167,73.82669921131617,8.400407180431555,5.028611705984713,3,offline,0
18.652434726545582,73.79386224323416,route_1,18.490846892322832,73.97446070300018,18.433331378744178,73.95982508422698,26.17642582502504,29.99467899225195,3,offline,0
18.652434726545582,73.79386224323416,route_2,18.45104358908976,73.76409496144304,18.416815889015137,73.86571283980354,22.61246217725069,27.27271417782386,4,available,0
18.652434726545582,73.79386224323416,route_3,18.4684825752409,73.901965564234,18.530653191461774,73.70973295381015,23.41456582584643,16.186045423047123,4,busy,0
18.652434726545582,73.79386224323416,route_4,18.408602136415862,73.87587082059603,18.520230326309324,73.82979563386353,28.458177344031167,15.180464114169474,4,busy,0
18.652434726545582,73.79386224323416,route_5,18.431769736584847,73.96139224313882,18.616715114950075,73.86330375403355,30.232159004471445,8.32528096002032,5,available,0
18.652434726545582,73.79386224323416,route_6,18.67826540463728,73.72096512473394,18.635913870368796,73.72321747318321,8.199014060868416,7.66645759315772,5,available,1
18.652434726545582,73.79386224323416,route_7,18.48171712665482,73.76327581278754,18.582646840333684,73.98496711376072,19.25476741191254,21.58132163621328,3,offline,0
18.652434726545582,73.79386224323416,route_8,18.462018133622998,73.99743939448328,18.407198691898518,73.95179965975407,30.146849945249286,31.951013184741253,2,available,0
18.652434726545582,73.79386224323416,route_9,18.549459685890337,73.70258117726151,18.610627112704925,73.96214979226147,14.954922214438,18.33129731990661,6,busy,0
18.652434726545582,73.79386224323416,route_10,18.439797083860952,73.76732376630396,18.665889926544153,73.70933023255468,23.80916970418267,9.030282262600476,8,offline,0
18.652434726545582,73.79386224323416,route_11,18.497604458866828,73.7819760813979,18.461176023724313,73.76985624446678,17.261864217676248,21.417024003462853,5,busy,0
18.652434726545582,73.79386224323416,route_12,18.452053246881384,73.73083884114426,18.49490139783674,73.95247713709313,23.250801910298986,24.214691279851877,6,available,0
18.652434726545582,73.79386224323416,route_13,18.61434052948725,73.95910897281446,18.595381819679304,73.79004004237743,17.91929363555365,6.356765520677731,3,busy,0
18.652434726545582,73.79386224323416,route_14,18.498697930986943,73.95439593981811,18.410949644255314,73.80825612427586,24.052794082490852,26.89476351524827,4,busy,0
18.68377460168898,73.86599375243668,route_0,18.614850109927637,73.86302144126736,18.619617102629167,73.82669921131617,7.670448815675487,8.248173317784216,5,offline,1
18.68377460168898,73.86599375243668,route_1,18.490846892322832,73.97446070300018,18.433331378744178,73.95982508422698,24.30844719183542,29.55239197590032,1,offline,0
18.68377460168898,73.86599375243668,route_2,18.45104358908976,73.76409496144304,18.416815889015137,73.86571283980354,28.018978442693104,29.68446924389522,8,available,0
18.68377460168898,73.86599375243668,route_3,18.4684825752409,73.901965564234,18.530653191461774,73.70973295381015,24.237767440163132,23.686768375486626,1,busy,0
18.68377460168898,73.86599375243668,route_4,18.408602136415862,73.87587082059603,18.520230326309324,73.82979563386353,30.615493694009324,18.58110185326897,1,busy,0
18.68377460168898,73.86599375243668,route_5,18.431769736584847,73.96139224313882,18.616715114950075,73.86330375403355,29.771490059260067,7.462058518714553,9,available,0
18.68377460168898,73.86599375243668,route_6,18.67826540463728,73.72096512473394,18.635913870368796,73.72321747318321,15.28912586500127,15.955192178884541,7,available,0
18.68377460168898,73.86599375243668,route_7,18.48171712665482,73.76327581278754,18.582646840333684,73.98496711376072,24.940082918573744,16.840247042182938,5,offline,0
18.68377460168898,73.86599375243668,route_8,18.462018133622998,73.99743939448328,18.407198691898518,73.95179965975407,28.283982310943355,32.05656596629926,3,available,0
18.68377460168898,73.86599375243668,route_9,18.549459685890337,73.70258117726151,18.610627112704925,73.96214979226147,22.794354291693107,12.991872988174608,6,busy,0
18.68377460168898,73.86599375243668,route_10,18.439797083860952,73.76732376630396,18.665889926544153,73.70933023255468,29.054498414507048,16.622423416508486,5,offline,0
18.68377460168898,73.86599375243668,route_11,18.497604458866828,73.7819760813979,18.461176023724313,73.76985624446678,22.515485165428533,26.745775106250676,6,busy,0
18.68377460168898,73.86599375243668,route_12,18.452053246881384,73.73083884114426,18.49490139783674,73.95247713709313,29.44239397845567,22.89437959956794,8,available,0
18.68377460168898,73.86599375243668,route_13,18.61434052948725,73.95910897281446,18.595381819679304,73.79004004237743,12.484051915660572,12.674724802450708,5,busy,0
18.68377460168898,73.86599375243668,route_14,18.498697930986943,73.95439593981811,18.410949644255314,73.80825612427586,22.59036006158715,30.94133165245555,7,busy,0
18.515914062120554,73.99741140266283,route_0,18.614850109927637,73.86302144126736,18.619617102629167,73.82669921131617,17.935913048563066,21.372011390228902,3,offline,0
18.515914062120554,73.99741140266283,route_1,18.490846892322832,73.97446070300018,18.433331378744178,73.95982508422698,3.6913468041490742,10.001839953142365,9,offline,1
18.515914062120554,73.99741140266283,route_2,18.45104358908976,73.76409496144304,18.416815889015137,73.86571283980354,25.640830126208776,17.73020173920749,9,available,0
18.515914062120554,73.99741140266283,route_3,18.4684825752409,73.901965564234,18.530653191461774,73.70973295381015,11.363225813399243,30.37545700751081,3,busy,0
18.515914062120554,73.99741140266283,route_4,18.408602136415862,73.87587082059603,18.520230326309324,73.82979563386353,17.51329563872446,17.67952708322634,8,busy,0
18.515914062120554,73.99741140266283,route_5,18.431769736584847,73.96139224313882,18.616715114950075,73.86330375403355,10.098177054867318,18.040466060832316,4,available,0
18.515914062120554,73.99741140266283,route_6,18.67826540463728,73.72096512473394,18.635913870368796,73.72321747318321,34.27400745688614,31.832184990980213,1,available,0
18.515914062120554,73.99741140266283,route_7,18.48171712665482,73.76327581278754,18.582646840333684,73.98496711376072,24.9805856265179,7.535416959380279,2,offline,0
18.515914062120554,73.99741140266283,route_8,18.462018133622998,73.99743939448328,18.407198691898518,73.95179965975407,5.992954542719472,13.010680222586522,3,available,0
18.515914062120554,73.99741140266283,route_9,18.549459685890337,73.70258117726151,18.610627112704925,73.96214979226147,31.306554607707994,11.168271876583319,9,busy,0
18.515914062120554,73.99741140266283,route_10,18.439797083860952,73.76732376630396,18.665889926544153,73.70933023255468,25.69932375830128,34.6400921936189,4,offline,0
18.515914062120554,73.99741140266283,route_11,18.497604458866828,73.7819760813979,18.461176023724313,73.76985624446678,22.807544774274557,24.756885070790727,1,busy,0
18.515914062120554,73.99741140266283,route_12,18.452053246881384,73.73083884114426,18.49490139783674,73.95247713709313,28.99534096234699,5.282893328526433,3,available,0
18.515914062120554,73.99741140266283,route_13,18.61434052948725,73.95910897281446,18.595381819679304,73.79004004237743,11.66547218205336,23.5783587693036,5,busy,0
18.515914062120554,73.99741140266283,route_14,18.498697930986943,73.95439593981811,18.410949644255314,73.80825612427586,4.923170652976793,23.113727083425157,8,busy,0
18.458607269883274,73.97006202797306,route_0,18.614850109927637,73.86302144126736,18.619617102629167,73.82669921131617,20.716749967381034,23.43003578490202,6,offline,0
18.458607269883274,73.97006202797306,route_1,18.490846892322832,73.97446070300018,18.433331378744178,73.95982508422698,3.61477364191524,3.0108458907713356,5,offline,0
18.458607269883274,73.97006202797306,route_2,18.45104358908976,73.76409496144304,18.416815889015137,73.86571283980354,21.740971312216235,11.94819439231435,5,available,0
18.458607269883274,73.97006202797306,route_3,18.4684825752409,73.901965564234,18.530653191461774,73.70973295381015,7.265673896388743,28.59726919722156,5,busy,0
18.458607269883274,73.97006202797306,route_4,18.408602136415862,73.87587082059603,18.520230326309324,73.82979563386353,11.38617728918466,16.30185746897571,7,busy,0
18.458607269883274,73.97006202797306,route_5,18.431769736584847,73.96139224313882,18.616715114950075,73.86330375403355,3.1211799561272655,20.874871362169564,4,available,0
18.458607269883274,73.97006202797306,route_6,18.67826540463728,73.72096512473394,18.635913870368796,73.72321747318321,35.86048105407949,32.6475430816357,7,available,0
18.458607269883274,73.97006202797306,route_7,18.48171712665482,73.76327581278754,18.582646840333684,73.98496711376072,21.960016796350953,13.881812916726902,9,offline,0
18.458607269883274,73.97006202797306,route_8,18.462018133622998,73.99743939448328,18.407198691898518,73.95179965975407,2.9123795345087036,6.032272700117237,1,available,1
18.458607269883274,73.97006202797306,route_9,18.549459685890337,73.70258117726151,18.610627112704925,73.96214979226147,29.95949019474194,16.92440487990644,8,busy,0
18.458607269883274,73.97006202797306,route_10,18.439797083860952,73.76732376630396,18.665889926544153,73.70933023255468,21.48687794841545,35.869296207398314,5,offline,0
18.458607269883274,73.97006202797306,route_11,18.497604458866828,73.7819760813979,18.461176023724313,73.76985624446678,20.304407711956543,21.118325764385958,6,busy,0
18.458607269883274,73.97006202797306,route_12,18.452053246881384,73.73083884114426,18.49490139783674,73.95247713709313,25.24288617220072,4.441445736154714,7,available,0
18.458607269883274,73.97006202797306,route_13,18.61434052948725,73.95910897281446,18.595381819679304,73.79004004237743,17.355206649990148,24.321733042415545,5,busy,0
18.458607269883274,73.97006202797306,route_14,18.498697930986943,73.95439593981811,18.410949644255314,73.80825612427586,4.7541941196966535,17.872428058164893,4,busy,0
18.414737698047798,73.95162731533694,route_0,18.614850109927637,73.86302144126736,18.619617102629167,73.82669921131617,24.133216666496512,26.315498815174774,9,offline,0
18.414737698047798,73.95162731533694,route_1,18.490846892322832,73.97446070300018,18.433331378744178,73.95982508422698,8.798982582984692,2.2411108189594815,8,offline,0
18.414737698047798,73.95162731533694,route_2,18.45104358908976,73.76409496144304,18.416815889015137,73.86571283980354,20.19050546330127,9.066967837818103,8,available,0
18.414737698047798,73.95162731533694,route_3,18.4684825752409,73.901965564234,18.530653191461774,73.70973295381015,7.9471318983218655,28.58268008435692,6,busy,0
18.414737698047798,73.95162731533694,route_4,18.408602136415862,73.87587082059603,18.520230326309324,73.82979563386353,8.021606297216737,17.3984676327742,3,busy,0
18.414737698047798,73.95162731533694,route_5,18.431769736584847,73.96139224313882,18.616715114950075,73.86330375403355,2.155921508578987,24.313121510530976,1,available,1
18.414737698047798,73.95162731533694,route_6,18.67826540463728,73.72096512473394,18.635913870368796,73.72321747318321,38.07820871315,34.42076369648543,5,available,0
18.414737698047798,73.95162731533694,route_7,18.48171712665482,73.76327581278754,18.582646840333684,73.98496711376072,21.217542492457714,18.99876008093753,6,offline,0
18.414737698047798,73.95162731533694,route_8,18.462018133622998,73.99743939448328,18.407198691898518,73.95179965975407,7.140962083892307,0.838496408926792,2,available,0
18.414737698047798,73.95162731533694,route_9,18.549459685890337,73.70258117726151,18.610627112704925,73.96214979226147,30.23620774969989,21.810147929492782,7,busy,0
18.414737698047798,73.95162731533694,route_10,18.439797083860952,73.76732376630396,18.665889926544153,73.70933023255468,19.64148133987685,37.84704752421322,7,offline,0
18.414737698047798,73.95162731533694,route_11,18.497604458866828,73.7819760813979,18.461176023724313,73.76985624446678,20.12716624088046,19.857596641459864,8,busy,0
18.414737698047798,73.95162731533694,route_12,18.452053246881384,73.73083884114426,18.49490139783674,73.95247713709313,23.657627020966952,8.914247393016806,5,available,0
18.414737698047798,73.95162731533694,route_13,18.61434052948725,73.95910897281446,18.595381819679304,73.79004004237743,22.208836958823237,26.339933385890422,8,busy,0
18.414737698047798,73.95162731533694,route_14,18.498697930986943,73.95439593981811,18.410949644255314,73.80825612427586,9.340517939447034,15.131857626392879,2,busy,0
18.63568192847762,73.84613805041487,route_0,18.614850109927637,73.86302144126736,18.619617102629167,73.82669921131617,2.920720638162083,2.7177876028328223,6,offline,1
18.63568192847762,73.84613805041487,route_1,18.490846892322832,73.97446070300018,18.433331378744178,73.95982508422698,21.031725058251077,25.493601888208616,9,offline,0
18.63568192847762,73.84613805041487,route_2,18.45104358908976,73.76409496144304,18.416815889015137,73.86571283980354,22.27831626919898,24.424144891597383,9,available,0
18.63568192847762,73.84613805041487,route_3,18.4684825752409,73.901965564234,18.530653191461774,73.70973295381015,19.50094884829701,18.52247315273804,8,busy,0
18.63568192847762,73.84613805041487,route_4,18.408602136415862,73.87587082059603,18.520230326309324,73.82979563386353,25.443978631010527,12.952676073892086,2,busy,0
18.63568192847762,73.84613805041487,route_5,18.431769736584847,73.96139224313882,18.616715114950075,73.86330375403355,25.72464500959574,2.7784105588889707,6,available,0
18.63568192847762,73.84613805041487,route_6,18.67826540463728,73.72096512473394,18.635913870368796,73.72321747318321,14.011517804721729,12.951534713943106,8,available,0
18.63568192847762,73.84613805041487,route_7,18.48171712665482,73.76327581278754,18.582646840333684,73.98496711376072,19.21960705575738,15.773842589383431,7,offline,0
18.63568192847762,73.84613805041487,route_8,18.462018133622998,73.99743939448328,18.407198691898518,73.95179965975407,25.045926262193845,27.741379786406387,8,available,0
18.63568192847762,73.84613805041487,route_9,18.549459685890337,73.70258117726151,18.610627112704925,73.96214979226147,17.911651512734274,12.537913792821755,7,busy,0
18.63568192847762,73.84613805041487,route_10,18.439797083860952,73.76732376630396,18.665889926544153,73.70933023255468,23.31243069024987,14.799684384172421,5,offline,0
18.63568192847762,73.84613805041487,route_11,18.497604458866828,73.7819760813979,18.461176023724313,73.76985624446678,16.777089949265836,21.004481656859287,3,busy,0
18.63568192847762,73.84613805041487,route_12,18.452053246881384,73.73083884114426,18.49490139783674,73.95247713709313,23.762643085088214,19.253384788229983,7,available,0
18.63568192847762,73.84613805041487,route_13,18.61434052948725,73.95910897281446,18.595381819679304,73.79004004237743,12.13815122941239,7.417968763892009,6,busy,0
18.63568192847762,73.84613805041487,route_14,18.498697930986943,73.95439593981811,18.410949644255314,73.80825612427586,19.032246028007304,25.306265804153725,6,busy,0
18.625363292194393,73.94489602933143,route_0,18.614850109927637,73.86302144126736,18.619617102629167,73.82669921131617,8.706340176740307,12.47114463891561,3,offline,0
18.625363292194393,73.94489602933143,route_1,18.490846892322832,73.97446070300018,18.433331378744178,73.95982508422698,15.27876307393349,21.410906872769978,3,offline,0
18.625363292194393,73.94489602933143,route_2,18.45104358908976,73.76409496144304,18.416815889015137,73.86571283980354,27.185287788964928,24.64650623334039,5,available,0
18.625363292194393,73.94489602933143,route_3,18.4684825752409,73.901965564234,18.530653191461774,73.70973295381015,18.02185185451243,26.930842423768155,1,busy,0
18.625363292194393,73.94489602933143,route_4,18.408602136415862,73.87587082059603,18.520230326309324,73.82979563386353,25.17756709188705,16.847789541414194,2,busy,0
18.625363292194393,73.94489602933143,route_5,18.431769736584847,73.96139224313882,18.616715114950075,73.86330375403355,21.596765651457027,8.651316097319267,6,available,0
18.625363292194393,73.94489602933143,route_6,18.67826540463728,73.72096512473394,18.635913870368796,73.72321747318321,24.314523199510667,23.38728074989422,4,available,0
18.625363292194393,73.94489602933143,route_7,18.48171712665482,73.76327581278754,18.582646840333684,73.98496711376072,24.93357059225554,6.355608628166802,4,offline,0
18.625363292194393,73.94489602933143,route_8,18.462018133622998,73.99743939448328,18.407198691898518,73.95179965975407,18.989024121879694,24.269715098255126,4,available,0
18.625363292194393,73.94489602933143,route_9,18.549459685890337,73.70258117726151,18.610627112704925,73.96214979226147,26.897245985687526,2.4475643310030244,7,busy,0
18.625363292194393,73.94489602933143,route_10,18.439797083860952,73.76732376630396,18.665889926544153,73.70933023255468,27.861195018995943,25.224709098640826,2,offline,0
18.625363292194393,73.94489602933143,route_11,18.497604458866828,73.7819760813979,18.461176023724313,73.76985624446678,22.28775987374738,25.958150935652846,5,busy,0
18.625363292194393,73.94489602933143,route_12,18.452053246881384,73.73083884114426,18.49490139783674,73.95247713709313,29.675684377267956,14.528695313896794,8,available,0
18.625363292194393,73.94489602933143,route_13,18.61434052948725,73.95910897281446,18.595381819679304,73.79004004237743,1.9352883783509058,16.655869251776693,6,busy,1
18.625363292194393,73.94489602933143,route_14,18.498697930986943,73.95439593981811,18.410949644255314,73.80825612427586,14.120099350519379,27.85656020598126,4,busy,0
18.543336091192177,73.83145442997525,route_0,18.614850109927637,73.86302144126736,18.619617102629167,73.82669921131617,8.619991152889915,8.496855952905198,3,offline,0
18.543336091192177,73.83145442997525,route_1,18.490846892322832,73.97446070300018,18.433331378744178,73.95982508422698,16.168523407412813,18.245094680393603,8,offline,0
18.543336091192177,73.83145442997525,route_2,18.45104358908976,73.76409496144304,18.416815889015137,73.86571283980354,12.480862176858622,14.524918131228564,7,available,0
18.543336091192177,73.83145442997525,route_3,18.4684825752409,73.901965564234,18.530653191461774,73.70973295381015,11.160550841019564,12.909865530654088,8,busy,0
18.543336091192177,73.83145442997525,route_4,18.408602136415862,73.87587082059603,18.520230326309324,73.82979563386353,15.696976032612993,2.5751890829637825,9,busy,0
18.543336091192177,73.83145442997525,route_5,18.431769736584847,73.96139224313882,18.616715114950075,73.86330375403355,18.484190564446028,8.822934631938809,2,available,0
18.543336091192177,73.83145442997525,route_6,18.67826540463728,73.72096512473394,18.635913870368796,73.72321747318321,18.991376522507835,15.365558800193108,9,available,0
18.543336091192177,73.83145442997525,route_7,18.48171712665482,73.76327581278754,18.582646840333684,73.98496711376072,9.931023384544462,16.761752557784085,6,offline,0
18.543336091192177,73.83145442997525,route_8,18.462018133622998,73.99743939448328,18.407198691898518,73.95179965975407,19.700320524190488,19.75453499071736,1,available,0
18.543336091192177,73.83145442997525,route_9,18.549459685890337,73.70258117726151,18.610627112704925,73.96214979226147,13.60289301778322,15.676409885110083,9,busy,0
18.543336091192177,73.83145442997525,route_10,18.439797083860952,73.76732376630396,18.665889926544153,73.70933023255468,13.352353658849655,18.744087527245938,7,offline,0
18.543336091192177,73.83145442997525,route_11,18.497604458866828,73.7819760813979,18.461176023724313,73.76985624446678,7.28516155953582,11.20947451885906,1,busy,1
18.543336091192177,73.83145442997525,route_12,18.452053246881384,73.73083884114426,18.49490139783674,73.95247713709313,14.683221779335215,13.85027731873001,8,available,0
18.543336091192177,73.83145442997525,route_13,18.61434052948725,73.95910897281446,18.595381819679304,73.79004004237743,15.600257730484817,7.248998768016378,8,busy,0
18.543336091192177,73.83145442997525,route_14,18.498697930986943,73.95439593981811,18.410949644255314,73.80825612427586,13.88025702718713,14.922623581134859,9,busy,0
18.538467134223563,73.91744407035932,route_0,18.614850109927637,73.86302144126736,18.619617102629167,73.82669921131617,10.249005323852243,13.149247843198337,3,offline,0
18.538467134223563,73.91744407035932,route_1,18.490846892322832,73.97446070300018,18.433331378744178,73.95982508422698,8.011264875871355,12.515779236070372,3,offline,0
18.538467134223563,73.91744407035932,route_2,18.45104358908976,73.76409496144304,18.416815889015137,73.86571283980354,18.86793950344545,14.585763161875875,9,available,0
18.538467134223563,73.91744407035932,route_3,18.4684825752409,73.901965564234,18.530653191461774,73.70973295381015,7.951247456609576,21.915688360964626,5,busy,0
18.538467134223563,73.91744407035932,route_4,18.408602136415862,73.87587082059603,18.520230326309324,73.82979563386353,15.091293904246262,9.460717343629245,1,busy,0
18.538467134223563,73.91744407035932,route_5,18.431769736584847,73.96139224313882,18.616715114950075,73.86330375403355,12.737336752258432,10.40514179542167,5,available,0
18.538467134223563,73.91744407035932,route_6,18.67826540463728,73.72096512473394,18.635913870368796,73.72321747318321,25.891165056801597,23.161417721869515,6,available,0
18.538467134223563,73.91744407035932,route_7,18.48171712665482,73.76327581278754,18.582646840333684,73.98496711376072,17.437722487699013,8.648404161366543,1,offline,0
18.538467134223563,73.91744407035932,route_8,18.462018133622998,73.99743939448328,18.407198691898518,73.95179965975407,11.975746763141032,15.039380214141163,6,available,0
18.538467134223563,73.91744407035932,route_9,18.549459685890337,73.70258117726151,18.610627112704925,73.96214979226147,22.68416047913781,9.305143593676762,5,busy,0
18.538467134223563,73.91744407035932,route_10,18.439797083860952,73.76732376630396,18.665889926544153,73.70933023255468,19.26127970593008,26.11083993163619,1,offline,0
18.538467134223563,73.91744407035932,route_11,18.497604458866828,73.7819760813979,18.461176023724313,73.76985624446678,14.988720036066713,17.778340772796028,1,busy,0
18.538467134223563,73.91744407035932,route_12,18.452053246881384,73.73083884114426,18.49490139783674,73.95247713709313,21.898537627181987,6.091924449149814,3,available,0
18.538467134223563,73.91744407035932,route_13,18.61434052948725,73.95910897281446,18.595381819679304,73.79004004237743,9.511268190399461,14.845828264461103,7,busy,0
18.538467134223563,73.91744407035932,route_14,18.498697930986943,73.95439593981811,18.410949644255314,73.80825612427586,5.893633066001254,18.266298409918313,2,busy,1
18.558934368755757,73.74794927075686,route_0,18.614850109927637,73.86302144126736,18.619617102629167,73.82669921131617,13.62891892613034,10.696543279712248,8,offline,0
18.558934368755757,73.74794927075686,route_1,18.490846892322832,73.97446070300018,18.433331378744178,73.95982508422698,25.053219152394266,26.348624043880168,1,offline,0
18.558934368755757,73.74794927075686,route_2,18.45104358908976,73.76409496144304,18.416815889015137,73.86571283980354,12.117106476758403,20.098737470325524,6,available,0
18.558934368755757,73.74794927075686,route_3,18.4684825752409,73.901965564234,18.530653191461774,73.70973295381015,19.101863239972694,5.110830027353666,9,busy,0
18.558934368755757,73.74794927075686,route_4,18.408602136415862,73.87587082059603,18.520230326309324,73.82979563386353,21.480754240568935,9.642330776267032,4,busy,0
18.558934368755757,73.74794927075686,route_5,18.431769736584847,73.96139224313882,18.616715114950075,73.86330375403355,26.580953807915307,13.751007500941336,9,available,0
18.558934368755757,73.74794927075686,route_6,18.67826540463728,73.72096512473394,18.635913870368796,73.72321747318321,13.570255086131672,8.947768452756737,2,available,0
18.558934368755757,73.74794927075686,route_7,18.48171712665482,73.76327581278754,18.582646840333684,73.98496711376072,8.73691067258968,25.121643171104814,5,offline,0
18.558934368755757,73.74794927075686,route_8,18.462018133622998,73.99743939448328,18.407198691898518,73.95179965975407,28.42856604190397,27.328221056814577,6,available,0
18.558934368755757,73.74794927075686,route_9,18.549459685890337,73.70258117726151,18.610627112704925,73.96214979226147,4.89716104263888,23.296217450348607,4,busy,1
18.558934368755757,73.74794927075686,route_10,18.439797083860952,73.76732376630396,18.665889926544153,73.70933023255468,13.404073532589795,12.569943332793027,5,offline,0
18.558934368755757,73.74794927075686,route_11,18.497604458866828,73.7819760813979,18.461176023724313,73.76985624446678,7.7056280872599725,11.112952318973212,2,busy,0
18.558934368755757,73.74794927075686,route_12,18.452053246881384,73.73083884114426,18.49490139783674,73.95247713709313,12.020808068438955,22.708912021616836,3,available,0
18.558934368755757,73.74794927075686,route_13,18.61434052948725,73.95910897281446,18.595381819679304,73.79004004237743,23.092253405107044,6.0088891552872905,2,busy,0
18.558934368755757,73.74794927075686,route_14,18.498697930986943,73.95439593981811,18.410949644255314,73.80825612427586,22.773154748398913,17.64141588133906,5,busy,0
18.62532149703175,73.76856473423221,route_0,18.614850109927637,73.86302144126736,18.619617102629167,73.82669921131617,10.021211177443439,6.1585631776271725,3,offline,0
18.62532149703175,73.76856473423221,route_1,18.490846892322832,73.97446070300018,18.433331378744178,73.95982508422698,26.356342207865826,29.366072361681073,4,offline,0
18.62532149703175,73.76856473423221,route_2,18.45104358908976,73.76409496144304,18.416815889015137,73.86571283980354,19.384547653240297,25.346596670990348,9,available,0
18.62532149703175,73.76856473423221,route_3,18.4684825752409,73.901965564234,18.530653191461774,73.70973295381015,22.40342374833257,12.217254293649814,9,busy,0
18.62532149703175,73.76856473423221,route_4,18.408602136415862,73.87587082059603,18.520230326309324,73.82979563386353,26.621954148708273,13.349424455487336,1,busy,0
18.62532149703175,73.76856473423221,route_5,18.431769736584847,73.96139224313882,18.616715114950075,73.86330375403355,29.605827906104103,10.028795402622267,4,available,0
18.62532149703175,73.76856473423221,route_6,18.67826540463728,73.72096512473394,18.635913870368796,73.72321747318321,7.73347468075145,4.921179292272382,4,available,1
18.62532149703175,73.76856473423221,route_7,18.48171712665482,73.76327581278754,18.582646840333684,73.98496711376072,15.977807819354902,23.293914258819846,9,offline,0
18.62532149703175,73.76856473423221,route_8,18.462018133622998,73.99743939448328,18.407198691898518,73.95179965975407,30.19784762966008,31.008514742261667,5,available,0
18.62532149703175,73.76856473423221,route_9,18.549459685890337,73.70258117726151,18.610627112704925,73.96214979226147,10.93249465546122,20.46453339331107,6,busy,0
18.62532149703175,73.76856473423221,route_10,18.439797083860952,73.76732376630396,18.665889926544153,73.70933023255468,20.629788389012766,7.700497739141758,5,offline,0
18.62532149703175,73.76856473423221,route_11,18.497604458866828,73.7819760813979,18.461176023724313,73.76985624446678,14.271677399377564,18.252651682344723,6,busy,0
18.62532149703175,73.76856473423221,route_12,18.452053246881384,73.73083884114426,18.49490139783674,73.95247713709313,19.672784804471085,24.210461700101515,1,available,0
18.62532149703175,73.76856473423221,route_13,18.61434052948725,73.95910897281446,18.595381819679304,73.79004004237743,20.115644484490804,4.025507707965988,6,busy,0
18.62532149703175,73.76856473423221,route_14,18.498697930986943,73.95439593981811,18.410949644255314,73.80825612427586,24.12374796978703,24.201641512430967,9,busy,0
18.547910716252094,73.84947682516474,route_0,18.614850109927637,73.86302144126736,18.619617102629167,73.82669921131617,7.578985421422021,8.32695751188861,2,offline,1
18.547910716252094,73.84947682516474,route_1,18.490846892322832,73.97446070300018,18.433331378744178,73.95982508422698,14.62596382410462,17.255065058562185,8,offline,0
18.547910716252094,73.84947682516474,route_2,18.45104358908976,73.76409496144304,18.416815889015137,73.86571283980354,14.038490909792689,14.677296445029663,8,available,0
18.547910716252094,73.84947682516474,route_3,18.4684825752409,73.901965564234,18.530653191461774,73.70973295381015,10.422870028901412,14.856885518827086,3,busy,0
18.547910716252094,73.84947682516474,route_4,18.408602136415862,73.87587082059603,18.520230326309324,73.82979563386353,15.738518463470175,3.7120046737745147,3,busy,0
18.547910716252094,73.84947682516474,route_5,18.431769736584847,73.96139224313882,18.616715114950075,73.86330375403355,17.4947708326667,7.788261876963595,6,available,0
18.547910716252094,73.84947682516474,route_6,18.67826540463728,73.72096512473394,18.635913870368796,73.72321747318321,19.836729498398174,16.51741913913258,5,available,0
18.547910716252094,73.84947682516474,route_7,18.48171712665482,73.76327581278754,18.582646840333684,73.98496711376072,11.695527189538156,14.794911307291061,8,offline,0
18.547910716252094,73.84947682516474,route_8,18.462018133622998,73.99743939448328,18.407198691898518,73.95179965975407,18.293198264391098,19.006904181587895,7,available,0
18.547910716252094,73.84947682516474,route_9,18.549459685890337,73.70258117726151,18.610627112704925,73.96214979226147,15.486514581217834,13.771917642991596,7,busy,0
18.547910716252094,73.84947682516474,route_10,18.439797083860952,73.76732376630396,18.665889926544153,73.70933023255468,14.817990730626228,19.754096234683168,9,offline,0
18.547910716252094,73.84947682516474,route_11,18.497604458866828,73.7819760813979,18.461176023724313,73.76985624446678,9.052138678264935,12.786822340715009,5,busy,0
18.547910716252094,73.84947682516474,route_12,18.452053246881384,73.73083884114426,18.49490139783674,73.95247713709313,16.43524370389307,12.356413321660007,5,available,0
18.547910716252094,73.84947682516474,route_13,18.61434052948725,73.95910897281446,18.595381819679304,73.79004004237743,13.714326305683556,8.19219917462413,3,busy,0
18.547910716252094,73.84947682516474,route_14,18.498697930986943,73.95439593981811,18.410949644255314,73.80825612427586,12.341589741889878,15.837676331728685,2,busy,0
18.642742949746385,73.70338289656151,route_0,18.614850109927637,73.86302144126736,18.619617102629167,73.82669921131617,17.10453450751077,13.24556775109241,5,offline,0
18.642742949746385,73.70338289656151,route_1,18.490846892322832,73.97446070300018,18.433331378744178,73.95982508422698,33.19227958416596,35.68097419155023,5,offline,0
18.642742949746385,73.70338289656151,route_2,18.45104358908976,73.76409496144304,18.416815889015137,73.86571283980354,22.25612160292812,30.397666377130214,8,available,0
18.642742949746385,73.70338289656151,route_3,18.4684825752409,73.901965564234,18.530653191461774,73.70973295381015,28.524963669909198,12.481768207089337,4,busy,0
18.642742949746385,73.70338289656151,route_4,18.408602136415862,73.87587082059603,18.520230326309324,73.82979563386353,31.757866422733386,19.055219729603735,5,busy,0
18.642742949746385,73.70338289656151,route_5,18.431769736584847,73.96139224313882,18.616715114950075,73.86330375403355,35.91958403305756,17.097375143808307,3,available,0
18.642742949746385,73.70338289656151,route_6,18.67826540463728,73.72096512473394,18.635913870368796,73.72321747318321,4.362657606034175,2.223508520509972,3,available,1
18.642742949746385,73.70338289656151,route_7,18.48171712665482,73.76327581278754,18.582646840333684,73.98496711376072,18.985687186017792,30.416239117945246,3,offline,0
18.642742949746385,73.70338289656151,route_8,18.462018133622998,73.99743939448328,18.407198691898518,73.95179965975407,36.9423338596984,37.040177790562566,3,available,0
18.642742949746385,73.70338289656151,route_9,18.549459685890337,73.70258117726151,18.610627112704925,73.96214979226147,10.37296980403191,27.499259508651598,1,busy,0
18.642742949746385,73.70338289656151,route_10,18.439797083860952,73.76732376630396,18.665889926544153,73.70933023255468,23.551822382466163,2.6489950149395987,3,offline,0
18.642742949746385,73.70338289656151,route_11,18.497604458866828,73.7819760813979,18.461176023724313,73.76985624446678,18.140661801659338,21.370829014669052,7,busy,0
18.642742949746385,73.70338289656151,route_12,18.452053246881384,73.73083884114426,18.49490139783674,73.95247713709313,21.400363642859034,30.977909529749603,3,available,0
18.642742949746385,73.70338289656151,route_13,18.61434052948725,73.95910897281446,18.595381819679304,73.79004004237743,27.130139349010374,10.541285147872028,6,busy,0
18.642742949746385,73.70338289656151,route_14,18.498697930986943,73.95439593981811,18.410949644255314,73.80825612427586,30.92855348267386,28.045835109073636,7,busy,0
18.523850019009092,73.98237858075824,route_0,18.614850109927637,73.86302144126736,18.619617102629167,73.82669921131617,16.145263362379342,19.561763227654765,7,offline,0
18.523850019009092,73.98237858075824,route_1,18.490846892322832,73.97446070300018,18.433331378744178,73.95982508422698,3.763553671290479,10.34243469006959,2,offline,1
18.523850019009092,73.98237858075824,route_2,18.45104358908976,73.76409496144304,18.416815889015137,73.86571283980354,24.401523654775257,17.118623401406953,1,available,0
18.523850019009092,73.98237858075824,route_3,18.4684825752409,73.901965564234,18.530653191461774,73.70973295381015,10.478922704797037,28.755519268854673,2,busy,0
18.523850019009092,73.98237858075824,route_4,18.408602136415862,73.87587082059603,18.520230326309324,73.82979563386353,17.04145745020031,16.092647034354073,2,busy,0
18.523850019009092,73.98237858075824,route_5,18.431769736584847,73.96139224313882,18.616715114950075,73.86330375403355,10.47534358227988,16.252992817826996,5,available,0
18.523850019009092,73.98237858075824,route_6,18.67826540463728,73.72096512473394,18.635913870368796,73.72321747318321,32.46206641514394,30.023458164327863,2,available,0
18.523850019009092,73.98237858075824,route_7,18.48171712665482,73.76327581278754,18.582646840333684,73.98496711376072,23.57396376267596,6.543600198008008,2,offline,0
18.523850019009092,73.98237858075824,route_8,18.462018133622998,73.99743939448328,18.407198691898518,73.95179965975407,7.056445641687603,13.365979621585403,9,available,0
18.523850019009092,73.98237858075824,route_9,18.549459685890337,73.70258117726151,18.610627112704925,73.96214979226147,29.635104420742802,9.881956857186635,2,busy,0
18.523850019009092,73.98237858075824,route_10,18.439797083860952,73.76732376630396,18.665889926544153,73.70933023255468,24.529981402421942,32.82601844163964,2,offline,0
18.523850019009092,73.98237858075824,route_11,18.497604458866828,73.7819760813979,18.461176023724313,73.76985624446678,21.331448900979666,23.469750094606255,9,busy,0
18.523850019009092,73.98237858075824,route_12,18.452053246881384,73.73083884114426,18.49490139783674,73.95247713709313,27.701736506735955,4.505811726599208,2,available,0
18.523850019009092,73.98237858075824,route_13,18.61434052948725,73.95910897281446,18.595381819679304,73.79004004237743,10.356717503306538,21.779182151730144,3,busy,0
18.523850019009092,73.98237858075824,route_14,18.498697930986943,73.95439593981811,18.410949644255314,73.80825612427586,4.065426914655768,22.24536054305921,9,busy,0
18.53729184747704,73.82168291099978,route_0,18.614850109927637,73.86302144126736,18.619617102629167,73.82669921131617,9.66228039949957,9.169406733648678,1,offline,0
18.53729184747704,73.82168291099978,route_1,18.490846892322832,73.97446070300018,18.433331378744178,73.95982508422698,16.916510950756464,18.59737381830817,4,offline,0
18.53729184747704,73.82168291099978,route_2,18.45104358908976,73.76409496144304,18.416815889015137,73.86571283980354,11.3513827586758,14.178278102906221,4,available,0
18.53729184747704,73.82168291099978,route_3,18.4684825752409,73.901965564234,18.530653191461774,73.70973295381015,11.410840566778518,11.825704032095297,8,busy,0
18.53729184747704,73.82168291099978,route_4,18.408602136415862,73.87587082059603,18.520230326309324,73.82979563386353,15.40865109990097,2.0810550136931165,6,busy,0
18.53729184747704,73.82168291099978,route_5,18.431769736584847,73.96139224313882,18.616715114950075,73.86330375403355,18.834854955914764,9.861012064460123,1,available,0
18.53729184747704,73.82168291099978,route_6,18.67826540463728,73.72096512473394,18.635913870368796,73.72321747318321,18.930840567149897,15.098267567849938,5,available,0
18.53729184747704,73.82168291099978,route_7,18.48171712665482,73.76327581278754,18.582646840333684,73.98496711376072,8.724467188327802,17.935718418011362,2,offline,0
18.53729184747704,73.82168291099978,route_8,18.462018133622998,73.99743939448328,18.407198691898518,73.95179965975407,20.335746062955213,19.939248104602964,6,available,0
18.53729184747704,73.82168291099978,route_9,18.549459685890337,73.70258117726151,18.610627112704925,73.96214979226147,12.628635167123646,16.90275970275469,3,busy,0
18.53729184747704,73.82168291099978,route_10,18.439797083860952,73.76732376630396,18.665889926544153,73.70933023255468,12.263238986484518,18.5652767641777,4,offline,0
18.53729184747704,73.82168291099978,route_11,18.497604458866828,73.7819760813979,18.461176023724313,73.76985624446678,6.082975455627989,10.074782111088185,9,busy,1
18.53729184747704,73.82168291099978,route_12,18.452053246881384,73.73083884114426,18.49490139783674,73.95247713709313,13.476086077828452,14.574088125904503,3,available,0
18.53729184747704,73.82168291099978,route_13,18.61434052948725,73.95910897281446,18.595381819679304,73.79004004237743,16.829003867058496,7.269637329254813,4,busy,0
18.53729184747704,73.82168291099978,route_14,18.498697930986943,73.95439593981811,18.410949644255314,73.80825612427586,14.636232790862733,14.119798232789954,6,busy,0
18.51324718737168,73.71958790740896,route_0,18.614850109927637,73.86302144126736,18.619617102629167,73.82669921131617,18.87404427868076,16.351423904688982,3,offline,0
18.51324718737168,73.71958790740896,route_1,18.490846892322832,73.97446070300018,18.433331378744178,73.95982508422698,26.990876356286165,26.849795684432497,1,offline,0
18.51324718737168,73.71958790740896,route_2,18.45104358908976,73.76409496144304,18.416815889015137,73.86571283980354,8.358943073636498,18.774993589889093,2,available,0
18.51324718737168,73.71958790740896,route_3,18.4684825752409,73.901965564234,18.530653191461774,73.70973295381015,19.866215468044075,2.196735671040776,4,busy,0
18.51324718737168,73.71958790740896,route_4,18.408602136415862,73.87587082059603,18.520230326309324,73.82979563386353,20.176852838815595,11.6460482469607,3,busy,0
18.51324718737168,73.71958790740896,route_5,18.431769736584847,73.96139224313882,18.616715114950075,73.86330375403355,27.063561611057946,19.02252875230932,6,available,0
18.51324718737168,73.71958790740896,route_6,18.67826540463728,73.72096512473394,18.635913870368796,73.72321747318321,18.34976261020347,13.645276785096652,7,available,0
18.51324718737168,73.71958790740896,route_7,18.48171712665482,73.76327581278754,18.582646840333684,73.98496711376072,5.789255494723242,29.020863092289247,2,offline,0
18.51324718737168,73.71958790740896,route_8,18.462018133622998,73.99743939448328,18.407198691898518,73.95179965975407,29.849791985089613,27.183019883945743,7,available,0
18.51324718737168,73.71958790740896,route_9,18.549459685890337,73.70258117726151,18.610627112704925,73.96214979226147,4.407807251919414,27.76691024931228,4,busy,1
18.51324718737168,73.71958790740896,route_10,18.439797083860952,73.76732376630396,18.665889926544153,73.70933023255468,9.594237799620135,17.007493096009952,6,offline,0
18.51324718737168,73.71958790740896,route_11,18.497604458866828,73.7819760813979,18.461176023724313,73.76985624446678,6.8046147378830675,7.8502644513345485,2,busy,0
18.51324718737168,73.71958790740896,route_12,18.452053246881384,73.73083884114426,18.49490139783674,73.95247713709313,6.907129722883075,24.641882116602055,8,available,0
18.51324718737168,73.71958790740896,route_13,18.61434052948725,73.95910897281446,18.595381819679304,73.79004004237743,27.637141797153767,11.771456562910396,4,busy,0
18.51324718737168,73.71958790740896,route_14,18.498697930986943,73.95439593981811,18.410949644255314,73.80825612427586,24.812153049285048,14.725834031149299,3,busy,0
18.53614621511694,73.95595883595179,route_0,18.614850109927637,73.86302144126736,18.619617102629167,73.82669921131617,13.135679534996706,16.48520153687115,4,offline,0
18.53614621511694,73.95595883595179,route_1,18.490846892322832,73.97446070300018,18.433331378744178,73.95982508422698,5.401640453484571,11.439756457982284,5,offline,0
18.53614621511694,73.95595883595179,route_2,18.45104358908976,73.76409496144304,18.416815889015137,73.86571283980354,22.336173882568534,16.32941444499291,2,available,0
18.53614621511694,73.95595883595179,route_3,18.4684825752409,73.901965564234,18.530653191461774,73.70973295381015,9.435237770355155,25.966332767266955,4,busy,0
18.53614621511694,73.95595883595179,route_4,18.408602136415862,73.87587082059603,18.520230326309324,73.82979563386353,16.506981028669845,13.418780486139795,1,busy,0
18.53614621511694,73.95595883595179,route_5,18.431769736584847,73.96139224313882,18.616715114950075,73.86330375403355,11.620270881817031,13.252761756214122,5,available,0
18.53614621511694,73.95595883595179,route_6,18.67826540463728,73.72096512473394,18.635913870368796,73.72321747318321,29.376860090542802,26.92186191233009,5,available,0
18.53614621511694,73.95595883595179,route_7,18.48171712665482,73.76327581278754,18.582646840333684,73.98496711376072,21.19941658424214,6.007141073721839,1,offline,0
18.53614621511694,73.95595883595179,route_8,18.462018133622998,73.99743939448328,18.407198691898518,73.95179965975407,9.33136000260626,14.345018670516406,3,available,0
18.53614621511694,73.95595883595179,route_9,18.549459685890337,73.70258117726151,18.610627112704925,73.96214979226147,26.752667517216228,8.307566008044825,1,busy,0
18.53614621511694,73.95595883595179,route_10,18.439797083860952,73.76732376630396,18.665889926544153,73.70933023255468,22.59425929625222,29.72677430815218,6,offline,0
18.53614621511694,73.95595883595179,route_11,18.497604458866828,73.7819760813979,18.461176023724313,73.76985624446678,18.838417052590007,21.32164851393969,6,busy,0
18.53614621511694,73.95595883595179,route_12,18.452053246881384,73.73083884114426,18.49490139783674,73.95247713709313,25.514641181836556,4.600883697304807,4,available,0
18.53614621511694,73.95595883595179,route_13,18.61434052948725,73.95910897281446,18.595381819679304,73.79004004237743,8.701148448460343,18.688412950178492,8,busy,0
18.53614621511694,73.95595883595179,route_14,18.498697930986943,73.95439593981811,18.410949644255314,73.80825612427586,4.167318609945804,20.891578376103276,1,busy,1
18.41099918896759,73.86739792617533,route_0,18.614850109927637,73.86302144126736,18.619617102629167,73.82669921131617,22.671884927771867,23.590831688658273,7,offline,0
18.41099918896759,73.86739792617533,route_1,18.490846892322832,73.97446070300018,18.433331378744178,73.95982508422698,14.365218046850353,10.06198662079985,1,offline,0
18.41099918896759,73.86739792617533,route_2,18.45104358908976,73.76409496144304,18.416815889015137,73.86571283980354,11.772147766394294,0.6707754046236807,8,available,0
18.41099918896759,73.86739792617533,route_3,18.4684825752409,73.901965564234,18.530653191461774,73.70973295381015,7.358810218179161,21.296119002561337,5,busy,0
18.41099918896759,73.86739792617533,route_4,18.408602136415862,73.87587082059603,18.520230326309324,73.82979563386353,0.9328167624748133,12.777030419389783,3,busy,1
18.41099918896759,73.86739792617533,route_5,18.431769736584847,73.96139224313882,18.616715114950075,73.86330375403355,10.181538657953173,22.8786403781424,5,available,0
18.41099918896759,73.86739792617533,route_6,18.67826540463728,73.72096512473394,18.635913870368796,73.72321747318321,33.488840104866924,29.266977125605962,3,available,0
18.41099918896759,73.86739792617533,route_7,18.48171712665482,73.76327581278754,18.582646840333684,73.98496711376072,13.50778201157899,22.75945753359315,9,offline,0
18.41099918896759,73.86739792617533,route_8,18.462018133622998,73.99743939448328,18.407198691898518,73.95179965975407,14.844568355373598,8.914795005584402,4,available,0
18.41099918896759,73.86739792617533,route_9,18.549459685890337,73.70258117726151,18.610627112704925,73.96214979226147,23.219913482151792,24.342364107054042,5,busy,0
18.41099918896759,73.86739792617533,route_10,18.439797083860952,73.76732376630396,18.665889926544153,73.70933023255468,11.032236687382925,32.87854583681063,3,offline,0
18.41099918896759,73.86739792617533,route_11,18.497604458866828,73.7819760813979,18.461176023724313,73.76985624446678,13.187827951821054,11.704839845807884,2,busy,0
18.41099918896759,73.86739792617533,route_12,18.452053246881384,73.73083884114426,18.49490139783674,73.95247713709313,15.111733187997899,12.944942002086353,6,available,0
18.41099918896759,73.86739792617533,route_13,18.61434052948725,73.95910897281446,18.595381819679304,73.79004004237743,24.59159618726081,22.06553505882891,7,busy,0
18.41099918896759,73.86739792617533,route_14,18.498697930986943,73.95439593981811,18.410949644255314,73.80825612427586,13.390232511021447,6.239667951856492,8,busy,0
18.58389026867614,73.78092873126094,route_0,18.614850109927637,73.86302144126736,18.619617102629167,73.82669921131617,9.311308843407742,6.248893862791421,5,offline,0
18.58389026867614,73.78092873126094,route_1,18.490846892322832,73.97446070300018,18.433331378744178,73.95982508422698,22.876434496348725,25.221092899898505,6,offline,0
18.58389026867614,73.78092873126094,route_2,18.45104358908976,73.76409496144304,18.416815889015137,73.86571283980354,14.878127593325706,20.617117235395966,1,available,0
18.58389026867614,73.78092873126094,route_3,18.4684825752409,73.901965564234,18.530653191461774,73.70973295381015,18.097747507852233,9.558644254741061,9,busy,0
18.58389026867614,73.78092873126094,route_4,18.408602136415862,73.87587082059603,18.520230326309324,73.82979563386353,21.912095660423564,8.75466981015886,7,busy,0
18.58389026867614,73.78092873126094,route_5,18.431769736584847,73.96139224313882,18.616715114950075,73.86330375403355,25.460021540695987,9.41733400945261,2,available,0
18.58389026867614,73.78092873126094,route_6,18.67826540463728,73.72096512473394,18.635913870368796,73.72321747318321,12.249279452840081,8.393455634504795,9,available,0
18.58389026867614,73.78092873126094,route_7,18.48171712665482,73.76327581278754,18.582646840333684,73.98496711376072,11.512565411181143,21.505556541345253,1,offline,0
18.58389026867614,73.78092873126094,route_8,18.462018133622998,73.99743939448328,18.407198691898518,73.95179965975407,26.54711792376327,26.658625300577782,2,available,0
18.58389026867614,73.78092873126094,route_9,18.549459685890337,73.70258117726151,18.610627112704925,73.96214979226147,9.102699950679984,19.328669211002723,1,busy,1
18.58389026867614,73.78092873126094,route_10,18.439797083860952,73.76732376630396,18.665889926544153,73.70933023255468,16.086521286355318,11.834510930701196,1,offline,0
18.58389026867614,73.78092873126094,route_11,18.497604458866828,73.7819760813979,18.461176023724313,73.76985624446678,9.595179610175276,13.69505045408436,3,busy,0
18.58389026867614,73.78092873126094,route_12,18.452053246881384,73.73083884114426,18.49490139783674,73.95247713709313,15.581941021327392,20.61540551874016,3,available,0
18.58389026867614,73.78092873126094,route_13,18.61434052948725,73.95910897281446,18.595381819679304,73.79004004237743,19.08080502184688,1.5984059952106169,5,busy,0
18.58389026867614,73.78092873126094,route_14,18.498697930986943,73.95439593981811,18.410949644255314,73.80825612427586,20.595364934149273,19.444835026569613,2,busy,0
18.67662404709997,73.87722684894233,route_0,18.614850109927637,73.86302144126736,18.619617102629167,73.82669921131617,7.030110434147793,8.277715065437578,4,offline,1
18.67662404709997,73.87722684894233,route_1,18.490846892322832,73.97446070300018,18.433331378744178,73.95982508422698,23.059838474968284,28.4195900208985,2,offline,0
18.67662404709997,73.87722684894233,route_2,18.45104358908976,73.76409496144304,18.416815889015137,73.86571283980354,27.773843606301988,28.914837250324474,7,available,0
18.67662404709997,73.87722684894233,route_3,18.4684825752409,73.901965564234,18.530653191461774,73.70973295381015,23.29070321709731,23.97959329296846,1,busy,0
18.67662404709997,73.87722684894233,route_4,18.408602136415862,73.87587082059603,18.520230326309324,73.82979563386353,29.803019556538278,18.09434843030356,1,busy,0
18.67662404709997,73.87722684894233,route_5,18.431769736584847,73.96139224313882,18.616715114950075,73.86330375403355,28.63570154442604,6.821168042589101,9,available,0
18.67662404709997,73.87722684894233,route_6,18.67826540463728,73.72096512473394,18.635913870368796,73.72321747318321,16.461465583681292,16.844860731931767,6,available,0
18.67662404709997,73.87722684894233,route_7,18.48171712665482,73.76327581278754,18.582646840333684,73.98496711376072,24.778104804652,15.429716426902987,3,offline,0
18.67662404709997,73.87722684894233,route_8,18.462018133622998,73.99743939448328,18.407198691898518,73.95179965975407,27.018589272629054,30.97307861879463,1,available,0
18.67662404709997,73.87722684894233,route_9,18.549459685890337,73.70258117726151,18.610627112704925,73.96214979226147,23.2087646928834,11.57200727914915,4,busy,0
18.67662404709997,73.87722684894233,route_10,18.439797083860952,73.76732376630396,18.665889926544153,73.70933023255468,28.769669584148,17.726935505230525,1,offline,0
18.67662404709997,73.87722684894233,route_11,18.497604458866828,73.7819760813979,18.461176023724313,73.76985624446678,22.294217733580556,26.49549353854139,1,busy,0
18.67662404709997,73.87722684894233,route_12,18.452053246881384,73.73083884114426,18.49490139783674,73.95247713709313,29.35406869974875,21.707370467091998,7,available,0
18.67662404709997,73.87722684894233,route_13,18.61434052948725,73.95910897281446,18.595381819679304,73.79004004237743,11.062970705683252,12.884034742514999,7,busy,0
18.67662404709997,73.87722684894233,route_14,18.498697930986943,73.95439593981811,18.410949644255314,73.80825612427586,21.390997117699833,30.423287000049708,3,busy,0
18.410046231845648,73.83648165922514,route_0,18.614850109927637,73.86302144126736,18.619617102629167,73.82669921131617,22.944441670875,23.32603383150548,7,offline,0
18.410046231845648,73.83648165922514,route_1,18.490846892322832,73.97446070300018,18.433331378744178,73.95982508422698,17.10380616611677,13.267446519430225,8,offline,0
18.410046231845648,73.83648165922514,route_2,18.45104358908976,73.76409496144304,18.416815889015137,73.86571283980354,8.893422235344813,3.1744864785386278,8,available,0
18.410046231845648,73.83648165922514,route_3,18.4684825752409,73.901965564234,18.530653191461774,73.70973295381015,9.483525511513129,18.935415799711556,6,busy,0
18.410046231845648,73.83648165922514,route_4,18.408602136415862,73.87587082059603,18.520230326309324,73.82979563386353,4.1588343315691985,12.27218924618056,4,busy,1
18.410046231845648,73.83648165922514,route_5,18.431769736584847,73.96139224313882,18.616715114950075,73.86330375403355,13.397300719761452,23.153901630013824,6,available,0
18.410046231845648,73.83648165922514,route_6,18.67826540463728,73.72096512473394,18.635913870368796,73.72321747318321,32.21504490806387,27.809897278221882,4,available,0
18.410046231845648,73.83648165922514,route_7,18.48171712665482,73.76327581278754,18.582646840333684,73.98496711376072,11.096835244190823,24.769250840857158,2,offline,0
18.410046231845648,73.83648165922514,route_8,18.462018133622998,73.99743939448328,18.407198691898518,73.95179965975407,17.935653521590663,12.170735096151262,8,available,0
18.410046231845648,73.83648165922514,route_9,18.549459685890337,73.70258117726151,18.610627112704925,73.96214979226147,20.969630898300913,25.942854025797736,9,busy,0
18.410046231845648,73.83648165922514,route_10,18.439797083860952,73.76732376630396,18.665889926544153,73.70933023255468,8.010780602291664,31.448554914799434,7,offline,0
18.410046231845648,73.83648165922514,route_11,18.497604458866828,73.7819760813979,18.461176023724313,73.76985624446678,11.306740131780586,9.039864233749377,8,busy,0
18.410046231845648,73.83648165922514,route_12,18.452053246881384,73.73083884114426,18.49490139783674,73.95247713709313,12.083675306961686,15.45064663170562,9,available,0
18.410046231845648,73.83648165922514,route_13,18.61434052948725,73.95910897281446,18.595381819679304,73.79004004237743,26.138535120996746,21.182235518449364,1,busy,0
18.410046231845648,73.83648165922514,route_14,18.498697930986943,73.95439593981811,18.410949644255314,73.80825612427586,15.870009538173733,2.979594090817862,2,busy,0
18.619237303020334,73.96363684187008,route_0,18.614850109927637,73.86302144126736,18.619617102629167,73.82669921131617,10.613713975047835,14.429865246765383,5,offline,0
18.619237303020334,73.96363684187008,route_1,18.490846892322832,73.97446070300018,18.433331378744178,73.95982508422698,14.321885022712397,20.675701776998846,4,offline,0
18.619237303020334,73.96363684187008,route_2,18.45104358908976,73.76409496144304,18.416815889015137,73.86571283980354,28.14845919725947,24.763351646123358,1,available,0
18.619237303020334,73.96363684187008,route_3,18.4684825752409,73.901965564234,18.530653191461774,73.70973295381015,17.97979271828922,28.517275293507335,1,busy,0
18.619237303020334,73.96363684187008,route_4,18.408602136415862,73.87587082059603,18.520230326309324,73.82979563386353,25.183470598977348,17.894830683655357,5,busy,0
18.619237303020334,73.96363684187008,route_5,18.431769736584847,73.96139224313882,18.616715114950075,73.86330375403355,20.84678560558809,10.576408971129215,4,available,0
18.619237303020334,73.96363684187008,route_6,18.67826540463728,73.72096512473394,18.635913870368796,73.72321747318321,26.396186969087445,25.40075418293137,3,available,0
18.619237303020334,73.96363684187008,route_7,18.48171712665482,73.76327581278754,18.582646840333684,73.98496711376072,26.07590070809826,4.648360848545926,9,offline,0
18.619237303020334,73.96363684187008,route_8,18.462018133622998,73.99743939448328,18.407198691898518,73.95179965975407,17.841485018297636,23.61063029189825,7,available,0
18.619237303020334,73.96363684187008,route_9,18.549459685890337,73.70258117726151,18.610627112704925,73.96214979226147,28.587468999651843,0.9701486646487731,7,busy,0
18.619237303020334,73.96363684187008,route_10,18.439797083860952,73.76732376630396,18.665889926544153,73.70933023255468,28.748876313774936,27.291465893376348,9,offline,0
18.619237303020334,73.96363684187008,route_11,18.497604458866828,73.7819760813979,18.461176023724313,73.76985624446678,23.44402250213147,26.949042389198798,6,busy,0
18.619237303020334,73.96363684187008,route_12,18.452053246881384,73.73083884114426,18.49490139783674,73.95247713709313,30.78886763608492,13.875479606094633,4,available,0
18.619237303020334,73.96363684187008,route_13,18.61434052948725,73.95910897281446,18.595381819679304,73.79004004237743,0.7239688519253288,18.4853777047685,6,busy,1
18.619237303020334,73.96363684187008,route_14,18.498697930986943,73.95439593981811,18.410949644255314,73.80825612427586,13.438717149473753,28.369368393213655,6,busy,0
18.684978364017443,73.7917661658789,route_0,18.614850109927637,73.86302144126736,18.619617102629167,73.82669921131617,10.824280610074334,8.14656611526329,9,offline,0
18.684978364017443,73.7917661658789,route_1,18.490846892322832,73.97446070300018,18.433331378744178,73.95982508422698,28.92626473504824,33.11830831907823,1,offline,0
18.684978364017443,73.7917661658789,route_2,18.45104358908976,73.76409496144304,18.416815889015137,73.86571283980354,26.175373922910175,30.82040615543778,6,available,0
18.684978364017443,73.7917661658789,route_3,18.4684825752409,73.901965564234,18.530653191461774,73.70973295381015,26.728872529318465,19.21470404106058,8,busy,0
18.684978364017443,73.7917661658789,route_4,18.408602136415862,73.87587082059603,18.520230326309324,73.82979563386353,31.98506749054028,18.75241765337093,7,busy,0
18.684978364017443,73.7917661658789,route_5,18.431769736584847,73.96139224313882,18.616715114950075,73.86330375403355,33.35346648258534,10.69675885350652,5,available,0
18.684978364017443,73.7917661658789,route_6,18.67826540463728,73.72096512473394,18.635913870368796,73.72321747318321,7.495189251359182,9.050748552666589,4,available,1
18.684978364017443,73.7917661658789,route_7,18.48171712665482,73.76327581278754,18.582646840333684,73.98496711376072,22.8002191545193,23.32115230863909,5,offline,0
18.684978364017443,73.7917661658789,route_8,18.462018133622998,73.99743939448328,18.407198691898518,73.95179965975407,32.93340562815109,35.19477478760622,1,available,0
18.684978364017443,73.7917661658789,route_9,18.549459685890337,73.70258117726151,18.610627112704925,73.96214979226147,17.75940929315461,19.763500704231095,8,busy,0
18.684978364017443,73.7917661658789,route_10,18.439797083860952,73.76732376630396,18.665889926544153,73.70933023255468,27.384388688398516,8.93945907639328,3,offline,0
18.684978364017443,73.7917661658789,route_11,18.497604458866828,73.7819760813979,18.461176023724313,73.76985624446678,20.860560593181383,24.99261022865399,8,busy,0
18.684978364017443,73.7917661658789,route_12,18.452053246881384,73.73083884114426,18.49490139783674,73.95247713709313,26.68442419238991,27.085122670831574,8,available,0
18.684978364017443,73.7917661658789,route_13,18.61434052948725,73.95910897281446,18.595381819679304,73.79004004237743,19.30110521955841,9.964341031168487,2,busy,0
18.684978364017443,73.7917661658789,route_14,18.498697930986943,73.95439593981811,18.410949644255314,73.80825612427586,26.885350698765542,30.520149951370648,3,busy,0
18.45855277246829,73.71507135041942,route_0,18.614850109927637,73.86302144126736,18.619617102629167,73.82669921131617,23.352461476642297,21.430002566417706,9,offline,0
18.45855277246829,73.71507135041942,route_1,18.490846892322832,73.97446070300018,18.433331378744178,73.95982508422698,27.591003183507283,25.968994260853684,9,offline,0
18.45855277246829,73.71507135041942,route_2,18.45104358908976,73.76409496144304,18.416815889015137,73.86571283980354,5.237825214626611,16.554563643655765,9,available,0
18.45855277246829,73.71507135041942,route_3,18.4684825752409,73.901965564234,18.530653191461774,73.70973295381015,19.742859994343664,8.036940703067652,8,busy,0
18.45855277246829,73.71507135041942,route_4,18.408602136415862,73.87587082059603,18.520230326309324,73.82979563386353,17.848866269797686,13.906969727040972,1,busy,0
18.45855277246829,73.71507135041942,route_5,18.431769736584847,73.96139224313882,18.616715114950075,73.86330375403355,26.152662610217135,23.526908753382905,3,available,0
18.45855277246829,73.71507135041942,route_6,18.67826540463728,73.72096512473394,18.635913870368796,73.72321747318321,24.438827369642354,19.740342389241125,9,available,0
18.45855277246829,73.71507135041942,route_7,18.48171712665482,73.76327581278754,18.582646840333684,73.98496711376072,5.6992509521605506,31.62575597128842,2,offline,0
18.45855277246829,73.71507135041942,route_8,18.462018133622998,73.99743939448328,18.407198691898518,73.95179965975407,29.784753660731162,25.617030548750712,1,available,0
18.45855277246829,73.71507135041942,route_9,18.549459685890337,73.70258117726151,18.610627112704925,73.96214979226147,10.193826574418024,31.05618501302943,1,busy,0
18.45855277246829,73.71507135041942,route_10,18.439797083860952,73.76732376630396,18.665889926544153,73.70933023255468,5.892966458659736,23.06278095150766,6,offline,0
18.45855277246829,73.71507135041942,route_11,18.497604458866828,73.7819760813979,18.461176023724313,73.76985624446678,8.285051038390254,5.7857104456641695,1,busy,0
18.45855277246829,73.71507135041942,route_12,18.452053246881384,73.73083884114426,18.49490139783674,73.95247713709313,1.8133407456017203,25.36168043359091,5,available,1
18.45855277246829,73.71507135041942,route_13,18.61434052948725,73.95910897281446,18.595381819679304,73.79004004237743,31.0162595280584,17.14531725619139,4,busy,0
18.45855277246829,73.71507135041942,route_14,18.498697930986943,73.95439593981811,18.410949644255314,73.80825612427586,25.631343046532724,11.164511581056168,6,busy,0
18.416558430952023,73.821825101321,route_0,18.614850109927637,73.86302144126736,18.619617102629167,73.82669921131617,22.472815046702063,22.584941849242394,6,offline,0
18.416558430952023,73.821825101321,route_1,18.490846892322832,73.97446070300018,18.433331378744178,73.95982508422698,18.095093509938057,14.677275901831326,2,offline,0
18.416558430952023,73.821825101321,route_2,18.45104358908976,73.76409496144304,18.416815889015137,73.86571283980354,7.1966041948418,4.6302436595066805,3,available,0
18.416558430952023,73.821825101321,route_3,18.4684825752409,73.901965564234,18.530653191461774,73.70973295381015,10.237092679798296,17.340955824817115,8,busy,0
18.416558430952023,73.821825101321,route_4,18.408602136415862,73.87587082059603,18.520230326309324,73.82979563386353,5.770183469142114,11.558398957877799,3,busy,1
18.416558430952023,73.821825101321,route_5,18.431769736584847,73.96139224313882,18.616715114950075,73.86330375403355,14.820523742667358,22.682034976870835,9,available,0
18.416558430952023,73.821825101321,route_6,18.67826540463728,73.72096512473394,18.635913870368796,73.72321747318321,30.982100977049917,26.514475665001694,1,available,0
18.416558430952023,73.821825101321,route_7,18.48171712665482,73.76327581278754,18.582646840333684,73.98496711376072,9.520235913228024,25.239306828085066,8,offline,0
18.416558430952023,73.821825101321,route_8,18.462018133622998,73.99743939448328,18.407198691898518,73.95179965975407,19.202150373240084,13.752133588682074,8,available,0
18.416558430952023,73.821825101321,route_9,18.549459685890337,73.70258117726151,18.610627112704925,73.96214979226147,19.404318615919543,26.164688509480666,1,busy,0
18.416558430952023,73.821825101321,route_10,18.439797083860952,73.76732376630396,18.665889926544153,73.70933023255468,6.3034887433855245,30.154464497790528,8,offline,0
18.416558430952023,73.821825101321,route_11,18.497604458866828,73.7819760813979,18.461176023724313,73.76985624446678,9.943860851689701,7.393672048170784,9,busy,0
18.416558430952023,73.821825101321,route_12,18.452053246881384,73.73083884114426,18.49490139783674,73.95247713709313,10.377880830173563,16.3031857706854,6,available,0
18.416558430952023,73.821825101321,route_13,18.61434052948725,73.95910897281446,18.595381819679304,73.79004004237743,26.32855260623191,20.16473677223292,1,busy,0
18.416558430952023,73.821825101321,route_14,18.498697930986943,73.95439593981811,18.410949644255314,73.80825612427586,16.701552535912924,1.5615060318394312,1,busy,0
18.554250616948455,73.76116667270087,route_0,18.614850109927637,73.86302144126736,18.619617102629167,73.82669921131617,12.674730342411893,10.026662943899021,8,offline,0
18.554250616948455,73.76116667270087,route_1,18.490846892322832,73.97446070300018,18.433331378744178,73.95982508422698,23.56784588443599,24.8927017548735,8,offline,0
18.554250616948455,73.76116667270087,route_2,18.45104358908976,73.76409496144304,18.416815889015137,73.86571283980354,11.480251203437938,18.843984850822306,1,available,0
18.554250616948455,73.76116667270087,route_3,18.4684825752409,73.901965564234,18.530653191461774,73.70973295381015,17.645396110496176,6.023786991063897,2,busy,0
18.554250616948455,73.76116667270087,route_4,18.408602136415862,73.87587082059603,18.520230326309324,73.82979563386353,20.214368439339093,8.164512439824794,2,busy,0
18.554250616948455,73.76116667270087,route_5,18.431769736584847,73.96139224313882,18.616715114950075,73.86330375403355,25.12572005801661,12.81112969811156,8,available,0
18.554250616948455,73.76116667270087,route_6,18.67826540463728,73.72096512473394,18.635913870368796,73.72321747318321,14.425857997399394,9.922295495231943,9,available,0
18.554250616948455,73.76116667270087,route_7,18.48171712665482,73.76327581278754,18.582646840333684,73.98496711376072,8.068421387090934,23.800409318781877,7,offline,0
18.554250616948455,73.76116667270087,route_8,18.462018133622998,73.99743939448328,18.407198691898518,73.95179965975407,26.94183814318427,25.914297874622928,9,available,0
18.554250616948455,73.76116667270087,route_9,18.549459685890337,73.70258117726151,18.610627112704925,73.96214979226147,6.19882935164335,22.091298230804423,5,busy,1
18.554250616948455,73.76116667270087,route_10,18.439797083860952,73.76732376630396,18.665889926544153,73.70933023255468,12.74320317049081,13.562454637725411,8,offline,0
18.554250616948455,73.76116667270087,route_11,18.497604458866828,73.7819760813979,18.461176023724313,73.76985624446678,6.669936717467967,10.389903075490775,7,busy,0
18.554250616948455,73.76116667270087,route_12,18.452053246881384,73.73083884114426,18.49490139783674,73.95247713709313,11.805238023696011,21.222688313216235,7,available,0
18.554250616948455,73.76116667270087,route_13,18.61434052948725,73.95910897281446,18.595381819679304,73.79004004237743,21.906342636826423,5.493586542759637,2,busy,0
18.554250616948455,73.76116667270087,route_14,18.498697930986943,73.95439593981811,18.410949644255314,73.80825612427586,21.28853702820917,16.690256426497967,6,busy,0
18.524175629746743,73.74735964367653,route_0,18.614850109927637,73.86302144126736,18.619617102629167,73.82669921131617,15.820515370800974,13.511582404575371,1,offline,0
18.524175629746743,73.74735964367653,route_1,18.490846892322832,73.97446070300018,18.433331378744178,73.95982508422698,24.23155148345165,24.578692312296344,9,offline,0
18.524175629746743,73.74735964367653,route_2,18.45104358908976,73.76409496144304,18.416815889015137,73.86571283980354,8.321218276959176,17.27198392290114,5,available,0
18.524175629746743,73.74735964367653,route_3,18.4684825752409,73.901965564234,18.530653191461774,73.70973295381015,17.439894756771032,4.03191022151382,6,busy,0
18.524175629746743,73.74735964367653,route_4,18.408602136415862,73.87587082059603,18.520230326309324,73.82979563386353,18.677899392275677,8.70271095150738,3,busy,0
18.524175629746743,73.74735964367653,route_5,18.431769736584847,73.96139224313882,18.616715114950075,73.86330375403355,24.80098846031452,15.976180753356283,3,available,0
18.524175629746743,73.74735964367653,route_6,18.67826540463728,73.72096512473394,18.635913870368796,73.72321747318321,17.358323727064434,12.68261157309704,8,available,0
18.524175629746743,73.74735964367653,route_7,18.48171712665482,73.76327581278754,18.582646840333684,73.98496711376072,5.010606502895988,25.877670228428734,8,offline,0
18.524175629746743,73.74735964367653,route_8,18.462018133622998,73.99743939448328,18.407198691898518,73.95179965975407,27.262333452656204,25.18172744053373,8,available,0
18.524175629746743,73.74735964367653,route_9,18.549459685890337,73.70258117726151,18.610627112704925,73.96214979226147,5.494581543186879,24.59670553626183,5,busy,0
18.524175629746743,73.74735964367653,route_10,18.439797083860952,73.76732376630396,18.665889926544153,73.70933023255468,9.61579108574808,16.259618606947278,3,offline,0
18.524175629746743,73.74735964367653,route_11,18.497604458866828,73.7819760813979,18.461176023724313,73.76985624446678,4.695982323335225,7.396035306952847,6,busy,1
18.524175629746743,73.74735964367653,route_12,18.452053246881384,73.73083884114426,18.49490139783674,73.95247713709313,8.206704740354235,21.871768617115958,5,available,0
18.524175629746743,73.74735964367653,route_13,18.61434052948725,73.95910897281446,18.595381819679304,73.79004004237743,24.468047173114346,9.106713671568391,8,busy,0
18.524175629746743,73.74735964367653,route_14,18.498697930986943,73.95439593981811,18.410949644255314,73.80825612427586,22.013320846249904,14.133744778088975,8,busy,0
18.590140741445534,73.71641784261723,route_0,18.614850109927637,73.86302144126736,18.619617102629167,73.82669921131617,15.692298480152411,12.075231328405753,9,offline,0
18.590140741445534,73.71641784261723,route_1,18.490846892322832,73.97446070300018,18.433331378744178,73.95982508422698,29.3590338915704,31.027922463195416,7,offline,0
18.590140741445534,73.71641784261723,route_2,18.45104358908976,73.76409496144304,18.416815889015137,73.86571283980354,16.263287492828383,24.88520560124478,7,available,0
18.590140741445534,73.71641784261723,route_3,18.4684825752409,73.901965564234,18.530653191461774,73.70973295381015,23.784217207478772,6.6521417501213005,1,busy,0
18.590140741445534,73.71641784261723,route_4,18.408602136415862,73.87587082059603,18.520230326309324,73.82979563386353,26.27161910660392,14.257385770885064,3,busy,0
18.590140741445534,73.71641784261723,route_5,18.431769736584847,73.96139224313882,18.616715114950075,73.86330375403355,31.26232689119752,15.759073207820894,1,available,0
18.590140741445534,73.71641784261723,route_6,18.67826540463728,73.72096512473394,18.635913870368796,73.72321747318321,9.81072208226667,5.139929681224901,6,available,0
18.590140741445534,73.71641784261723,route_7,18.48171712665482,73.76327581278754,18.582646840333684,73.98496711376072,13.029015933159505,28.316134374459885,2,offline,0
18.590140741445534,73.71641784261723,route_8,18.462018133622998,73.99743939448328,18.407198691898518,73.95179965975407,32.876040442192455,32.091796767425,2,available,0
18.590140741445534,73.71641784261723,route_9,18.549459685890337,73.70258117726151,18.610627112704925,73.96214979226147,4.75283205127292,25.99689835603492,5,busy,1
18.590140741445534,73.71641784261723,route_10,18.439797083860952,73.76732376630396,18.665889926544153,73.70933023255468,17.557995728398403,8.455968647796833,7,offline,0
18.590140741445534,73.71641784261723,route_11,18.497604458866828,73.7819760813979,18.461176023724313,73.76985624446678,12.395188327824696,15.407330146796827,3,busy,0
18.590140741445534,73.71641784261723,route_12,18.452053246881384,73.73083884114426,18.49490139783674,73.95247713709313,15.429728205217884,27.045562290123108,5,available,0
18.590140741445534,73.71641784261723,route_13,18.61434052948725,73.95910897281446,18.595381819679304,73.79004004237743,25.71732697200739,7.781010633886818,2,busy,0
18.590140741445534,73.71641784261723,route_14,18.498697930986943,73.95439593981811,18.410949644255314,73.80825612427586,27.07017471186367,22.15389221815242,9,busy,0
18.525614134438904,73.99219991702763,route_0,18.614850109927637,73.86302144126736,18.619617102629167,73.82669921131617,16.848035240928468,20.336324121963155,8,offline,0
18.525614134438904,73.99219991702763,route_1,18.490846892322832,73.97446070300018,18.433331378744178,73.95982508422698,4.294674207260178,10.814490865047405,8,offline,1
18.525614134438904,73.99219991702763,route_2,18.45104358908976,73.76409496144304,18.416815889015137,73.86571283980354,25.44404123209675,18.008791048318436,3,available,0
18.525614134438904,73.99219991702763,route_3,18.4684825752409,73.901965564234,18.530653191461774,73.70973295381015,11.44104808984305,29.786166787545962,3,busy,0
18.525614134438904,73.99219991702763,route_4,18.408602136415862,73.87587082059603,18.520230326309324,73.82979563386353,17.88353701055935,17.133500817412852,8,busy,0
18.525614134438904,73.99219991702763,route_5,18.431769736584847,73.96139224313882,18.616715114950075,73.86330375403355,10.929130396124267,16.947072885291057,7,available,0
18.525614134438904,73.99219991702763,route_6,18.67826540463728,73.72096512473394,18.635913870368796,73.72321747318321,33.24424769492956,30.8896902556513,9,available,0
18.525614134438904,73.99219991702763,route_7,18.48171712665482,73.76327581278754,18.582646840333684,73.98496711376072,24.627802937214305,6.387416546333337,6,offline,0
18.525614134438904,73.99219991702763,route_8,18.462018133622998,73.99743939448328,18.407198691898518,73.95179965975407,7.093104482939632,13.839476634316284,5,available,0
18.525614134438904,73.99219991702763,route_9,18.549459685890337,73.70258117726151,18.610627112704925,73.96214979226147,30.648149834711237,9.969573702948896,4,busy,0
18.525614134438904,73.99219991702763,route_10,18.439797083860952,73.76732376630396,18.665889926544153,73.70933023255468,25.563127329084654,33.64555708623781,3,offline,0
18.525614134438904,73.99219991702763,route_11,18.497604458866828,73.7819760813979,18.461176023724313,73.76985624446678,22.384079976188357,24.517156868146238,2,busy,0
18.525614134438904,73.99219991702763,route_12,18.452053246881384,73.73083884114426,18.49490139783674,73.95247713709313,28.750122703633156,5.404273509088493,9,available,0
18.525614134438904,73.99219991702763,route_13,18.61434052948725,73.95910897281446,18.595381819679304,73.79004004237743,10.46434016594569,22.678145906947226,4,busy,0
18.525614134438904,73.99219991702763,route_14,18.498697930986943,73.95439593981811,18.410949644255314,73.80825612427586,4.984647981757309,23.214959332905877,9,busy,0
18.643095614728434,73.74496959065317,route_0,18.614850109927637,73.86302144126736,18.619617102629167,73.82669921131617,12.829398547215371,8.998683782571339,2,offline,0
18.643095614728434,73.74496959065317,route_1,18.490846892322832,73.97446070300018,18.433331378744178,73.95982508422698,29.52558178718667,32.5133514672144,9,offline,0
18.643095614728434,73.74496959065317,route_2,18.45104358908976,73.76409496144304,18.416815889015137,73.86571283980354,21.45017616834078,28.198163736089505,3,available,0
18.643095614728434,73.74496959065317,route_3,18.4684825752409,73.901965564234,18.530653191461774,73.70973295381015,25.51223926240901,13.042920435385932,3,busy,0
18.643095614728434,73.74496959065317,route_4,18.408602136415862,73.87587082059603,18.520230326309324,73.82979563386353,29.501762862795772,16.327374292200936,8,busy,0
18.643095614728434,73.74496959065317,route_5,18.431769736584847,73.96139224313882,18.616715114950075,73.86330375403355,32.7530990774739,12.809100114020852,8,available,0
18.643095614728434,73.74496959065317,route_6,18.67826540463728,73.72096512473394,18.635913870368796,73.72321747318321,4.657113563553319,2.427001514355225,1,available,1
18.643095614728434,73.74496959065317,route_7,18.48171712665482,73.76327581278754,18.582646840333684,73.98496711376072,18.04792434569992,26.168683225787333,6,offline,0
18.643095614728434,73.74496959065317,route_8,18.462018133622998,73.99743939448328,18.407198691898518,73.95179965975407,33.37277558301901,34.11122535418141,8,available,0
18.643095614728434,73.74496959065317,route_9,18.549459685890337,73.70258117726151,18.610627112704925,73.96214979226147,11.329742473009706,23.167403088084917,1,busy,0
18.643095614728434,73.74496959065317,route_10,18.439797083860952,73.76732376630396,18.665889926544153,73.70933023255468,22.728273361378672,4.53014329021667,1,offline,0
18.643095614728434,73.74496959065317,route_11,18.497604458866828,73.7819760813979,18.461176023724313,73.76985624446678,16.641486344001194,20.397946561545947,3,busy,0
18.643095614728434,73.74496959065317,route_12,18.452053246881384,73.73083884114426,18.49490139783674,73.95247713709313,21.29510882326532,27.385191374854546,6,available,0
18.643095614728434,73.74496959065317,route_13,18.61434052948725,73.95910897281446,18.595381819679304,73.79004004237743,22.789125444430496,7.1207134425192065,2,busy,0
18.643095614728434,73.74496959065317,route_14,18.498697930986943,73.95439593981811,18.410949644255314,73.80825612427586,27.296367720157743,26.6618774130561,9,busy,0
18.418315965805053,73.88999689904378,route_0,18.614850109927637,73.86302144126736,18.619617102629167,73.82669921131617,22.037912535748443,23.3574328291764,1,offline,0
18.418315965805053,73.88999689904378,route_1,18.490846892322832,73.97446070300018,18.433331378744178,73.95982508422698,12.017279439444218,7.55332517409191,7,offline,0
18.418315965805053,73.88999689904378,route_2,18.45104358908976,73.76409496144304,18.416815889015137,73.86571283980354,13.770812221969935,2.5673786808110344,8,available,0
18.418315965805053,73.88999689904378,route_3,18.4684825752409,73.901965564234,18.530653191461774,73.70973295381015,5.719355195806251,22.747925449963592,7,busy,0
18.418315965805053,73.88999689904378,route_4,18.408602136415862,73.87587082059603,18.520230326309324,73.82979563386353,1.8405862379004498,12.98983543129988,6,busy,1
18.418315965805053,73.88999689904378,route_5,18.431769736584847,73.96139224313882,18.616715114950075,73.86330375403355,7.678972334093702,22.23978476686113,6,available,0
18.418315965805053,73.88999689904378,route_6,18.67826540463728,73.72096512473394,18.635913870368796,73.72321747318321,33.95620979069301,29.910348400373554,3,available,0
18.418315965805053,73.88999689904378,route_7,18.48171712665482,73.76327581278754,18.582646840333684,73.98496711376072,15.111705651128698,20.837062109409626,7,offline,0
18.418315965805053,73.88999689904378,route_8,18.462018133622998,73.99743939448328,18.407198691898518,73.95179965975407,12.33148650561932,6.636487347784229,3,available,0
18.418315965805053,73.88999689904378,route_9,18.549459685890337,73.70258117726151,18.610627112704925,73.96214979226147,24.561955074436852,22.697023850167376,1,busy,0
18.418315965805053,73.88999689904378,route_10,18.439797083860952,73.76732376630396,18.665889926544153,73.70933023255468,13.159671239360243,33.47548796007488,9,offline,0
18.418315965805053,73.88999689904378,route_11,18.497604458866828,73.7819760813979,18.461176023724313,73.76985624446678,14.406287248386294,13.539623794803347,3,busy,0
18.418315965805053,73.88999689904378,route_12,18.452053246881384,73.73083884114426,18.49490139783674,73.95247713709313,17.203367357560047,10.768035338637555,7,available,0
18.418315965805053,73.88999689904378,route_13,18.61434052948725,73.95910897281446,18.595381819679304,73.79004004237743,22.98277729233974,22.332472573509722,9,busy,0
18.418315965805053,73.88999689904378,route_14,18.498697930986943,73.95439593981811,18.410949644255314,73.80825612427586,11.226144520980151,8.662564548309847,3,busy,0
18.656302708012486,73.81473357792751,route_0,18.614850109927637,73.86302144126736,18.619617102629167,73.82669921131617,6.865277815584319,4.269634064278547,3,offline,1
18.656302708012486,73.81473357792751,route_1,18.490846892322832,73.97446070300018,18.433331378744178,73.95982508422698,24.938403711675388,29.13185884461999,1,offline,0
18.656302708012486,73.81473357792751,route_2,18.45104358908976,73.76409496144304,18.416815889015137,73.86571283980354,23.43970808237897,27.166665283932144,1,available,0
18.656302708012486,73.81473357792751,route_3,18.4684825752409,73.901965564234,18.530653191461774,73.70973295381015,22.819270457113195,17.82314304089348,6,busy,0
18.656302708012486,73.81473357792751,route_4,18.408602136415862,73.87587082059603,18.520230326309324,73.82979563386353,28.287195407239494,15.213606142308068,3,busy,0
18.656302708012486,73.81473357792751,route_5,18.431769736584847,73.96139224313882,18.616715114950075,73.86330375403355,29.366467645353488,6.750301888002585,4,available,0
18.656302708012486,73.81473357792751,route_6,18.67826540463728,73.72096512473394,18.635913870368796,73.72321747318321,10.175473530073345,9.904947704059074,8,available,0
18.656302708012486,73.81473357792751,route_7,18.48171712665482,73.76327581278754,18.582646840333684,73.98496711376072,20.156516699816933,19.719614577112694,1,offline,0
18.656302708012486,73.81473357792751,route_8,18.462018133622998,73.99743939448328,18.407198691898518,73.95179965975407,28.94192323395325,31.24203205366489,8,available,0
18.656302708012486,73.81473357792751,route_9,18.549459685890337,73.70258117726151,18.610627112704925,73.96214979226147,16.75821002120363,16.341969494341075,4,busy,0
18.656302708012486,73.81473357792751,route_10,18.439797083860952,73.76732376630396,18.665889926544153,73.70933023255468,24.587643374376185,11.155209178398051,3,offline,0
18.656302708012486,73.81473357792751,route_11,18.497604458866828,73.7819760813979,18.461176023724313,73.76985624446678,17.98104161700534,22.206821129017282,8,busy,0
18.656302708012486,73.81473357792751,route_12,18.452053246881384,73.73083884114426,18.49490139783674,73.95247713709313,24.37262806803231,23.08420840023637,8,available,0
18.656302708012486,73.81473357792751,route_13,18.61434052948725,73.95910897281446,18.595381819679304,73.79004004237743,15.911644489851119,7.256628822878976,9,busy,0
18.656302708012486,73.81473357792751,route_14,18.498697930986943,73.95439593981811,18.410949644255314,73.80825612427586,22.88699909844699,27.29056158741279,5,busy,0
18.694293094645904,73.76571283903183,route_0,18.614850109927637,73.86302144126736,18.619617102629167,73.82669921131617,13.532639495257607,10.49907154704442,8,offline,0
18.694293094645904,73.76571283903183,route_1,18.490846892322832,73.97446070300018,18.433331378744178,73.95982508422698,31.55590001143132,35.50611650646205,2,offline,0
18.694293094645904,73.76571283903183,route_2,18.45104358908976,73.76409496144304,18.416815889015137,73.86571283980354,27.048648494047715,32.605134302830756,7,available,0
18.694293094645904,73.76571283903183,route_3,18.4684825752409,73.901965564234,18.530653191461774,73.70973295381015,28.925671131964915,19.12828713237192,4,busy,0
18.694293094645904,73.76571283903183,route_4,18.408602136415862,73.87587082059603,18.520230326309324,73.82979563386353,33.82332382965012,20.4992145604311,4,busy,0
18.694293094645904,73.76571283903183,route_5,18.431769736584847,73.96139224313882,18.616715114950075,73.86330375403355,35.743298247360514,13.420918671947815,7,available,0
18.694293094645904,73.76571283903183,route_6,18.67826540463728,73.72096512473394,18.635913870368796,73.72321747318321,5.03911576866893,7.885459740308472,2,available,1
18.694293094645904,73.76571283903183,route_7,18.48171712665482,73.76327581278754,18.582646840333684,73.98496711376072,23.638764614241484,26.225769814832287,4,offline,0
18.694293094645904,73.76571283903183,route_8,18.462018133622998,73.99743939448328,18.407198691898518,73.95179965975407,35.547305696426115,37.46897420565031,2,available,0
18.694293094645904,73.76571283903183,route_9,18.549459685890337,73.70258117726151,18.610627112704925,73.96214979226147,17.424611878807916,22.690407466049333,7,busy,0
18.694293094645904,73.76571283903183,route_10,18.439797083860952,73.76732376630396,18.665889926544153,73.70933023255468,28.299174691019886,6.726724184794427,1,offline,0
18.694293094645904,73.76571283903183,route_11,18.497604458866828,73.7819760813979,18.461176023724313,73.76985624446678,21.937836218884147,25.925114196976644,1,busy,0
18.694293094645904,73.76571283903183,route_12,18.452053246881384,73.73083884114426,18.49490139783674,73.95247713709313,27.185499944656595,29.647846565500956,2,available,0
18.694293094645904,73.76571283903183,route_13,18.61434052948725,73.95910897281446,18.595381819679304,73.79004004237743,22.23006064654926,11.293137928692373,1,busy,0
18.694293094645904,73.76571283903183,route_14,18.498697930986943,73.95439593981811,18.410949644255314,73.80825612427586,29.469414633490885,31.823942942851236,4,busy,0
18.615593203404238,73.83733435491745,route_0,18.614850109927637,73.86302144126736,18.619617102629167,73.82669921131617,2.7081046831091666,1.206709105430122,9,offline,1
18.615593203404238,73.83733435491745,route_1,18.490846892322832,73.97446070300018,18.433331378744178,73.95982508422698,20.03408939672171,24.03170216009692,2,offline,0
18.615593203404238,73.83733435491745,route_2,18.45104358908976,73.76409496144304,18.416815889015137,73.86571283980354,19.859625803834202,22.30464289908859,7,available,0
18.615593203404238,73.83733435491745,route_3,18.4684825752409,73.901965564234,18.530653191461774,73.70973295381015,17.720268528476634,16.434697436758924,1,busy,0
18.615593203404238,73.83733435491745,route_4,18.408602136415862,73.87587082059603,18.520230326309324,73.82979563386353,23.372277233537897,10.633600554381125,8,busy,0
18.615593203404238,73.83733435491745,route_5,18.431769736584847,73.96139224313882,18.616715114950075,73.86330375403355,24.26701425406309,2.739420277100166,7,available,0
18.615593203404238,73.83733435491745,route_6,18.67826540463728,73.72096512473394,18.635913870368796,73.72321747318321,14.102573297856766,12.235075149230255,8,available,0
18.615593203404238,73.83733435491745,route_7,18.48171712665482,73.76327581278754,18.582646840333684,73.98496711376072,16.809368259702715,15.984144335389034,7,offline,0
18.615593203404238,73.83733435491745,route_8,18.462018133622998,73.99743939448328,18.407198691898518,73.95179965975407,24.010792315743505,26.127216712155985,9,available,0
18.615593203404238,73.83733435491745,route_9,18.549459685890337,73.70258117726151,18.610627112704925,73.96214979226147,15.993548301481743,13.164502408289191,3,busy,0
18.615593203404238,73.83733435491745,route_10,18.439797083860952,73.76732376630396,18.665889926544153,73.70933023255468,20.894835824781264,14.600376052605316,4,offline,0
18.615593203404238,73.83733435491745,route_11,18.497604458866828,73.7819760813979,18.461176023724313,73.76985624446678,14.359012142031979,18.585753503060488,7,busy,0
18.615593203404238,73.83733435491745,route_12,18.452053246881384,73.73083884114426,18.49490139783674,73.95247713709313,21.371625255657417,18.095016397039775,3,available,0
18.615593203404238,73.83733435491745,route_13,18.61434052948725,73.95910897281446,18.595381819679304,73.79004004237743,12.833093459923035,5.467316026202837,4,busy,0
18.615593203404238,73.83733435491745,route_14,18.498697930986943,73.95439593981811,18.410949644255314,73.80825612427586,17.92274117490857,22.960952595021386,5,busy,0
18.540978158144316,73.88131931769438,route_0,18.614850109927637,73.86302144126736,18.619617102629167,73.82669921131617,8.437558177274006,10.469194054564284,4,offline,0
18.540978158144316,73.88131931769438,route_1,18.490846892322832,73.97446070300018,18.433331378744178,73.95982508422698,11.292478309239364,14.553922125275417,4,offline,0
18.540978158144316,73.88131931769438,route_2,18.45104358908976,73.76409496144304,18.416815889015137,73.86571283980354,15.90002623221963,13.90397418073999,7,available,0
18.540978158144316,73.88131931769438,route_3,18.4684825752409,73.901965564234,18.530653191461774,73.70973295381015,8.349945499445498,18.126179442319415,1,busy,1
18.540978158144316,73.88131931769438,route_4,18.408602136415862,73.87587082059603,18.520230326309324,73.82979563386353,14.730753801835656,5.901746912590101,7,busy,0
18.540978158144316,73.88131931769438,route_5,18.431769736584847,73.96139224313882,18.616715114950075,73.86330375403355,14.790817109608888,8.632981284151137,8,available,0
18.540978158144316,73.88131931769438,route_6,18.67826540463728,73.72096512473394,18.635913870368796,73.72321747318321,22.772619707999016,19.72543853376522,6,available,0
18.540978158144316,73.88131931769438,route_7,18.48171712665482,73.76327581278754,18.582646840333684,73.98496711376072,14.083416771254917,11.867443971309724,7,offline,0
18.540978158144316,73.88131931769438,route_8,18.462018133622998,73.99743939448328,18.407198691898518,73.95179965975407,15.06712018034932,16.62936233070702,8,available,0
18.540978158144316,73.88131931769438,route_9,18.549459685890337,73.70258117726151,18.610627112704925,73.96214979226147,18.866321941089332,11.513651382414558,3,busy,0
18.540978158144316,73.88131931769438,route_10,18.439797083860952,73.76732376630396,18.665889926544153,73.70933023255468,16.464938275273475,22.834998285303264,4,offline,0
18.540978158144316,73.88131931769438,route_11,18.497604458866828,73.7819760813979,18.461176023724313,73.76985624446678,11.531462858026332,14.727085330092129,8,busy,0
18.540978158144316,73.88131931769438,route_12,18.452053246881384,73.73083884114426,18.49490139783674,73.95247713709313,18.6969398081233,9.085210840055252,3,available,0
18.540978158144316,73.88131931769438,route_13,18.61434052948725,73.95910897281446,18.595381819679304,73.79004004237743,11.565913729577483,11.36519442165996,3,busy,0
18.540978158144316,73.88131931769438,route_14,18.498697930986943,73.95439593981811,18.410949644255314,73.80825612427586,9.026010832898788,16.383629619738855,9,busy,0
18.686584891098867,73.85053582584787,route_0,18.614850109927637,73.86302144126736,18.619617102629167,73.82669921131617,8.084281319384207,7.858536378869888,4,offline,1
18.686584891098867,73.85053582584787,route_1,18.490846892322832,73.97446070300018,18.433331378744178,73.95982508422698,25.3831899746155,30.425858815517863,1,offline,0
18.686584891098867,73.85053582584787,route_2,18.45104358908976,73.76409496144304,18.416815889015137,73.86571283980354,27.73059815139917,30.039580404581553,2,available,0
18.686584891098867,73.85053582584787,route_3,18.4684825752409,73.901965564234,18.530653191461774,73.70973295381015,24.850304841925304,22.821084411756004,5,busy,0
18.686584891098867,73.85053582584787,route_4,18.408602136415862,73.87587082059603,18.520230326309324,73.82979563386353,31.025442372442544,18.62646759827,6,busy,0
18.686584891098867,73.85053582584787,route_5,18.431769736584847,73.96139224313882,18.616715114950075,73.86330375403355,30.64927057391147,7.884756731001208,2,available,0
18.686584891098867,73.85053582584787,route_6,18.67826540463728,73.72096512473394,18.635913870368796,73.72321747318321,13.679762068923099,14.548232152947245,6,available,0
18.686584891098867,73.85053582584787,route_7,18.48171712665482,73.76327581278754,18.582646840333684,73.98496711376072,24.56671460273848,18.281252166105777,7,offline,0
18.686584891098867,73.85053582584787,route_8,18.462018133622998,73.99743939448328,18.407198691898518,73.95179965975407,29.381813852875197,32.849303614686164,8,available,0
18.686584891098867,73.85053582584787,route_9,18.549459685890337,73.70258117726151,18.610627112704925,73.96214979226147,21.807443617555364,14.478194336921977,9,busy,0
18.686584891098867,73.85053582584787,route_10,18.439797083860952,73.76732376630396,18.665889926544153,73.70933023255468,28.809295319488633,15.051511541288317,3,offline,0
18.686584891098867,73.85053582584787,route_11,18.497604458866828,73.7819760813979,18.461176023724313,73.76985624446678,22.221250970942542,26.46764454234588,2,busy,0
18.686584891098867,73.85053582584787,route_12,18.452053246881384,73.73083884114426,18.49490139783674,73.95247713709313,28.970381345547093,23.868959518752963,8,available,0
18.686584891098867,73.85053582584787,route_13,18.61434052948725,73.95910897281446,18.595381819679304,73.79004004237743,13.977792172011863,11.97803760414413,2,busy,0
18.686584891098867,73.85053582584787,route_14,18.498697930986943,73.95439593981811,18.410949644255314,73.80825612427586,23.58587001639963,30.97162270761294,8,busy,0
18.63567965615789,73.98156526761016,route_0,18.614850109927637,73.86302144126736,18.619617102629167,73.82669921131617,12.70404528801622,16.41567652068345,9,offline,0
18.63567965615789,73.98156526761016,route_1,18.490846892322832,73.97446070300018,18.433331378744178,73.95982508422698,16.122071380510754,22.61654045533571,2,offline,0
18.63567965615789,73.98156526761016,route_2,18.45104358908976,73.76409496144304,18.416815889015137,73.86571283980354,30.775211611215102,27.229836180446934,4,available,0
18.63567965615789,73.98156526761016,route_3,18.4684825752409,73.901965564234,18.530653191461774,73.70973295381015,20.397395243466505,30.93916870025587,3,busy,0
18.63567965615789,73.98156526761016,route_4,18.408602136415862,73.87587082059603,18.520230326309324,73.82979563386353,27.599679664894726,20.510731548356492,4,busy,0
18.63567965615789,73.98156526761016,route_5,18.431769736584847,73.96139224313882,18.616715114950075,73.86330375403355,22.773277134740095,12.638479031385025,6,available,0
18.63567965615789,73.98156526761016,route_6,18.67826540463728,73.72096512473394,18.635913870368796,73.72321747318321,27.860045867580915,27.220789219411998,9,available,0
18.63567965615789,73.98156526761016,route_7,18.48171712665482,73.76327581278754,18.582646840333684,73.98496711376072,28.680478455462808,5.9078667734908334,9,offline,0
18.63567965615789,73.98156526761016,route_8,18.462018133622998,73.99743939448328,18.407198691898518,73.95179965975407,19.382654257005242,25.599027805864548,1,available,0
18.63567965615789,73.98156526761016,route_9,18.549459685890337,73.70258117726151,18.610627112704925,73.96214979226147,30.92615012714314,3.456263786526895,8,busy,0
18.63567965615789,73.98156526761016,route_10,18.439797083860952,73.76732376630396,18.665889926544153,73.70933023255468,31.377836589063094,28.877521285999443,3,offline,0
18.63567965615789,73.98156526761016,route_11,18.497604458866828,73.7819760813979,18.461176023724313,73.76985624446678,26.04475897825367,29.57381786741687,8,busy,0
18.63567965615789,73.98156526761016,route_12,18.452053246881384,73.73083884114426,18.49490139783674,73.95247713709313,33.39997761835406,15.951285847252137,6,available,0
18.63567965615789,73.98156526761016,route_13,18.61434052948725,73.95910897281446,18.595381819679304,73.79004004237743,3.3510226347239986,20.67387708857223,1,busy,1
18.63567965615789,73.98156526761016,route_14,18.498697930986943,73.95439593981811,18.410949644255314,73.80825612427586,15.498563465230845,30.956981453577907,7,busy,0
18.497142875768496,73.72262514857502,route_0,18.614850109927637,73.86302144126736,18.619617102629167,73.82669921131617,19.75703701346449,17.487734673923264,6,offline,0
18.497142875768496,73.72262514857502,route_1,18.490846892322832,73.97446070300018,18.433331378744178,73.95982508422698,26.565906845292663,26.004274629653544,7,offline,0
18.497142875768496,73.72262514857502,route_2,18.45104358908976,73.76409496144304,18.416815889015137,73.86571283980354,6.7382743455756655,17.537231719443344,4,available,0
18.497142875768496,73.72262514857502,route_3,18.4684825752409,73.901965564234,18.530653191461774,73.70973295381015,19.179741105168574,3.9663892812182193,2,busy,0
18.497142875768496,73.72262514857502,route_4,18.408602136415862,73.87587082059603,18.520230326309324,73.82979563386353,18.926297118183996,11.588361298580558,9,busy,0
18.497142875768496,73.72262514857502,route_5,18.431769736584847,73.96139224313882,18.616715114950075,73.86330375403355,26.211065941000577,19.917113576511948,4,available,0
18.497142875768496,73.72262514857502,route_6,18.67826540463728,73.72096512473394,18.635913870368796,73.72321747318321,20.140666234337512,15.43075687819839,9,available,0
18.497142875768496,73.72262514857502,route_7,18.48171712665482,73.76327581278754,18.582646840333684,73.98496711376072,4.617252801690137,29.245757471319006,2,offline,1
18.497142875768496,73.72262514857502,route_8,18.462018133622998,73.99743939448328,18.407198691898518,73.95179965975407,29.244261415314583,26.160203947289624,6,available,0
18.497142875768496,73.72262514857502,route_9,18.549459685890337,73.70258117726151,18.610627112704925,73.96214979226147,6.189334572012976,28.22727334407695,1,busy,0
18.497142875768496,73.72262514857502,route_10,18.439797083860952,73.76732376630396,18.665889926544153,73.70933023255468,7.93000519640212,18.816065659059632,5,offline,0
18.497142875768496,73.72262514857502,route_11,18.497604458866828,73.7819760813979,18.461176023724313,73.76985624446678,6.258789821862494,6.387932503548814,2,busy,0
18.497142875768496,73.72262514857502,route_12,18.452053246881384,73.73083884114426,18.49490139783674,73.95247713709313,5.088021364922811,24.23945438189829,7,available,0
18.497142875768496,73.72262514857502,route_13,18.61434052948725,73.95910897281446,18.595381819679304,73.79004004237743,28.129560313045403,13.032058879592512,3,busy,0
18.497142875768496,73.72262514857502,route_14,18.498697930986943,73.95439593981811,18.410949644255314,73.80825612427586,24.440853797497457,13.169536684273899,7,busy,0
18.433781143771544,73.77420282382514,route_0,18.614850109927637,73.86302144126736,18.619617102629167,73.82669921131617,22.205166529528153,21.392421661107146,6,offline,0
18.433781143771544,73.77420282382514,route_1,18.490846892322832,73.97446070300018,18.433331378744178,73.95982508422698,22.054158758275392,19.581285527297588,1,offline,0
18.433781143771544,73.77420282382514,route_2,18.45104358908976,73.76409496144304,18.416815889015137,73.86571283980354,2.195743735915961,9.83640932295168,4,available,0
18.433781143771544,73.77420282382514,route_3,18.4684825752409,73.901965564234,18.530653191461774,73.70973295381015,14.017798411283945,12.737940870309492,4,busy,0
18.433781143771544,73.77420282382514,route_4,18.408602136415862,73.87587082059603,18.520230326309324,73.82979563386353,11.085087996678245,11.259606418654787,4,busy,0
18.433781143771544,73.77420282382514,route_5,18.431769736584847,73.96139224313882,18.616715114950075,73.86330375403355,19.747896916265095,22.405814910700993,3,available,0
18.433781143771544,73.77420282382514,route_6,18.67826540463728,73.72096512473394,18.635913870368796,73.72321747318321,27.758621920557392,23.109951017979174,8,available,0
18.433781143771544,73.77420282382514,route_7,18.48171712665482,73.76327581278754,18.582646840333684,73.98496711376072,5.453416322204003,27.711027008900228,3,offline,0
18.433781143771544,73.77420282382514,route_8,18.462018133622998,73.99743939448328,18.407198691898518,73.95179965975407,23.755585316439454,18.96777203527431,7,available,0
18.433781143771544,73.77420282382514,route_9,18.549459685890337,73.70258117726151,18.610627112704925,73.96214979226147,14.916362748425371,27.917185313399845,3,busy,0
18.433781143771544,73.77420282382514,route_10,18.439797083860952,73.76732376630396,18.665889926544153,73.70933023255468,0.9869444724356399,26.69998611875749,4,offline,1
18.433781143771544,73.77420282382514,route_11,18.497604458866828,73.7819760813979,18.461176023724313,73.76985624446678,7.144027201478364,3.08048169081672,8,busy,0
18.433781143771544,73.77420282382514,route_12,18.452053246881384,73.73083884114426,18.49490139783674,73.95247713709313,5.005135847816871,19.993283249755695,6,available,0
18.433781143771544,73.77420282382514,route_13,18.61434052948725,73.95910897281446,18.595381819679304,73.79004004237743,27.985123048315934,18.046598981177265,1,busy,0
18.433781143771544,73.77420282382514,route_14,18.498697930986943,73.95439593981811,18.410949644255314,73.80825612427586,20.329564601860497,4.39901331993497,7,busy,0
18.538070106099074,73.73484457697154,route_0,18.614850109927637,73.86302144126736,18.619617102629167,73.82669921131617,15.98158396276653,13.264720946022159,5,offline,0
18.538070106099074,73.73484457697154,route_1,18.490846892322832,73.97446070300018,18.433331378744178,73.95982508422698,25.8049923457122,26.430229693335356,7,offline,0
18.538070106099074,73.73484457697154,route_2,18.45104358908976,73.76409496144304,18.416815889015137,73.86571283980354,10.156611888414835,19.29441858773679,6,available,0
18.538070106099074,73.73484457697154,route_3,18.4684825752409,73.901965564234,18.530653191461774,73.70973295381015,19.246323987769124,2.7729412620081333,3,busy,0
18.538070106099074,73.73484457697154,route_4,18.408602136415862,73.87587082059603,18.520230326309324,73.82979563386353,20.699437582367015,10.205415066018176,8,busy,0
18.538070106099074,73.73484457697154,route_5,18.431769736584847,73.96139224313882,18.616715114950075,73.86330375403355,26.655331972131155,16.118248763451778,4,available,0
18.538070106099074,73.73484457697154,route_6,18.67826540463728,73.72096512473394,18.635913870368796,73.72321747318321,15.657472103631473,10.948526422124576,1,available,0
18.538070106099074,73.73484457697154,route_7,18.48171712665482,73.76327581278754,18.582646840333684,73.98496711376072,6.946367948436602,26.82768059631366,7,offline,0
18.538070106099074,73.73484457697154,route_8,18.462018133622998,73.99743939448328,18.407198691898518,73.95179965975407,28.95282664118036,27.116807134775836,6,available,0
18.538070106099074,73.73484457697154,route_9,18.549459685890337,73.70258117726151,18.610627112704925,73.96214979226147,3.629399048103512,25.280584415037584,1,busy,1
18.538070106099074,73.73484457697154,route_10,18.439797083860952,73.76732376630396,18.665889926544153,73.70933023255468,11.451672545868108,14.465022592154645,7,offline,0
18.538070106099074,73.73484457697154,route_11,18.497604458866828,73.7819760813979,18.461176023724313,73.76985624446678,6.703843764372111,9.313266082831403,4,busy,0
18.538070106099074,73.73484457697154,route_12,18.452053246881384,73.73083884114426,18.49490139783674,73.95247713709313,9.573961497153345,23.443558710469933,5,available,0
18.538070106099074,73.73484457697154,route_13,18.61434052948725,73.95910897281446,18.595381819679304,73.79004004237743,25.113218077463547,8.629113651660406,4,busy,0
18.538070106099074,73.73484457697154,route_14,18.498697930986943,73.95439593981811,18.410949644255314,73.80825612427586,23.559285414314637,16.116631226129435,5,busy,0
18.680727791782648,73.94481991163717,route_0,18.614850109927637,73.86302144126736,18.619617102629167,73.82669921131617,11.310645930259986,14.179058279926274,7,offline,0
18.680727791782648,73.94481991163717,route_1,18.490846892322832,73.97446070300018,18.433331378744178,73.95982508422698,21.343657254985555,27.554662782051487,2,offline,0
18.680727791782648,73.94481991163717,route_2,18.45104358908976,73.76409496144304,18.416815889015137,73.86571283980354,31.861802516471435,30.507587289433474,5,available,0
18.680727791782648,73.94481991163717,route_3,18.4684825752409,73.901965564234,18.530653191461774,73.70973295381015,24.02895876508071,29.870364762341577,9,busy,0
18.680727791782648,73.94481991163717,route_4,18.408602136415862,73.87587082059603,18.520230326309324,73.82979563386353,31.119776087635802,21.57408802240466,4,busy,0
18.680727791782648,73.94481991163717,route_5,18.431769736584847,73.96139224313882,18.616715114950075,73.86330375403355,27.737939601359262,11.154501855385599,2,available,0
18.680727791782648,73.94481991163717,route_6,18.67826540463728,73.72096512473394,18.635913870368796,73.72321747318321,23.581942761725134,23.871893302893117,8,available,0
18.680727791782648,73.94481991163717,route_7,18.48171712665482,73.76327581278754,18.582646840333684,73.98496711376072,29.25440680137796,11.697766923815296,9,offline,0
18.680727791782648,73.94481991163717,route_8,18.462018133622998,73.99743939448328,18.407198691898518,73.95179965975407,24.943842990689987,30.42394750381649,3,available,0
18.680727791782648,73.94481991163717,route_9,18.549459685890337,73.70258117726151,18.610627112704925,73.96214979226147,29.405068913079152,8.005827355597464,4,busy,0
18.680727791782648,73.94481991163717,route_10,18.439797083860952,73.76732376630396,18.665889926544153,73.70933023255468,32.67702350598847,24.861657942059754,6,offline,0
18.680727791782648,73.94481991163717,route_11,18.497604458866828,73.7819760813979,18.461176023724313,73.76985624446678,26.63053466214773,30.595835489237544,8,busy,0
18.680727791782648,73.94481991163717,route_12,18.452053246881384,73.73083884114426,18.49490139783674,73.95247713709313,33.9896283506017,20.67870624968641,9,available,0
18.680727791782648,73.94481991163717,route_13,18.61434052948725,73.95910897281446,18.595381819679304,73.79004004237743,7.533873826745579,18.8683934140116,7,busy,1
18.680727791782648,73.94481991163717,route_14,18.498697930986943,73.95439593981811,18.410949644255314,73.80825612427586,20.265943076669878,33.27371303555167,9,busy,0
18.53572404038608,73.93399419089943,route_0,18.614850109927637,73.86302144126736,18.619617102629167,73.82669921131617,11.548718743590113,14.659933186615081,1,offline,0
18.53572404038608,73.93399419089943,route_1,18.490846892322832,73.97446070300018,18.433331378744178,73.95982508422698,6.565584709337943,11.706888768980306,3,offline,0
18.53572404038608,73.93399419089943,route_2,18.45104358908976,73.76409496144304,18.416815889015137,73.86571283980354,20.23999858237135,15.055824118272703,8,available,0
18.53572404038608,73.93399419089943,route_3,18.4684825752409,73.901965564234,18.530653191461774,73.70973295381015,8.20430318605121,23.6502073046285,9,busy,0
18.53572404038608,73.93399419089943,route_4,18.408602136415862,73.87587082059603,18.520230326309324,73.82979563386353,15.407281000752914,11.120082085184174,3,busy,0
18.53572404038608,73.93399419089943,route_5,18.431769736584847,73.96139224313882,18.616715114950075,73.86330375403355,11.914836525158496,11.688464690723919,7,available,0
18.53572404038608,73.93399419089943,route_6,18.67826540463728,73.72096512473394,18.635913870368796,73.72321747318321,27.48093553371605,24.851926720360385,9,available,0
18.53572404038608,73.93399419089943,route_7,18.48171712665482,73.76327581278754,18.582646840333684,73.98496711376072,18.976409140221296,7.48959853593391,3,offline,0
18.53572404038608,73.93399419089943,route_8,18.462018133622998,73.99743939448328,18.407198691898518,73.95179965975407,10.579673392243082,14.414214668528734,5,available,0
18.53572404038608,73.93399419089943,route_9,18.549459685890337,73.70258117726151,18.610627112704925,73.96214979226147,24.443904842710264,8.84176793390789,5,busy,0
18.53572404038608,73.93399419089943,route_10,18.439797083860952,73.76732376630396,18.665889926544153,73.70933023255468,20.559853815401077,27.75012512718545,4,offline,0
18.53572404038608,73.93399419089943,route_11,18.497604458866828,73.7819760813979,18.461176023724313,73.76985624446678,16.57954852949167,19.19090348518671,2,busy,0
18.53572404038608,73.93399419089943,route_12,18.452053246881384,73.73083884114426,18.49490139783674,73.95247713709313,23.356273128178124,4.939930778101911,5,available,0
18.53572404038608,73.93399419089943,route_13,18.61434052948725,73.95910897281446,18.595381819679304,73.79004004237743,9.133768806828966,16.560630528904532,6,busy,0
18.53572404038608,73.93399419089943,route_14,18.498697930986943,73.95439593981811,18.410949644255314,73.80825612427586,4.6452094642510815,19.192429818644133,4,busy,1
18.557837790571458,73.96181444570948,route_0,18.614850109927637,73.86302144126736,18.619617102629167,73.82669921131617,12.190396328353886,15.81068704705135,4,offline,0
18.557837790571458,73.96181444570948,route_1,18.490846892322832,73.97446070300018,18.433331378744178,73.95982508422698,7.567438064128592,13.846070612319402,8,offline,0
18.557837790571458,73.96181444570948,route_2,18.45104358908976,73.76409496144304,18.416815889015137,73.86571283980354,23.993429050652068,18.67083872165488,5,available,0
18.557837790571458,73.96181444570948,route_3,18.4684825752409,73.901965564234,18.530653191461774,73.70973295381015,11.77045142151519,26.74617013888989,8,busy,0
18.557837790571458,73.96181444570948,route_4,18.408602136415862,73.87587082059603,18.520230326309324,73.82979563386353,18.908112334803484,14.532690592314493,1,busy,0
18.557837790571458,73.96181444570948,route_5,18.431769736584847,73.96139224313882,18.616715114950075,73.86330375403355,14.018198716964845,12.274290095854443,9,available,0
18.557837790571458,73.96181444570948,route_6,18.67826540463728,73.72096512473394,18.635913870368796,73.72321747318321,28.695752947569446,26.602005977754093,4,available,0
18.557837790571458,73.96181444570948,route_7,18.48171712665482,73.76327581278754,18.582646840333684,73.98496711376072,22.57971453349922,3.683168959839922,1,offline,0
18.557837790571458,73.96181444570948,route_8,18.462018133622998,73.99743939448328,18.407198691898518,73.95179965975407,11.297443584547398,16.783567265757334,2,available,0
18.557837790571458,73.96181444570948,route_9,18.549459685890337,73.70258117726151,18.610627112704925,73.96214979226147,27.343127928899573,5.870011211028365,2,busy,0
18.557837790571458,73.96181444570948,route_10,18.439797083860952,73.76732376630396,18.665889926544153,73.70933023255468,24.349458291474967,29.19371781306423,3,offline,0
18.557837790571458,73.96181444570948,route_11,18.497604458866828,73.7819760813979,18.461176023724313,73.76985624446678,20.108831185747587,22.91743887813133,1,busy,0
18.557837790571458,73.96181444570948,route_12,18.452053246881384,73.73083884114426,18.49490139783674,73.95247713709313,27.047107679258232,7.067111351941094,7,available,0
18.557837790571458,73.96181444570948,route_13,18.61434052948725,73.95910897281446,18.595381819679304,73.79004004237743,6.289285219846002,18.58034812241972,6,busy,1
18.557837790571458,73.96181444570948,route_14,18.498697930986943,73.95439593981811,18.410949644255314,73.80825612427586,6.622402308483324,23.000430553846375,7,busy,0
18.58122556598055,73.86063003218649,route_0,18.614850109927637,73.86302144126736,18.619617102629167,73.82669921131617,3.7473632373680865,5.568721306792536,6,offline,1
18.58122556598055,73.86063003218649,route_1,18.490846892322832,73.97446070300018,18.433331378744178,73.95982508422698,15.652925156879254,19.489559220344045,9,offline,0
18.58122556598055,73.86063003218649,route_2,18.45104358908976,73.76409496144304,18.416815889015137,73.86571283980354,17.6959039153791,18.289377208541865,3,available,0
18.58122556598055,73.86063003218649,route_3,18.4684825752409,73.901965564234,18.530653191461774,73.70973295381015,13.272377021652222,16.871450031857304,7,busy,0
18.58122556598055,73.86063003218649,route_4,18.408602136415862,73.87587082059603,18.520230326309324,73.82979563386353,19.262015583210434,7.521042214160258,1,busy,0
18.58122556598055,73.86063003218649,route_5,18.431769736584847,73.96139224313882,18.616715114950075,73.86330375403355,19.724845044664008,3.9563049731707616,6,available,0
18.58122556598055,73.86063003218649,route_6,18.67826540463728,73.72096512473394,18.635913870368796,73.72321747318321,18.248307267519245,15.705797885160727,6,available,0
18.58122556598055,73.86063003218649,route_7,18.48171712665482,73.76327581278754,18.582646840333684,73.98496711376072,15.09238565541066,13.105859124145244,2,offline,0
18.58122556598055,73.86063003218649,route_8,18.462018133622998,73.99743939448328,18.407198691898518,73.95179965975407,19.590041234274395,21.60757783841367,3,available,0
18.58122556598055,73.86063003218649,route_9,18.549459685890337,73.70258117726151,18.610627112704925,73.96214979226147,17.03002234852202,11.187473561331593,5,busy,0
18.58122556598055,73.86063003218649,route_10,18.439797083860952,73.76732376630396,18.665889926544153,73.70933023255468,18.55008752517977,18.514907793959132,7,offline,0
18.58122556598055,73.86063003218649,route_11,18.497604458866828,73.7819760813979,18.461176023724313,73.76985624446678,12.458548493666509,16.425385416131775,6,busy,0
18.58122556598055,73.86063003218649,route_12,18.452053246881384,73.73083884114426,18.49490139783674,73.95247713709313,19.8389382670468,13.634434484703918,3,available,0
18.58122556598055,73.86063003218649,route_13,18.61434052948725,73.95910897281446,18.595381819679304,73.79004004237743,11.012392149393802,7.604481652536636,7,busy,0
18.58122556598055,73.86063003218649,route_14,18.498697930986943,73.95439593981811,18.410949644255314,73.80825612427586,13.488067102661551,19.722874552127127,2,busy,0
18.560298575919557,73.71277673567248,route_0,18.614850109927637,73.86302144126736,18.619617102629167,73.82669921131617,16.957056454324675,13.699124825450959,9,offline,0
18.560298575919557,73.71277673567248,route_1,18.490846892322832,73.97446070300018,18.433331378744178,73.95982508422698,28.65056354440345,29.63102383417479,8,offline,0
18.560298575919557,73.71277673567248,route_2,18.45104358908976,73.76409496144304,18.416815889015137,73.86571283980354,13.29925806207606,22.68611564333934,9,available,0
18.560298575919557,73.71277673567248,route_3,18.4684825752409,73.901965564234,18.530653191461774,73.70973295381015,22.408883303629164,3.311996871385769,5,busy,0
18.560298575919557,73.71277673567248,route_4,18.408602136415862,73.87587082059603,18.520230326309324,73.82979563386353,24.09050271917992,13.116479671907177,6,busy,0
18.560298575919557,73.71277673567248,route_5,18.431769736584847,73.96139224313882,18.616715114950075,73.86330375403355,29.859250337437135,17.05992609411567,1,available,0
18.560298575919557,73.71277673567248,route_6,18.67826540463728,73.72096512473394,18.635913870368796,73.72321747318321,13.145661282122528,8.479729683322699,7,available,0
18.560298575919557,73.71277673567248,route_7,18.48171712665482,73.76327581278754,18.582646840333684,73.98496711376072,10.232278931075372,28.797557312302143,3,offline,0
18.560298575919557,73.71277673567248,route_8,18.462018133622998,73.99743939448328,18.407198691898518,73.95179965975407,31.942911577526143,30.41726177520565,4,available,0
18.560298575919557,73.71277673567248,route_9,18.549459685890337,73.70258117726151,18.610627112704925,73.96214979226147,1.6148363074071423,26.872116173088443,7,busy,1
18.560298575919557,73.71277673567248,route_10,18.439797083860952,73.76732376630396,18.665889926544153,73.70933023255468,14.581559123305505,11.746838364131479,2,offline,0
18.560298575919557,73.71277673567248,route_11,18.497604458866828,73.7819760813979,18.461176023724313,73.76985624446678,10.09091482234272,12.558113160063739,6,busy,0
18.560298575919557,73.71277673567248,route_12,18.452053246881384,73.73083884114426,18.49490139783674,73.95247713709313,12.186082834897322,26.297438758852316,6,available,0
18.560298575919557,73.71277673567248,route_13,18.61434052948725,73.95910897281446,18.595381819679304,73.79004004237743,26.648524349475558,9.02977300371379,8,busy,0
18.560298575919557,73.71277673567248,route_14,18.498697930986943,73.95439593981811,18.410949644255314,73.80825612427586,26.378884399133877,19.420930339311024,5,busy,0
18.51009650351785,73.75695551064531,route_0,18.614850109927637,73.86302144126736,18.619617102629167,73.82669921131617,16.14557584536945,14.225081400308138,5,offline,0
18.51009650351785,73.75695551064531,route_1,18.490846892322832,73.97446070300018,18.433331378744178,73.95982508422698,23.035254714631748,23.035733101314094,5,offline,0
18.51009650351785,73.75695551064531,route_2,18.45104358908976,73.76409496144304,18.416815889015137,73.86571283980354,6.609410820849265,15.4649227523818,2,available,0
18.51009650351785,73.75695551064531,route_3,18.4684825752409,73.901965564234,18.530653191461774,73.70973295381015,15.976842055421425,5.478594932057649,1,busy,0
18.51009650351785,73.75695551064531,route_4,18.408602136415862,73.87587082059603,18.520230326309324,73.82979563386353,16.872434046394076,7.76244476815601,9,busy,0
18.51009650351785,73.75695551064531,route_5,18.431769736584847,73.96139224313882,18.616715114950075,73.86330375403355,23.25390020786143,16.316209646385847,3,available,0
18.51009650351785,73.75695551064531,route_6,18.67826540463728,73.72096512473394,18.635913870368796,73.72321747318321,19.080345483903834,14.435135063303514,3,available,0
18.51009650351785,73.75695551064531,route_7,18.48171712665482,73.76327581278754,18.582646840333684,73.98496711376072,3.2252568951265452,25.35465724357105,9,offline,0
18.51009650351785,73.75695551064531,route_8,18.462018133622998,73.99743939448328,18.407198691898518,73.95179965975407,25.91814618566599,23.521429350790257,3,available,0
18.51009650351785,73.75695551064531,route_9,18.549459685890337,73.70258117726151,18.610627112704925,73.96214979226147,7.21262511699707,24.34766526760126,4,busy,0
18.51009650351785,73.75695551064531,route_10,18.439797083860952,73.76732376630396,18.665889926544153,73.70933023255468,7.893049484610996,18.03597179295294,9,offline,0
18.51009650351785,73.75695551064531,route_11,18.497604458866828,73.7819760813979,18.461176023724313,73.76985624446678,2.9816517111241776,5.607258095633762,4,busy,1
18.51009650351785,73.75695551064531,route_12,18.452053246881384,73.73083884114426,18.49490139783674,73.95247713709313,7.017238746901563,20.68633266603363,6,available,0
18.51009650351785,73.75695551064531,route_13,18.61434052948725,73.95910897281446,18.595381819679304,73.79004004237743,24.25772657405448,10.104284058772073,1,busy,0
18.51009650351785,73.75695551064531,route_14,18.498697930986943,73.95439593981811,18.410949644255314,73.80825612427586,20.857861863127134,12.280859892185944,1,busy,0
18.647146975482734,73.88048764250856,route_0,18.614850109927637,73.86302144126736,18.619617102629167,73.82669921131617,4.035349092484303,6.441373312548578,1,offline,1
18.647146975482734,73.88048764250856,route_1,18.490846892322832,73.97446070300018,18.433331378744178,73.95982508422698,20.004309315504063,25.20353391287689,1,offline,0
18.647146975482734,73.88048764250856,route_2,18.45104358908976,73.76409496144304,18.416815889015137,73.86571283980354,25.02078972304292,25.65897371379765,5,available,0
18.647146975482734,73.88048764250856,route_3,18.4684825752409,73.901965564234,18.530653191461774,73.70973295381015,19.995167817376057,22.173578919086243,3,busy,0
18.647146975482734,73.88048764250856,route_4,18.408602136415862,73.87587082059603,18.520230326309324,73.82979563386353,26.529441745169173,15.08998730994739,5,busy,0
18.647146975482734,73.88048764250856,route_5,18.431769736584847,73.96139224313882,18.616715114950075,73.86330375403355,25.422371263911348,3.8378259169384616,4,available,0
18.647146975482734,73.88048764250856,route_6,18.67826540463728,73.72096512473394,18.635913870368796,73.72321747318321,17.157931969470564,16.61720013503163,9,available,0
18.647146975482734,73.88048764250856,route_7,18.48171712665482,73.76327581278754,18.582646840333684,73.98496711376072,22.159084401535793,13.13982196853716,1,offline,0
18.647146975482734,73.88048764250856,route_8,18.462018133622998,73.99743939448328,18.407198691898518,73.95179965975407,23.994780838661697,27.720141720633222,5,available,0
18.647146975482734,73.88048764250856,route_9,18.549459685890337,73.70258117726151,18.610627112704925,73.96214979226147,21.668489392088894,9.514759193522005,3,busy,0
18.647146975482734,73.88048764250856,route_10,18.439797083860952,73.76732376630396,18.665889926544153,73.70933023255468,25.959866484395423,18.151817286811788,5,offline,0
18.647146975482734,73.88048764250856,route_11,18.497604458866828,73.7819760813979,18.461176023724313,73.76985624446678,19.604085504538887,23.74089426356778,5,busy,0
18.647146975482734,73.88048764250856,route_12,18.452053246881384,73.73083884114426,18.49490139783674,73.95247713709313,26.823079872433805,18.551747196472025,6,available,0
18.647146975482734,73.88048764250856,route_13,18.61434052948725,73.95910897281446,18.595381819679304,73.79004004237743,9.051781504914294,11.134100497048678,7,busy,0
18.647146975482734,73.88048764250856,route_14,18.498697930986943,73.95439593981811,18.410949644255314,73.80825612427586,18.25270397119244,27.345740113862586,8,busy,0
18.506073490324308,73.9195961201604,route_0,18.614850109927637,73.86302144126736,18.619617102629167,73.82669921131617,13.485683611646555,15.977827984406593,2,offline,0
18.506073490324308,73.9195961201604,route_1,18.490846892322832,73.97446070300018,18.433331378744178,73.95982508422698,6.028113257137582,9.133807166244898,7,offline,0
18.506073490324308,73.9195961201604,route_2,18.45104358908976,73.76409496144304,18.416815889015137,73.86571283980354,17.50385517797653,11.436969675231454,1,available,0
18.506073490324308,73.9195961201604,route_3,18.4684825752409,73.901965564234,18.530653191461774,73.70973295381015,4.574774953810113,22.295595923934428,9,busy,0
18.506073490324308,73.9195961201604,route_4,18.408602136415862,73.87587082059603,18.520230326309324,73.82979563386353,11.778753936373873,9.598585637903415,8,busy,0
18.506073490324308,73.9195961201604,route_5,18.431769736584847,73.96139224313882,18.616715114950075,73.86330375403355,9.364600022052398,13.659022503099104,8,available,0
18.506073490324308,73.9195961201604,route_6,18.67826540463728,73.72096512473394,18.635913870368796,73.72321747318321,28.369673511127775,25.236962231052395,3,available,0
18.506073490324308,73.9195961201604,route_7,18.48171712665482,73.76327581278754,18.582646840333684,73.98496711376072,16.705371784644345,10.954025825082976,9,offline,0
18.506073490324308,73.9195961201604,route_8,18.462018133622998,73.99743939448328,18.407198691898518,73.95179965975407,9.559771814662529,11.507117521477332,3,available,0
18.506073490324308,73.9195961201604,route_9,18.549459685890337,73.70258117726151,18.610627112704925,73.96214979226147,23.383321784183593,12.461199295881631,6,busy,0
18.506073490324308,73.9195961201604,route_10,18.439797083860952,73.76732376630396,18.665889926544153,73.70933023255468,17.66967813704771,28.406256520738577,5,offline,0
18.506073490324308,73.9195961201604,route_11,18.497604458866828,73.7819760813979,18.461176023724313,73.76985624446678,14.542232232096973,16.56176115525796,9,busy,0
18.506073490324308,73.9195961201604,route_12,18.452053246881384,73.73083884114426,18.49490139783674,73.95247713709313,20.79317880168033,3.68308355399736,6,available,0
18.506073490324308,73.9195961201604,route_13,18.61434052948725,73.95910897281446,18.595381819679304,73.79004004237743,12.738899763736754,16.886210830927222,6,busy,0
18.506073490324308,73.9195961201604,route_14,18.498697930986943,73.95439593981811,18.410949644255314,73.80825612427586,3.760077461352555,15.80471389610723,3,busy,1
18.622389452304017,73.99927004175625,route_0,18.614850109927637,73.86302144126736,18.619617102629167,73.82669921131617,14.381719930061681,18.187096034326217,6,offline,0
18.622389452304017,73.99927004175625,route_1,18.490846892322832,73.97446070300018,18.433331378744178,73.95982508422698,14.858825928115209,21.429703253201176,8,offline,0
18.622389452304017,73.99927004175625,route_2,18.45104358908976,73.76409496144304,18.416815889015137,73.86571283980354,31.268688331208384,26.84808257436281,5,available,0
18.622389452304017,73.99927004175625,route_3,18.4684825752409,73.901965564234,18.530653191461774,73.70973295381015,19.952497999693858,32.17731485154058,9,busy,0
18.622389452304017,73.99927004175625,route_4,18.408602136415862,73.87587082059603,18.520230326309324,73.82979563386353,27.099815958096073,21.169350138256604,1,busy,0
18.622389452304017,73.99927004175625,route_5,18.431769736584847,73.96139224313882,18.616715114950075,73.86330375403355,21.568875813544494,14.34132410322803,5,available,0
18.622389452304017,73.99927004175625,route_6,18.67826540463728,73.72096512473394,18.635913870368796,73.72321747318321,29.97209671376744,29.126223873804218,8,available,0
18.622389452304017,73.99927004175625,route_7,18.48171712665482,73.76327581278754,18.582646840333684,73.98496711376072,29.386639194068998,4.669169097212533,2,offline,0
18.622389452304017,73.99927004175625,route_8,18.462018133622998,73.99743939448328,18.407198691898518,73.95179965975407,17.83352131201306,24.44601329646517,8,available,0
18.622389452304017,73.99927004175625,route_9,18.549459685890337,73.70258117726151,18.610627112704925,73.96214979226147,32.30416757854234,4.124482585583455,4,busy,0
18.622389452304017,73.99927004175625,route_10,18.439797083860952,73.76732376630396,18.665889926544153,73.70933023255468,31.7840134690241,30.928544985291378,1,offline,0
18.622389452304017,73.99927004175625,route_11,18.497604458866828,73.7819760813979,18.461176023724313,73.76985624446678,26.78026694766728,30.10453816608053,9,busy,0
18.622389452304017,73.99927004175625,route_12,18.452053246881384,73.73083884114426,18.49490139783674,73.95247713709313,34.05303031596799,15.009658139657443,4,available,0
18.622389452304017,73.99927004175625,route_13,18.61434052948725,73.95910897281446,18.595381819679304,73.79004004237743,4.32560312027762,22.25255236736615,3,busy,1
18.622389452304017,73.99927004175625,route_14,18.498697930986943,73.95439593981811,18.410949644255314,73.80825612427586,14.544556467231757,30.95798181954282,2,busy,0
18.48470815810022,73.91542143841689,route_0,18.614850109927637,73.86302144126736,18.619617102629167,73.82669921131617,15.489576740545404,17.677965338247425,2,offline,0
18.48470815810022,73.91542143841689,route_1,18.490846892322832,73.97446070300018,18.433331378744178,73.95982508422698,6.263369106768391,7.387220028750706,2,offline,0
18.48470815810022,73.91542143841689,route_2,18.45104358908976,73.76409496144304,18.416815889015137,73.86571283980354,16.393289494762456,9.191456853660759,1,available,0
18.48470815810022,73.91542143841689,route_3,18.4684825752409,73.901965564234,18.530653191461774,73.70973295381015,2.29542795829364,22.28220889124376,9,busy,1
18.48470815810022,73.91542143841689,route_4,18.408602136415862,73.87587082059603,18.520230326309324,73.82979563386353,9.435045588426108,9.855178406132302,9,busy,0
18.48470815810022,73.91542143841689,route_5,18.431769736584847,73.96139224313882,18.616715114950075,73.86330375403355,7.626337889216527,15.673026968478457,7,available,0
18.48470815810022,73.91542143841689,route_6,18.67826540463728,73.72096512473394,18.635913870368796,73.72321747318321,29.72006999647066,26.328232011034324,4,available,0
18.48470815810022,73.91542143841689,route_7,18.48171712665482,73.76327581278754,18.582646840333684,73.98496711376072,16.048588762046883,13.128496806909528,6,offline,0
18.48470815810022,73.91542143841689,route_8,18.462018133622998,73.99743939448328,18.407198691898518,73.95179965975407,9.010480463856984,9.434286386307782,7,available,0
18.48470815810022,73.91542143841689,route_9,18.549459685890337,73.70258117726151,18.610627112704925,73.96214979226147,23.56823368220908,14.842828878420553,7,busy,0
18.48470815810022,73.91542143841689,route_10,18.439797083860952,73.76732376630396,18.665889926544153,73.70933023255468,16.399029677207878,29.62679932309112,3,offline,0
18.48470815810022,73.91542143841689,route_11,18.497604458866828,73.7819760813979,18.461176023724313,73.76985624446678,14.145251404096499,15.57349364293974,8,busy,0
18.48470815810022,73.91542143841689,route_12,18.452053246881384,73.73083884114426,18.49490139783674,73.95247713709313,19.803333747953484,4.068769073262024,6,available,0
18.48470815810022,73.91542143841689,route_13,18.61434052948725,73.95910897281446,18.595381819679304,73.79004004237743,15.132316207089113,18.06010809661377,3,busy,0
18.48470815810022,73.91542143841689,route_14,18.498697930986943,73.95439593981811,18.410949644255314,73.80825612427586,4.394550014863766,13.965804256232234,3,busy,0
18.477035655448077,73.94047309558404,route_0,18.614850109927637,73.86302144126736,18.619617102629167,73.82669921131617,17.36376078131281,19.87999185189148,7,offline,0
18.477035655448077,73.94047309558404,route_1,18.490846892322832,73.97446070300018,18.433331378744178,73.95982508422698,3.8994376167846267,5.270960788297062,8,offline,0
18.477035655448077,73.94047309558404,route_2,18.45104358908976,73.76409496144304,18.416815889015137,73.86571283980354,18.825935781711202,10.345255105896161,9,available,0
18.477035655448077,73.94047309558404,route_3,18.4684825752409,73.901965564234,18.530653191461774,73.70973295381015,4.1710912674317555,25.05053324914005,7,busy,0
18.477035655448077,73.94047309558404,route_4,18.408602136415862,73.87587082059603,18.520230326309324,73.82979563386353,10.214759852887767,12.620574086568872,5,busy,0
18.477035655448077,73.94047309558404,route_5,18.431769736584847,73.96139224313882,18.616715114950075,73.86330375403355,5.495734138182952,17.533203279577776,4,available,0
18.477035655448077,73.94047309558404,route_6,18.67826540463728,73.72096512473394,18.635913870368796,73.72321747318321,32.18636565546357,28.9239386034909,6,available,0
18.477035655448077,73.94047309558404,route_7,18.48171712665482,73.76327581278754,18.582646840333684,73.98496711376072,18.694734457936804,12.645701866436525,3,offline,0
18.477035655448077,73.94047309558404,route_8,18.462018133622998,73.99743939448328,18.407198691898518,73.95179965975407,6.235838040530289,7.85689045148843,5,available,0
18.477035655448077,73.94047309558404,route_9,18.549459685890337,73.70258117726151,18.610627112704925,73.96214979226147,26.344526943604954,15.029437717849483,9,busy,0
18.477035655448077,73.94047309558404,route_10,18.439797083860952,73.76732376630396,18.665889926544153,73.70933023255468,18.726347226589542,32.16467195775884,4,offline,0
18.477035655448077,73.94047309558404,route_11,18.497604458866828,73.7819760813979,18.461176023724313,73.76985624446678,16.870309063029083,18.08078878840396,5,busy,0
18.477035655448077,73.94047309558404,route_12,18.452053246881384,73.73083884114426,18.49490139783674,73.95247713709313,22.284072132985063,2.3556402633058915,2,available,0
18.477035655448077,73.94047309558404,route_13,18.61434052948725,73.95910897281446,18.595381819679304,73.79004004237743,15.393487165187508,20.608246151656214,6,busy,0
18.477035655448077,73.94047309558404,route_14,18.498697930986943,73.95439593981811,18.410949644255314,73.80825612427586,2.820951205892499,15.764168969295618,8,busy,1
18.560650430243143,73.85041121135642,route_0,18.614850109927637,73.86302144126736,18.619617102629167,73.82669921131617,6.1715348231044675,7.0169059792359025,6,offline,1
18.560650430243143,73.85041121135642,route_1,18.490846892322832,73.97446070300018,18.433331378744178,73.95982508422698,15.208652066672695,18.26327218000648,9,offline,0
18.560650430243143,73.85041121135642,route_2,18.45104358908976,73.76409496144304,18.416815889015137,73.86571283980354,15.211190239939924,16.074867529487165,2,available,0
18.560650430243143,73.85041121135642,route_3,18.4684825752409,73.901965564234,18.530653191461774,73.70973295381015,11.60097200620464,15.20086551245498,9,busy,0
18.560650430243143,73.85041121135642,route_4,18.408602136415862,73.87587082059603,18.520230326309324,73.82979563386353,17.118861853275508,4.992411928949134,5,busy,0
18.560650430243143,73.85041121135642,route_5,18.431769736584847,73.96139224313882,18.616715114950075,73.86330375403355,18.502322672802343,6.380473213664161,9,available,0
18.560650430243143,73.85041121135642,route_6,18.67826540463728,73.72096512473394,18.635913870368796,73.72321747318321,18.897060078548463,15.802683906702843,9,available,0
18.560650430243143,73.85041121135642,route_7,18.48171712665482,73.76327581278754,18.582646840333684,73.98496711376072,12.705894741733497,14.392164480868136,9,offline,0
18.560650430243143,73.85041121135642,route_8,18.462018133622998,73.99743939448328,18.407198691898518,73.95179965975407,18.990113566933633,20.136356151954313,3,available,0
18.560650430243143,73.85041121135642,route_9,18.549459685890337,73.70258117726151,18.610627112704925,73.96214979226147,15.63307953558349,13.022086943049285,8,busy,0
18.560650430243143,73.85041121135642,route_10,18.439797083860952,73.76732376630396,18.665889926544153,73.70933023255468,16.04214613470686,18.919966348709085,4,offline,0
18.560650430243143,73.85041121135642,route_11,18.497604458866828,73.7819760813979,18.461176023724313,73.76985624446678,10.060035020212473,13.946067848206832,1,busy,0
18.560650430243143,73.85041121135642,route_12,18.452053246881384,73.73083884114426,18.49490139783674,73.95247713709313,17.458110120060038,13.009565506164503,6,available,0
18.560650430243143,73.85041121135642,route_13,18.61434052948725,73.95910897281446,18.595381819679304,73.79004004237743,12.918423059575494,7.443419355191865,2,busy,0
18.560650430243143,73.85041121135642,route_14,18.498697930986943,73.95439593981811,18.410949644255314,73.80825612427586,12.947837528987693,17.22937415818761,2,busy,0
18.631562690326447,73.82222688804086,route_0,18.614850109927637,73.86302144126736,18.619617102629167,73.82669921131617,4.68313000471109,1.4094081538319945,5,offline,1
18.631562690326447,73.82222688804086,route_1,18.490846892322832,73.97446070300018,18.433331378744178,73.95982508422698,22.41282924119677,26.387704551178125,5,offline,0
18.631562690326447,73.82222688804086,route_2,18.45104358908976,73.76409496144304,18.416815889015137,73.86571283980354,20.987510969517416,24.31493649398039,7,available,0
18.631562690326447,73.82222688804086,route_3,18.4684825752409,73.901965564234,18.530653191461774,73.70973295381015,19.987227595059775,16.324340943260232,1,busy,0
18.631562690326447,73.82222688804086,route_4,18.408602136415862,73.87587082059603,18.520230326309324,73.82979563386353,25.429075852102656,12.405271883296583,4,busy,0
18.631562690326447,73.82222688804086,route_5,18.431769736584847,73.96139224313882,18.616715114950075,73.86330375403355,26.623659507271352,4.632534548804507,5,available,0
18.631562690326447,73.82222688804086,route_6,18.67826540463728,73.72096512473394,18.635913870368796,73.72321747318321,11.865052290638147,10.443452908836855,8,available,0
18.631562690326447,73.82222688804086,route_7,18.48171712665482,73.76327581278754,18.582646840333684,73.98496711376072,17.783178936766213,17.99186224790049,6,offline,0
18.631562690326447,73.82222688804086,route_8,18.462018133622998,73.99743939448328,18.407198691898518,73.95179965975407,26.392991082464363,28.44384843023154,9,available,0
18.631562690326447,73.82222688804086,route_9,18.549459685890337,73.70258117726151,18.610627112704925,73.96214979226147,15.567719479460946,14.926876229420083,4,busy,0
18.631562690326447,73.82222688804086,route_10,18.439797083860952,73.76732376630396,18.665889926544153,73.70933023255468,22.09501524826035,12.491884031505377,7,offline,0
18.631562690326447,73.82222688804086,route_11,18.497604458866828,73.7819760813979,18.461176023724313,73.76985624446678,15.48794675725809,19.734145905841164,1,busy,0
18.631562690326447,73.82222688804086,route_12,18.452053246881384,73.73083884114426,18.49490139783674,73.95247713709313,22.16404166775486,20.479815847588483,8,available,0
18.631562690326447,73.82222688804086,route_13,18.61434052948725,73.95910897281446,18.595381819679304,73.79004004237743,14.550223574184574,5.262122090589921,4,busy,0
18.631562690326447,73.82222688804086,route_14,18.498697930986943,73.95439593981811,18.410949644255314,73.80825612427586,20.306684145066185,24.575236763660886,4,busy,0
18.589987012175595,73.70709742284903,route_0,18.614850109927637,73.86302144126736,18.619617102629167,73.82669921131617,16.663084935245422,13.027626481852163,9,offline,0
18.589987012175595,73.70709742284903,route_1,18.490846892322832,73.97446070300018,18.433331378744178,73.95982508422698,30.265534589920627,31.836269552187947,2,offline,0
18.589987012175595,73.70709742284903,route_2,18.45104358908976,73.76409496144304,18.416815889015137,73.86571283980354,16.577445783930894,25.505390791324793,3,available,0
18.589987012175595,73.70709742284903,route_3,18.4684825752409,73.901965564234,18.530653191461774,73.70973295381015,24.589411162099225,6.603466438484116,4,busy,0
18.589987012175595,73.70709742284903,route_4,18.408602136415862,73.87587082059603,18.520230326309324,73.82979563386353,26.89842605153043,15.081722416462148,9,busy,0
18.589987012175595,73.70709742284903,route_5,18.431769736584847,73.96139224313882,18.616715114950075,73.86330375403355,32.06974432166894,16.727933213224826,4,available,0
18.589987012175595,73.70709742284903,route_6,18.67826540463728,73.72096512473394,18.635913870368796,73.72321747318321,9.924266115894559,5.381949692167056,7,available,0
18.589987012175595,73.70709742284903,route_7,18.48171712665482,73.76327581278754,18.582646840333684,73.98496711376072,13.417055880656944,29.297584834821805,9,offline,0
18.589987012175595,73.70709742284903,route_8,18.462018133622998,73.99743939448328,18.407198691898518,73.95179965975407,33.75714619376245,32.847289952507765,4,available,0
18.589987012175595,73.70709742284903,route_9,18.549459685890337,73.70258117726151,18.610627112704925,73.96214979226147,4.531506539579648,26.976967431224423,2,busy,1
18.589987012175595,73.70709742284903,route_10,18.439797083860952,73.76732376630396,18.665889926544153,73.70933023255468,17.86693874319988,8.443297511468089,7,offline,0
18.589987012175595,73.70709742284903,route_11,18.497604458866828,73.7819760813979,18.461176023724313,73.76985624446678,12.955168021643026,15.777664924846704,6,busy,0
18.589987012175595,73.70709742284903,route_12,18.452053246881384,73.73083884114426,18.49490139783674,73.95247713709313,15.540462151116476,27.94587219436049,7,available,0
18.589987012175595,73.70709742284903,route_13,18.61434052948725,73.95910897281446,18.595381819679304,73.79004004237743,26.696111910472002,8.76201131461365,3,busy,0
18.589987012175595,73.70709742284903,route_14,18.498697930986943,73.95439593981811,18.410949644255314,73.80825612427586,27.977035961388115,22.585743041008083,5,busy,0
18.675082818566707,73.96797544231225,route_0,18.614850109927637,73.86302144126736,18.619617102629167,73.82669921131617,12.928026186008326,16.111721257765208,5,offline,0
18.675082818566707,73.96797544231225,route_1,18.490846892322832,73.97446070300018,18.433331378744178,73.95982508422698,20.497500321935547,26.895260291697348,3,offline,0
18.675082818566707,73.96797544231225,route_2,18.45104358908976,73.76409496144304,18.416815889015137,73.86571283980354,32.90094238453793,30.674783549766033,6,available,0
18.675082818566707,73.96797544231225,route_3,18.4684825752409,73.901965564234,18.530653191461774,73.70973295381015,24.00341907660368,31.60018217979122,2,busy,0
18.675082818566707,73.96797544231225,route_4,18.408602136415862,73.87587082059603,18.520230326309324,73.82979563386353,31.181672812825674,22.55117463517614,6,busy,0
18.675082818566707,73.96797544231225,route_5,18.431769736584847,73.96139224313882,18.616715114950075,73.86330375403355,27.064079133776726,12.79612163055348,8,available,0
18.675082818566707,73.96797544231225,route_6,18.67826540463728,73.72096512473394,18.635913870368796,73.72321747318321,26.022343374009054,26.15113299963705,1,available,0
18.675082818566707,73.96797544231225,route_7,18.48171712665482,73.76327581278754,18.582646840333684,73.98496711376072,30.459866323955648,10.433181393041362,2,offline,0
18.675082818566707,73.96797544231225,route_8,18.462018133622998,73.99743939448328,18.407198691898518,73.95179965975407,23.894403627778956,29.836129588478016,1,available,0
18.675082818566707,73.96797544231225,route_9,18.549459685890337,73.70258117726151,18.610627112704925,73.96214979226147,31.26150019748854,7.193382043926099,3,busy,0
18.675082818566707,73.96797544231225,route_10,18.439797083860952,73.76732376630396,18.665889926544153,73.70933023255468,33.643127122637125,27.26571272779268,1,offline,0
18.675082818566707,73.96797544231225,route_11,18.497604458866828,73.7819760813979,18.461176023724313,73.76985624446678,27.81644536068578,31.651952119877134,8,busy,0
18.675082818566707,73.96797544231225,route_12,18.452053246881384,73.73083884114426,18.49490139783674,73.95247713709313,35.21150601752682,20.101737256920877,8,available,0
18.675082818566707,73.96797544231225,route_13,18.61434052948725,73.95910897281446,18.595381819679304,73.79004004237743,6.818529658658836,20.7373121555409,6,busy,1
18.675082818566707,73.96797544231225,route_14,18.498697930986943,73.95439593981811,18.410949644255314,73.80825612427586,19.66525473986487,33.85453133729004,6,busy,0
18.535798486145005,73.71356556260655,route_0,18.614850109927637,73.86302144126736,18.619617102629167,73.82669921131617,18.039492845289242,15.134630174415477,3,offline,0
18.535798486145005,73.71356556260655,route_1,18.490846892322832,73.97446070300018,18.433331378744178,73.95982508422698,27.95934729455386,28.359570430418476,2,offline,0
18.535798486145005,73.71356556260655,route_2,18.45104358908976,73.76409496144304,18.416815889015137,73.86571283980354,10.826369203823743,20.79693736372802,1,available,0
18.535798486145005,73.71356556260655,route_3,18.4684825752409,73.901965564234,18.530653191461774,73.70973295381015,21.229646446054677,0.7004301340499828,2,busy,0
18.535798486145005,73.71356556260655,route_4,18.408602136415862,73.87587082059603,18.520230326309324,73.82979563386353,22.204852502917838,12.375979890411825,3,busy,0
18.535798486145005,73.71356556260655,route_5,18.431769736584847,73.96139224313882,18.616715114950075,73.86330375403355,28.580938829642225,18.16721645158466,8,available,0
18.535798486145005,73.71356556260655,route_6,18.67826540463728,73.72096512473394,18.635913870368796,73.72321747318321,15.860778984990636,11.17870522246368,9,available,0
18.535798486145005,73.71356556260655,route_7,18.48171712665482,73.76327581278754,18.582646840333684,73.98496711376072,7.977318109342035,29.07944768236792,9,offline,0
18.535798486145005,73.71356556260655,route_8,18.462018133622998,73.99743939448328,18.407198691898518,73.95179965975407,31.03820201253994,28.90983970253177,5,available,0
18.535798486145005,73.71356556260655,route_9,18.549459685890337,73.70258117726151,18.610627112704925,73.96214979226147,1.9101043360165764,27.491076870026816,7,busy,1
18.535798486145005,73.71356556260655,route_10,18.439797083860952,73.76732376630396,18.665889926544153,73.70933023255468,12.086851224602423,14.472392750523506,9,offline,0
18.535798486145005,73.71356556260655,route_11,18.497604458866828,73.7819760813979,18.461176023724313,73.76985624446678,8.370525137669839,10.202203703251294,3,busy,0
18.535798486145005,73.71356556260655,route_12,18.452053246881384,73.73083884114426,18.49490139783674,73.95247713709313,9.488524456993693,25.59785462370062,8,available,0
18.535798486145005,73.71356556260655,route_13,18.61434052948725,73.95910897281446,18.595381819679304,73.79004004237743,27.314708630500313,10.434362179748913,5,busy,0
18.535798486145005,73.71356556260655,route_14,18.498697930986943,73.95439593981811,18.410949644255314,73.80825612427586,25.725638493164947,17.10136397529675,4,busy,0
18.600900399261576,73.713450410891,route_0,18.614850109927637,73.86302144126736,18.619617102629167,73.82669921131617,15.838257354469162,12.114346665300493,6,offline,0
18.600900399261576,73.713450410891,route_1,18.490846892322832,73.97446070300018,18.433331378744178,73.95982508422698,30.11435643900854,31.968767326436126,9,offline,0
18.600900399261576,73.713450410891,route_2,18.45104358908976,73.76409496144304,18.416815889015137,73.86571283980354,17.497925365538332,26.014520570754115,7,available,0
18.600900399261576,73.713450410891,route_3,18.4684825752409,73.901965564234,18.530653191461774,73.70973295381015,24.734665809201942,7.820955655262953,8,busy,0
18.600900399261576,73.713450410891,route_4,18.408602136415862,73.87587082059603,18.520230326309324,73.82979563386353,27.39587252944606,15.194447655666615,1,busy,0
18.600900399261576,73.713450410891,route_5,18.431769736584847,73.96139224313882,18.616715114950075,73.86330375403355,32.20437416913572,15.889391723895205,5,available,0
18.600900399261576,73.713450410891,route_6,18.67826540463728,73.72096512473394,18.635913870368796,73.72321747318321,8.63895583016841,4.027060643586781,9,available,0
18.600900399261576,73.713450410891,route_7,18.48171712665482,73.76327581278754,18.582646840333684,73.98496711376072,14.255602912350135,28.687613509213794,1,offline,0
18.600900399261576,73.713450410891,route_8,18.462018133622998,73.99743939448328,18.407198691898518,73.95179965975407,33.68881444001991,33.09958112213042,5,available,0
18.600900399261576,73.713450410891,route_9,18.549459685890337,73.70258117726151,18.610627112704925,73.96214979226147,5.833548194826465,26.231108729021358,5,busy,1
18.600900399261576,73.713450410891,route_10,18.439797083860952,73.76732376630396,18.665889926544153,73.70933023255468,18.79285706486811,7.239533971657328,9,offline,0
18.600900399261576,73.713450410891,route_11,18.497604458866828,73.7819760813979,18.461176023724313,73.76985624446678,13.568790631783521,16.63587101073509,3,busy,0
18.600900399261576,73.713450410891,route_12,18.452053246881384,73.73083884114426,18.49490139783674,73.95247713709313,16.65227314914571,27.81838449926711,1,available,0
18.600900399261576,73.713450410891,route_13,18.61434052948725,73.95910897281446,18.595381819679304,73.79004004237743,25.931168125836393,8.094934511482498,3,busy,0
18.600900399261576,73.713450410891,route_14,18.498697930986943,73.95439593981811,18.410949644255314,73.80825612427586,27.826423618063377,23.367845631626157,3,busy,0
18.492816441009982,73.91457659928159,route_0,18.614850109927637,73.86302144126736,18.619617102629167,73.82669921131617,14.617391653891808,16.870421992474835,7,offline,0
18.492816441009982,73.91457659928159,route_1,18.490846892322832,73.97446070300018,18.433331378744178,73.95982508422698,6.3188031361665,8.156397497213474,7,offline,0
18.492816441009982,73.91457659928159,route_2,18.45104358908976,73.76409496144304,18.416815889015137,73.86571283980354,16.53646248136039,9.898526388532362,1,available,0
18.492816441009982,73.91457659928159,route_3,18.4684825752409,73.901965564234,18.530653191461774,73.70973295381015,3.014992996585658,22.00497869400774,8,busy,1
18.492816441009982,73.91457659928159,route_4,18.408602136415862,73.87587082059603,18.520230326309324,73.82979563386353,10.2154949129938,9.445127260907105,8,busy,0
18.492816441009982,73.91457659928159,route_5,18.431769736584847,73.96139224313882,18.616715114950075,73.86330375403355,8.39400619688953,14.799199523332064,6,available,0
18.492816441009982,73.91457659928159,route_6,18.67826540463728,73.72096512473394,18.635913870368796,73.72321747318321,29.010757853265666,25.69145626238106,7,available,0
18.492816441009982,73.91457659928159,route_7,18.48171712665482,73.76327581278754,18.582646840333684,73.98496711376072,16.003330360878817,12.443649128420606,9,offline,0
18.492816441009982,73.91457659928159,route_8,18.462018133622998,73.99743939448328,18.407198691898518,73.95179965975407,9.385996193638574,10.298103495266497,2,available,0
18.492816441009982,73.91457659928159,route_9,18.549459685890337,73.70258117726151,18.610627112704925,73.96214979226147,23.22235070335066,14.027082944208912,8,busy,0
18.492816441009982,73.91457659928159,route_10,18.439797083860952,73.76732376630396,18.665889926544153,73.70933023255468,16.612008800529104,28.954257005334203,1,offline,0
18.492816441009982,73.91457659928159,route_11,18.497604458866828,73.7819760813979,18.461176023724313,73.76985624446678,13.993085467166596,15.662888430197308,7,busy,0
18.492816441009982,73.91457659928159,route_12,18.452053246881384,73.73083884114426,18.49490139783674,73.95247713709313,19.901089155192835,4.003427156108015,6,available,0
18.492816441009982,73.91457659928159,route_13,18.61434052948725,73.95910897281446,18.595381819679304,73.79004004237743,14.305067121639594,17.39065101656916,2,busy,0
18.492816441009982,73.91457659928159,route_14,18.498697930986943,73.95439593981811,18.410949644255314,73.80825612427586,4.24962906561406,14.444132582223808,7,busy,0
18.599230779477587,73.84686738344055,route_0,18.614850109927637,73.86302144126736,18.619617102629167,73.82669921131617,2.4319668935049354,3.107367285801805,2,offline,1
18.599230779477587,73.84686738344055,route_1,18.490846892322832,73.97446070300018,18.433331378744178,73.95982508422698,18.060292706556176,21.957890002834674,3,offline,0
18.599230779477587,73.84686738344055,route_2,18.45104358908976,73.76409496144304,18.416815889015137,73.86571283980354,18.646000336569557,20.3807153783881,1,available,0
18.599230779477587,73.84686738344055,route_3,18.4684825752409,73.901965564234,18.530653191461774,73.70973295381015,15.656059402050252,16.343184742142256,1,busy,0
18.599230779477587,73.84686738344055,route_4,18.408602136415862,73.87587082059603,18.520230326309324,73.82979563386353,21.41642851842706,8.96688310705733,8,busy,0
18.599230779477587,73.84686738344055,route_5,18.431769736584847,73.96139224313882,18.616715114950075,73.86330375403355,22.193475037415393,2.603836126672875,8,available,0
18.599230779477587,73.84686738344055,route_6,18.67826540463728,73.72096512473394,18.635913870368796,73.72321747318321,15.912425010860115,13.653294685403914,9,available,0
18.599230779477587,73.84686738344055,route_7,18.48171712665482,73.76327581278754,18.582646840333684,73.98496711376072,15.76087989899086,14.671049209246629,2,offline,0
18.599230779477587,73.84686738344055,route_8,18.462018133622998,73.99743939448328,18.407198691898518,73.95179965975407,22.018074542963795,24.049519464479676,7,available,0
18.599230779477587,73.84686738344055,route_9,18.549459685890337,73.70258117726151,18.610627112704925,73.96214979226147,16.18385876722789,12.214830404716004,7,busy,0
18.599230779477587,73.84686738344055,route_10,18.439797083860952,73.76732376630396,18.665889926544153,73.70933023255468,19.611945878570165,16.277408429264607,7,offline,0
18.599230779477587,73.84686738344055,route_11,18.497604458866828,73.7819760813979,18.461176023724313,73.76985624446678,13.209603431147883,17.365937582926403,5,busy,0
18.599230779477587,73.84686738344055,route_12,18.452053246881384,73.73083884114426,18.49490139783674,73.95247713709313,20.432280095623863,16.078941994745445,2,available,0
18.599230779477587,73.84686738344055,route_13,18.61434052948725,73.95910897281446,18.595381819679304,73.79004004237743,11.94706590547739,6.004232834554902,7,busy,0
18.599230779477587,73.84686738344055,route_14,18.498697930986943,73.95439593981811,18.410949644255314,73.80825612427586,15.920364223101014,21.328112714140772,3,busy,0
18.671695409044187,73.87839854238119,route_0,18.614850109927637,73.86302144126736,18.619617102629167,73.82669921131617,6.525237570163559,7.9500577868472995,7,offline,1
18.671695409044187,73.87839854238119,route_1,18.490846892322832,73.97446070300018,18.433331378744178,73.95982508422698,22.514469525485,27.860147455103483,6,offline,0
18.671695409044187,73.87839854238119,route_2,18.45104358908976,73.76409496144304,18.416815889015137,73.86571283980354,27.334200024429677,28.37284468822732,6,available,0
18.671695409044187,73.87839854238119,route_3,18.4684825752409,73.901965564234,18.530653191461774,73.70973295381015,22.73236911658732,23.704726711751025,5,busy,0
18.671695409044187,73.87839854238119,route_4,18.408602136415862,73.87587082059603,18.520230326309324,73.82979563386353,29.255850827321908,17.60384267826209,3,busy,0
18.671695409044187,73.87839854238119,route_5,18.431769736584847,73.96139224313882,18.616715114950075,73.86330375403355,28.0764500131283,6.317005569830456,5,available,0
18.671695409044187,73.87839854238119,route_6,18.67826540463728,73.72096512473394,18.635913870368796,73.72321747318321,16.60020289481476,16.826071632365572,9,available,0
18.671695409044187,73.87839854238119,route_7,18.48171712665482,73.76327581278754,18.582646840333684,73.98496711376072,24.36156559768653,14.9712545530073,3,offline,0
18.671695409044187,73.87839854238119,route_8,18.462018133622998,73.99743939448328,18.407198691898518,73.95179965975407,26.477134328939087,30.411668780745078,1,available,0
18.671695409044187,73.87839854238119,route_9,18.549459685890337,73.70258117726151,18.610627112704925,73.96214979226147,22.978652262242438,11.134472227759725,1,busy,0
18.671695409044187,73.87839854238119,route_10,18.439797083860952,73.76732376630396,18.665889926544153,73.70933023255468,28.319801689912122,17.822090530944756,4,offline,0
18.671695409044187,73.87839854238119,route_11,18.497604458866828,73.7819760813979,18.461176023724313,73.76985624446678,21.8634750067571,26.055088099533315,3,busy,0
18.671695409044187,73.87839854238119,route_12,18.452053246881384,73.73083884114426,18.49490139783674,73.95247713709313,28.955572836967104,21.152313968847555,6,available,0
18.671695409044187,73.87839854238119,route_13,18.61434052948725,73.95910897281446,18.595381819679304,73.79004004237743,10.629487871065184,12.596944106151527,2,busy,0
18.671695409044187,73.87839854238119,route_14,18.498697930986943,73.95439593981811,18.410949644255314,73.80825612427586,20.837421041470208,29.921728827787554,4,busy,0
18.488579250640925,73.89580555559381,route_0,18.614850109927637,73.86302144126736,18.619617102629167,73.82669921131617,14.459757614095972,16.29036375744702,5,offline,0
18.488579250640925,73.89580555559381,route_1,18.490846892322832,73.97446070300018,18.433331378744178,73.95982508422698,8.29841905251356,9.128731090842841,3,offline,0
18.488579250640925,73.89580555559381,route_2,18.45104358908976,73.76409496144304,18.416815889015137,73.86571283980354,14.504651952487832,8.587838328328287,9,available,0
18.488579250640925,73.89580555559381,route_3,18.4684825752409,73.901965564234,18.530653191461774,73.70973295381015,2.327164406281092,20.17009901707085,1,busy,1
18.488579250640925,73.89580555559381,route_4,18.408602136415862,73.87587082059603,18.520230326309324,73.82979563386353,9.138258739388766,7.799668109010335,8,busy,0
18.488579250640925,73.89580555559381,route_5,18.431769736584847,73.96139224313882,18.616715114950075,73.86330375403355,9.367890885583941,14.654219036661384,9,available,0
18.488579250640925,73.89580555559381,route_6,18.67826540463728,73.72096512473394,18.635913870368796,73.72321747318321,28.008182542330864,24.4819880562528,6,available,0
18.488579250640925,73.89580555559381,route_7,18.48171712665482,73.76327581278754,18.582646840333684,73.98496711376072,13.99712419902548,14.063021709433588,7,offline,0
18.488579250640925,73.89580555559381,route_8,18.462018133622998,73.99743939448328,18.407198691898518,73.95179965975407,11.118167826109685,10.80605056342286,3,available,0
18.488579250640925,73.89580555559381,route_9,18.549459685890337,73.70258117726151,18.610627112704925,73.96214979226147,21.46827644774268,15.267262534493875,1,busy,0
18.488579250640925,73.89580555559381,route_10,18.439797083860952,73.76732376630396,18.665889926544153,73.70933023255468,14.596405667089325,27.839354280436424,5,offline,0
18.488579250640925,73.89580555559381,route_11,18.497604458866828,73.7819760813979,18.461176023724313,73.76985624446678,12.045540815808513,13.628163287384126,8,busy,0
18.488579250640925,73.89580555559381,route_12,18.452053246881384,73.73083884114426,18.49490139783674,73.95247713709313,17.866320357665607,6.01744194350107,2,available,0
18.488579250640925,73.89580555559381,route_13,18.61434052948725,73.95910897281446,18.595381819679304,73.79004004237743,15.494678909841175,16.289933318733095,6,busy,0
18.488579250640925,73.89580555559381,route_14,18.498697930986943,73.95439593981811,18.410949644255314,73.80825612427586,6.280126416368437,12.640851939289542,9,busy,0
18.67665591089699,73.72844880318331,route_0,18.614850109927637,73.86302144126736,18.619617102629167,73.82669921131617,15.756205671785258,12.139917430714886,4,offline,0
18.67665591089699,73.72844880318331,route_1,18.490846892322832,73.97446070300018,18.433331378744178,73.95982508422698,33.15398526118008,36.42728192285493,3,offline,0
18.67665591089699,73.72844880318331,route_2,18.45104358908976,73.76409496144304,18.416815889015137,73.86571283980354,25.36677293186749,32.313934009476284,8,available,0
18.67665591089699,73.72844880318331,route_3,18.4684825752409,73.901965564234,18.530653191461774,73.70973295381015,29.501216118971854,16.354134338668214,5,busy,0
18.67665591089699,73.72844880318331,route_4,18.408602136415862,73.87587082059603,18.520230326309324,73.82979563386353,33.614749570111286,20.41127144798085,2,busy,0
18.67665591089699,73.72844880318331,route_5,18.431769736584847,73.96139224313882,18.616715114950075,73.86330375403355,36.6669474257133,15.693715850702853,6,available,0
18.67665591089699,73.72844880318331,route_6,18.67826540463728,73.72096512473394,18.635913870368796,73.72321747318321,0.8083828168303484,4.563708881448768,7,available,1
18.67665591089699,73.72844880318331,route_7,18.48171712665482,73.76327581278754,18.582646840333684,73.98496711376072,21.98481980267963,28.979963367002792,1,offline,0
18.67665591089699,73.72844880318331,route_8,18.462018133622998,73.99743939448328,18.407198691898518,73.95179965975407,37.06103061683219,38.107281138995475,6,available,0
18.67665591089699,73.72844880318331,route_9,18.549459685890337,73.70258117726151,18.610627112704925,73.96214979226147,14.403862542043344,25.694062419797923,1,busy,0
18.67665591089699,73.72844880318331,route_10,18.439797083860952,73.76732376630396,18.665889926544153,73.70933023255468,26.65439604538957,2.3429291934034584,3,offline,0
18.67665591089699,73.72844880318331,route_11,18.497604458866828,73.7819760813979,18.461176023724313,73.76985624446678,20.693459503063107,24.354553696947544,5,busy,0
18.67665591089699,73.72844880318331,route_12,18.452053246881384,73.73083884114426,18.49490139783674,73.95247713709313,24.975947393730454,31.07991118039106,6,available,0
18.67665591089699,73.72844880318331,route_13,18.61434052948725,73.95910897281446,18.595381819679304,73.79004004237743,25.27062554522469,11.125931716508417,1,busy,0
18.67665591089699,73.72844880318331,route_14,18.498697930986943,73.95439593981811,18.410949644255314,73.80825612427586,30.96213580210397,30.719762479748365,6,busy,0
18.532174406060975,73.73903909373279,route_0,18.614850109927637,73.86302144126736,18.619617102629167,73.82669921131617,15.977806338892032,13.4130355629635,3,offline,0
18.532174406060975,73.73903909373279,route_1,18.490846892322832,73.97446070300018,18.433331378744178,73.95982508422698,25.245029467131708,25.74764148308852,4,offline,0
18.532174406060975,73.73903909373279,route_2,18.45104358908976,73.76409496144304,18.416815889015137,73.86571283980354,9.40031492759829,18.520730323131538,8,available,0
18.532174406060975,73.73903909373279,route_3,18.4684825752409,73.901965564234,18.530653191461774,73.70973295381015,18.58285605736717,3.0943560409549185,9,busy,0
18.532174406060975,73.73903909373279,route_4,18.408602136415862,73.87587082059603,18.520230326309324,73.82979563386353,19.92648188422791,9.660431748614577,8,busy,0
18.532174406060975,73.73903909373279,route_5,18.431769736584847,73.96139224313882,18.616715114950075,73.86330375403355,25.971463399609874,16.12212645691363,8,available,0
18.532174406060975,73.73903909373279,route_6,18.67826540463728,73.72096512473394,18.635913870368796,73.72321747318321,16.355861444499183,11.655209859921763,1,available,0
18.532174406060975,73.73903909373279,route_7,18.48171712665482,73.76327581278754,18.582646840333684,73.98496711376072,6.165224811619017,26.524640962639097,7,offline,0
18.532174406060975,73.73903909373279,route_8,18.462018133622998,73.99743939448328,18.407198691898518,73.95179965975407,28.34315025265021,26.39393180457875,8,available,0
18.532174406060975,73.73903909373279,route_9,18.549459685890337,73.70258117726151,18.610627112704925,73.96214979226147,4.297314017216901,25.082776327669766,3,busy,1
18.532174406060975,73.73903909373279,route_10,18.439797083860952,73.76732376630396,18.665889926544153,73.70933023255468,10.69621319604422,15.194562894819674,9,offline,0
18.532174406060975,73.73903909373279,route_11,18.497604458866828,73.7819760813979,18.461176023724313,73.76985624446678,5.939059781792865,8.537339430286162,7,busy,0
18.532174406060975,73.73903909373279,route_12,18.452053246881384,73.73083884114426,18.49490139783674,73.95247713709313,8.950935743067692,22.88345361059459,3,available,0
18.532174406060975,73.73903909373279,route_13,18.61434052948725,73.95910897281446,18.595381819679304,73.79004004237743,24.930627157343572,8.848660206644805,7,busy,0
18.532174406060975,73.73903909373279,route_14,18.498697930986943,73.95439593981811,18.410949644255314,73.80825612427586,23.010155402103216,15.329381049811657,4,busy,0
18.476459002076076,73.76224044948447,route_0,18.614850109927637,73.86302144126736,18.619617102629167,73.82669921131617,18.699738740596114,17.30814109647686,8,offline,0
18.476459002076076,73.76224044948447,route_1,18.490846892322832,73.97446070300018,18.433331378744178,73.95982508422698,22.437610508102313,21.385171504963413,6,offline,0
18.476459002076076,73.76224044948447,route_2,18.45104358908976,73.76409496144304,18.416815889015137,73.86571283980354,2.8328257306322566,12.771389929892058,6,available,0
18.476459002076076,73.76224044948447,route_3,18.4684825752409,73.901965564234,18.530653191461774,73.70973295381015,14.762876630109258,8.183492839476937,2,busy,0
18.476459002076076,73.76224044948447,route_4,18.408602136415862,73.87587082059603,18.520230326309324,73.82979563386353,14.163371366193141,8.62762785569044,8,busy,0
18.476459002076076,73.76224044948447,route_5,18.431769736584847,73.96139224313882,18.616715114950075,73.86330375403355,21.58569748989013,18.88750213940133,4,available,0
18.476459002076076,73.76224044948447,route_6,18.67826540463728,73.72096512473394,18.635913870368796,73.72321747318321,22.857674423356208,18.20150174193907,9,available,0
18.476459002076076,73.76224044948447,route_7,18.48171712665482,73.76327581278754,18.582646840333684,73.98496711376072,0.5947853684181001,26.283675004775485,9,offline,1
18.476459002076076,73.76224044948447,route_8,18.462018133622998,73.99743939448328,18.407198691898518,73.95179965975407,24.857809509594702,21.427414663380468,7,available,0
18.476459002076076,73.76224044948447,route_9,18.549459685890337,73.70258117726151,18.610627112704925,73.96214979226147,10.269435259714292,25.82090470895037,6,busy,0
18.476459002076076,73.76224044948447,route_10,18.439797083860952,73.76732376630396,18.665889926544153,73.70933023255468,4.111726282238176,21.789555290721566,3,offline,0
18.476459002076076,73.76224044948447,route_11,18.497604458866828,73.7819760813979,18.461176023724313,73.76985624446678,3.140077190324158,1.8796519442736184,5,busy,0
18.476459002076076,73.76224044948447,route_12,18.452053246881384,73.73083884114426,18.49490139783674,73.95247713709313,4.281788656031307,20.16643993213417,8,available,0
18.476459002076076,73.76224044948447,route_13,18.61434052948725,73.95910897281446,18.595381819679304,73.79004004237743,25.802935548219246,13.54450643537744,6,busy,0
18.476459002076076,73.76224044948447,route_14,18.498697930986943,73.95439593981811,18.410949644255314,73.80825612427586,20.414356067053777,8.753364340513901,7,busy,0
18.416985555130502,73.962629324515,route_0,18.614850109927637,73.86302144126736,18.619617102629167,73.82669921131617,24.379725093794217,26.70360853374472,3,offline,0
18.416985555130502,73.962629324515,route_1,18.490846892322832,73.97446070300018,18.433331378744178,73.95982508422698,8.307275152507005,1.8414905248585103,9,offline,0
18.416985555130502,73.962629324515,route_2,18.45104358908976,73.76409496144304,18.416815889015137,73.86571283980354,21.282904839360246,10.224690989599761,1,available,0
18.416985555130502,73.962629324515,route_3,18.4684825752409,73.901965564234,18.530653191461774,73.70973295381015,8.587045975767024,29.514903340853177,6,busy,0
18.416985555130502,73.962629324515,route_4,18.408602136415862,73.87587082059603,18.520230326309324,73.82979563386353,9.20057301465808,18.112681679225748,2,busy,0
18.416985555130502,73.962629324515,route_5,18.431769736584847,73.96139224313882,18.616715114950075,73.86330375403355,1.6490980791713825,24.5543021256177,1,available,1
18.416985555130502,73.962629324515,route_6,18.67826540463728,73.72096512473394,18.635913870368796,73.72321747318321,38.64073551204243,35.06797968819631,4,available,0
18.416985555130502,73.962629324515,route_7,18.48171712665482,73.76327581278754,18.582646840333684,73.98496711376072,22.225585655043247,18.570684866391684,1,offline,0
18.416985555130502,73.962629324515,route_8,18.462018133622998,73.99743939448328,18.407198691898518,73.95179965975407,6.209459773721132,1.5778878371848288,7,available,0
18.416985555130502,73.962629324515,route_9,18.549459685890337,73.70258117726151,18.610627112704925,73.96214979226147,31.130143124154234,21.532018155310325,5,busy,0
18.416985555130502,73.962629324515,route_10,18.439797083860952,73.76732376630396,18.665889926544153,73.70933023255468,20.758879524917337,38.458966740061925,1,offline,0
18.416985555130502,73.962629324515,route_11,18.497604458866828,73.7819760813979,18.461176023724313,73.76985624446678,21.057804030566853,20.92016585484249,1,busy,0
18.416985555130502,73.962629324515,route_12,18.452053246881384,73.73083884114426,18.49490139783674,73.95247713709313,24.760321735867013,8.72976920647074,7,available,0
18.416985555130502,73.962629324515,route_13,18.61434052948725,73.95910897281446,18.595381819679304,73.79004004237743,21.948010822391815,26.920035332302735,6,busy,0
18.416985555130502,73.962629324515,route_14,18.498697930986943,73.95439593981811,18.410949644255314,73.80825612427586,9.127407533436486,16.300448396839396,5,busy,0
18.56004473324158,73.88628607150504,route_0,18.614850109927637,73.86302144126736,18.619617102629167,73.82669921131617,6.568863771676233,9.127892431673246,6,offline,1
18.56004473324158,73.88628607150504,route_1,18.490846892322832,73.97446070300018,18.433331378744178,73.95982508422698,12.06772134586552,16.08293751492912,9,offline,0
18.56004473324158,73.88628607150504,route_2,18.45104358908976,73.76409496144304,18.416815889015137,73.86571283980354,17.689357870731616,16.073416567638265,5,available,0
18.56004473324158,73.88628607150504,route_3,18.4684825752409,73.901965564234,18.530653191461774,73.70973295381015,10.31460225605132,18.897129814409904,2,busy,0
18.56004473324158,73.88628607150504,route_4,18.408602136415862,73.87587082059603,18.520230326309324,73.82979563386353,16.875431509807413,7.420722901680631,7,busy,0
18.56004473324158,73.88628607150504,route_5,18.431769736584847,73.96139224313882,18.616715114950075,73.86330375403355,16.31487990794864,6.750959530383884,1,available,0
18.56004473324158,73.88628607150504,route_6,18.67826540463728,73.72096512473394,18.635913870368796,73.72321747318321,21.823992422457085,19.144518226141585,6,available,0
18.56004473324158,73.88628607150504,route_7,18.48171712665482,73.76327581278754,18.582646840333684,73.98496711376072,15.622763818422442,10.700774257406877,9,offline,0
18.56004473324158,73.88628607150504,route_8,18.462018133622998,73.99743939448328,18.407198691898518,73.95179965975407,16.005467505931062,18.3463361082114,4,available,0
18.56004473324158,73.88628607150504,route_9,18.549459685890337,73.70258117726151,18.610627112704925,73.96214979226147,19.40098893106512,9.77583329661816,7,busy,0
18.56004473324158,73.88628607150504,route_10,18.439797083860952,73.76732376630396,18.665889926544153,73.70933023255468,18.3342442836562,22.050996343452237,4,offline,0
18.56004473324158,73.88628607150504,route_11,18.497604458866828,73.7819760813979,18.461176023724313,73.76985624446678,13.005806240757474,16.479587757301825,9,busy,0
18.56004473324158,73.88628607150504,route_12,18.452053246881384,73.73083884114426,18.49490139783674,73.95247713709313,20.319054950272005,10.058397556142447,8,available,0
18.56004473324158,73.88628607150504,route_13,18.61434052948725,73.95910897281446,18.595381819679304,73.79004004237743,9.765172185682436,10.878809855540789,1,busy,0
18.56004473324158,73.88628607150504,route_14,18.498697930986943,73.95439593981811,18.410949644255314,73.80825612427586,9.904398263248753,18.50850158107736,6,busy,0
18.632642669274503,73.96464586230924,route_0,18.614850109927637,73.86302144126736,18.619617102629167,73.82669921131617,10.889632911073608,14.607538512912464,7,offline,0
18.632642669274503,73.96464586230924,route_1,18.490846892322832,73.97446070300018,18.433331378744178,73.95982508422698,15.800878111389448,22.168231334613527,9,offline,0
18.632642669274503,73.96464586230924,route_2,18.45104358908976,73.76409496144304,18.416815889015137,73.86571283980354,29.236367789102843,26.16767295810805,3,available,0
18.632642669274503,73.96464586230924,route_3,18.4684825752409,73.901965564234,18.530653191461774,73.70973295381015,19.412895999447063,29.162804397447374,2,busy,0
18.632642669274503,73.96464586230924,route_4,18.408602136415862,73.87587082059603,18.520230326309324,73.82979563386353,26.612542386634292,18.927852719347225,5,busy,0
18.632642669274503,73.96464586230924,route_5,18.431769736584847,73.96139224313882,18.616715114950075,73.86330375403355,22.338684861717528,10.824465994373458,9,available,0
18.632642669274503,73.96464586230924,route_6,18.67826540463728,73.72096512473394,18.635913870368796,73.72321747318321,26.168840655868877,25.440894194232623,9,available,0
18.632642669274503,73.96464586230924,route_7,18.48171712665482,73.76327581278754,18.582646840333684,73.98496711376072,27.05976990413391,5.95748651253743,5,offline,0
18.632642669274503,73.96464586230924,route_8,18.462018133622998,73.99743939448328,18.407198691898518,73.95179965975407,19.28497581445449,25.10479110509028,1,available,0
18.632642669274503,73.96464586230924,route_9,18.549459685890337,73.70258117726151,18.610627112704925,73.96214979226147,29.12730196695208,2.462107350984523,2,busy,0
18.632642669274503,73.96464586230924,route_10,18.439797083860952,73.76732376630396,18.665889926544153,73.70933023255468,29.87615276338318,27.15201711995343,2,offline,0
18.632642669274503,73.96464586230924,route_11,18.497604458866828,73.7819760813979,18.461176023724313,73.76985624446678,24.417630223184872,28.021312770259367,1,busy,0
18.632642669274503,73.96464586230924,route_12,18.452053246881384,73.73083884114426,18.49490139783674,73.95247713709313,31.792804343762977,15.369748542237804,3,available,0
18.632642669274503,73.96464586230924,route_13,18.61434052948725,73.95910897281446,18.595381819679304,73.79004004237743,2.1170852814350707,18.86038862058989,4,busy,1
18.632642669274503,73.96464586230924,route_14,18.498697930986943,73.95439593981811,18.410949644255314,73.80825612427586,14.933111618280211,29.65747052399582,4,busy,0
18.500452817208814,73.90938630529948,route_0,18.614850109927637,73.86302144126736,18.619617102629167,73.82669921131617,13.62702792992947,15.860225433895096,8,offline,0
18.500452817208814,73.90938630529948,route_1,18.490846892322832,73.97446070300018,18.433331378744178,73.95982508422698,6.9448221200206905,9.165389036994045,2,offline,0
18.500452817208814,73.90938630529948,route_2,18.45104358908976,73.76409496144304,18.416815889015137,73.86571283980354,16.27813925884806,10.378303537864127,7,available,0
18.500452817208814,73.90938630529948,route_3,18.4684825752409,73.901965564234,18.530653191461774,73.70973295381015,3.640047810392912,21.317451672214823,2,busy,1
18.500452817208814,73.90938630529948,route_4,18.408602136415862,73.87587082059603,18.520230326309324,73.82979563386353,10.807824150616796,8.675589733924552,2,busy,0
18.500452817208814,73.90938630529948,route_5,18.431769736584847,73.96139224313882,18.616715114950075,73.86330375403355,9.402803507398918,13.810304705667884,3,available,0
18.500452817208814,73.90938630529948,route_6,18.67826540463728,73.72096512473394,18.635913870368796,73.72321747318321,28.022876148772966,24.73783964865521,1,available,0
18.500452817208814,73.90938630529948,route_7,18.48171712665482,73.76327581278754,18.582646840333684,73.98496711376072,15.548179135123274,12.125181512544325,4,offline,0
18.500452817208814,73.90938630529948,route_8,18.462018133622998,73.99743939448328,18.407198691898518,73.95179965975407,10.222360785528831,11.293255326080894,4,available,0
18.500452817208814,73.90938630529948,route_9,18.549459685890337,73.70258117726151,18.610627112704925,73.96214979226147,22.474801201486645,13.454326876597806,9,busy,0
18.500452817208814,73.90938630529948,route_10,18.439797083860952,73.76732376630396,18.665889926544153,73.70933023255468,16.431007201065373,27.98209953239381,7,offline,0
18.500452817208814,73.90938630529948,route_11,18.497604458866828,73.7819760813979,18.461176023724313,73.76985624446678,13.439061185881735,15.349362326445213,7,busy,0
18.500452817208814,73.90938630529948,route_12,18.452053246881384,73.73083884114426,18.49490139783674,73.95247713709313,19.58419801603738,4.585674662242949,5,available,0
18.500452817208814,73.90938630529948,route_13,18.61434052948725,73.95910897281446,18.595381819679304,73.79004004237743,13.705576540814821,16.422927586597314,1,busy,0
18.500452817208814,73.90938630529948,route_14,18.498697930986943,73.95439593981811,18.410949644255314,73.80825612427586,4.750232421226075,14.588661542771808,1,busy,0
18.68104479998173,73.76704904505064,route_0,18.614850109927637,73.86302144126736,18.619617102629167,73.82669921131617,12.50669604848362,9.281695837280584,3,offline,0
18.68104479998173,73.76704904505064,route_1,18.490846892322832,73.97446070300018,18.433331378744178,73.95982508422698,30.416348452092258,34.22934955349097,8,offline,0
18.68104479998173,73.76704904505064,route_2,18.45104358908976,73.76409496144304,18.416815889015137,73.86571283980354,25.576863305072976,31.167590095939786,2,available,0
18.68104479998173,73.76704904505064,route_3,18.4684825752409,73.901965564234,18.530653191461774,73.70973295381015,27.583998042856756,17.78018763982177,3,busy,0
18.68104479998173,73.76704904505064,route_4,18.408602136415862,73.87587082059603,18.520230326309324,73.82979563386353,32.39367548019938,19.065262787486862,1,busy,0
18.68104479998173,73.76704904505064,route_5,18.431769736584847,73.96139224313882,18.616715114950075,73.86330375403355,34.46722726499803,12.410031240429308,2,available,0
18.68104479998173,73.76704904505064,route_6,18.67826540463728,73.72096512473394,18.635913870368796,73.72321747318321,4.864198989127442,6.819582387828424,8,available,1
18.68104479998173,73.76704904505064,route_7,18.48171712665482,73.76327581278754,18.582646840333684,73.98496711376072,22.167793631586097,25.435029828318783,2,offline,0
18.68104479998173,73.76704904505064,route_8,18.462018133622998,73.99743939448328,18.407198691898518,73.95179965975407,34.39289417842141,36.14639037781548,9,available,0
18.68104479998173,73.76704904505064,route_9,18.549459685890337,73.70258117726151,18.610627112704925,73.96214979226147,16.13179544899322,21.996380104252765,4,busy,0
18.68104479998173,73.76704904505064,route_10,18.439797083860952,73.76732376630396,18.665889926544153,73.70933023255468,26.825537728026053,6.309386741311362,6,offline,0
18.68104479998173,73.76704904505064,route_11,18.497604458866828,73.7819760813979,18.461176023724313,73.76985624446678,20.458214160918317,24.45008294213996,3,busy,0
18.68104479998173,73.76704904505064,route_12,18.452053246881384,73.73083884114426,18.49490139783674,73.95247713709313,25.747179330692564,28.4666075053948,6,available,0
18.68104479998173,73.76704904505064,route_13,18.61434052948725,73.95910897281446,18.595381819679304,73.79004004237743,21.551510563358985,9.82848867378407,4,busy,0
18.68104479998173,73.76704904505064,route_14,18.498697930986943,73.95439593981811,18.410949644255314,73.80825612427586,28.301712232102634,30.345751617427705,4,busy,0
18.47405150367305,73.9680458128555,route_0,18.614850109927637,73.86302144126736,18.619617102629167,73.82669921131617,19.17545689441071,22.000538235154966,1,offline,0
18.47405150367305,73.9680458128555,route_1,18.490846892322832,73.97446070300018,18.433331378744178,73.95982508422698,1.9863171557609827,4.610149761109978,2,offline,1
18.47405150367305,73.9680458128555,route_2,18.45104358908976,73.76409496144304,18.416815889015137,73.86571283980354,21.662668110508168,12.530833425764344,3,available,0
18.47405150367305,73.9680458128555,route_3,18.4684825752409,73.901965564234,18.530653191461774,73.70973295381015,6.9967061721391515,27.956081326375,6,busy,0
18.47405150367305,73.9680458128555,route_4,18.408602136415862,73.87587082059603,18.520230326309324,73.82979563386353,12.145040113569232,15.456421381254431,1,busy,0
18.47405150367305,73.9680458128555,route_5,18.431769736584847,73.96139224313882,18.616715114950075,73.86330375403355,4.753609106540497,19.328092599929168,5,available,0
18.47405150367305,73.9680458128555,route_6,18.67826540463728,73.72096512473394,18.635913870368796,73.72321747318321,34.55222685410665,31.46455675130457,5,available,0
18.47405150367305,73.9680458128555,route_7,18.48171712665482,73.76327581278754,18.582646840333684,73.98496711376072,21.612347673290312,12.206328430532093,5,offline,0
18.47405150367305,73.9680458128555,route_8,18.462018133622998,73.99743939448328,18.407198691898518,73.95179965975407,3.3765320159584635,7.628674162745849,7,available,0
18.47405150367305,73.9680458128555,route_9,18.549459685890337,73.70258117726151,18.610627112704925,73.96214979226147,29.219926511547605,15.199229814518114,6,busy,0
18.47405150367305,73.9680458128555,route_10,18.439797083860952,73.76732376630396,18.665889926544153,73.70933023255468,21.5111147168871,34.62206018305615,5,offline,0
18.47405150367305,73.9680458128555,route_11,18.497604458866828,73.7819760813979,18.461176023724313,73.76985624446678,19.79645105287017,20.951768873728913,5,busy,0
18.47405150367305,73.9680458128555,route_12,18.452053246881384,73.73083884114426,18.49490139783674,73.95247713709313,25.137869719433372,2.8408889831278867,4,available,0
18.47405150367305,73.9680458128555,route_13,18.61434052948725,73.95910897281446,18.595381819679304,73.79004004237743,15.627852390585591,23.11284826365456,5,busy,0
18.47405150367305,73.9680458128555,route_14,18.498697930986943,73.95439593981811,18.410949644255314,73.80825612427586,3.095601749220167,18.257411461897433,2,busy,0
18.58604384553448,73.83725098980261,route_0,18.614850109927637,73.86302144126736,18.619617102629167,73.82669921131617,4.199504259182992,3.8952728846279463,5,offline,1
18.58604384553448,73.83725098980261,route_1,18.490846892322832,73.97446070300018,18.433331378744178,73.95982508422698,17.924765381748827,21.339947509103737,3,offline,0
18.58604384553448,73.83725098980261,route_2,18.45104358908976,73.76409496144304,18.416815889015137,73.86571283980354,16.87710286623774,19.055126799258275,6,available,0
18.58604384553448,73.83725098980261,route_3,18.4684825752409,73.901965564234,18.530653191461774,73.70973295381015,14.745709998625522,14.785920921470286,4,busy,0
18.58604384553448,73.83725098980261,route_4,18.408602136415862,73.87587082059603,18.520230326309324,73.82979563386353,20.146521698525525,7.360209174479621,6,busy,0
18.58604384553448,73.83725098980261,route_5,18.431769736584847,73.96139224313882,18.616715114950075,73.86330375403355,21.578256801761786,4.378329126105367,8,available,0
18.58604384553448,73.83725098980261,route_6,18.67826540463728,73.72096512473394,18.635913870368796,73.72321747318321,15.977639475706637,13.234638545082358,8,available,0
18.58604384553448,73.83725098980261,route_7,18.48171712665482,73.76327581278754,18.582646840333684,73.98496711376072,13.978522089436568,15.573376856413475,3,offline,0
18.58604384553448,73.83725098980261,route_8,18.462018133622998,73.99743939448328,18.407198691898518,73.95179965975407,21.804604664861394,23.26774695045988,6,available,0
18.58604384553448,73.83725098980261,route_9,18.549459685890337,73.70258117726151,18.610627112704925,73.96214979226147,14.766528049086315,13.443684510122155,8,busy,0
18.58604384553448,73.83725098980261,route_10,18.439797083860952,73.76732376630396,18.665889926544153,73.70933023255468,17.855338801140803,16.140456958363934,3,offline,0
18.58604384553448,73.83725098980261,route_11,18.497604458866828,73.7819760813979,18.461176023724313,73.76985624446678,11.430860265073298,15.597280077113004,2,busy,0
18.58604384553448,73.83725098980261,route_12,18.452053246881384,73.73083884114426,18.49490139783674,73.95247713709313,18.65116255995768,15.820030433046309,4,available,0
18.58604384553448,73.83725098980261,route_13,18.61434052948725,73.95910897281446,18.595381819679304,73.79004004237743,13.22207192692093,5.082879481693404,2,busy,0
18.58604384553448,73.83725098980261,route_14,18.498697930986943,73.95439593981811,18.410949644255314,73.80825612427586,15.711364966226613,19.70819903942429,4,busy,0
18.43989349694372,73.95405710669593,route_0,18.614850109927637,73.86302144126736,18.619617102629167,73.82669921131617,21.69313373513861,24.076320613322324,8,offline,0
18.43989349694372,73.95405710669593,route_1,18.490846892322832,73.97446070300018,18.433331378744178,73.95982508422698,6.060676205253105,0.9500721495168366,3,offline,0
18.43989349694372,73.95405710669593,route_2,18.45104358908976,73.76409496144304,18.416815889015137,73.86571283980354,20.075966142877167,9.66651280253347,2,available,0
18.43989349694372,73.95405710669593,route_3,18.4684825752409,73.901965564234,18.530653191461774,73.70973295381015,6.347822481649365,27.671827880607776,7,busy,0
18.43989349694372,73.95405710669593,route_4,18.408602136415862,73.87587082059603,18.520230326309324,73.82979563386353,8.952137491728823,15.859812543874025,1,busy,0
18.43989349694372,73.95405710669593,route_5,18.431769736584847,73.96139224313882,18.616715114950075,73.86330375403355,1.189415642484381,21.86623881547536,3,available,1
18.43989349694372,73.95405710669593,route_6,18.67826540463728,73.72096512473394,18.635913870368796,73.72321747318321,36.142443029934334,32.67022985634719,5,available,0
18.43989349694372,73.95405710669593,route_7,18.48171712665482,73.76327581278754,18.582646840333684,73.98496711376072,20.65267339880558,16.204590891716098,4,offline,0
18.43989349694372,73.95405710669593,route_8,18.462018133622998,73.99743939448328,18.407198691898518,73.95179965975407,5.1953198568746695,3.6432884005343427,5,available,0
18.43989349694372,73.95405710669593,route_9,18.549459685890337,73.70258117726151,18.610627112704925,73.96214979226147,29.183369924583317,19.00387590157809,2,busy,0
18.43989349694372,73.95405710669593,route_10,18.439797083860952,73.76732376630396,18.665889926544153,73.70933023255468,19.697711185182655,36.01449511350792,5,offline,0
18.43989349694372,73.95405710669593,route_11,18.497604458866828,73.7819760813979,18.461176023724313,73.76985624446678,19.25013556824718,19.57294931322273,5,busy,0
18.43989349694372,73.95405710669593,route_12,18.452053246881384,73.73083884114426,18.49490139783674,73.95247713709313,23.58429830517239,6.118868978322325,8,available,0
18.43989349694372,73.95405710669593,route_13,18.61434052948725,73.95910897281446,18.595381819679304,73.79004004237743,19.404936180595985,24.45396019284566,2,busy,0
18.43989349694372,73.95405710669593,route_14,18.498697930986943,73.95439593981811,18.410949644255314,73.80825612427586,6.538852382025253,15.71432545672726,4,busy,0
18.462646957813924,73.75003141947617,route_0,18.614850109927637,73.86302144126736,18.619617102629167,73.82669921131617,20.69598671644299,19.234866302256382,5,offline,0
18.462646957813924,73.75003141947617,route_1,18.490846892322832,73.97446070300018,18.433331378744178,73.95982508422698,23.87580977826269,22.36799448715506,1,offline,0
18.462646957813924,73.75003141947617,route_2,18.45104358908976,73.76409496144304,18.416815889015137,73.86571283980354,1.965974357880177,13.22415191455064,7,available,1
18.462646957813924,73.75003141947617,route_3,18.4684825752409,73.901965564234,18.530653191461774,73.70973295381015,16.037621133832197,8.674178231072638,7,busy,0
18.462646957813924,73.75003141947617,route_4,18.408602136415862,73.87587082059603,18.520230326309324,73.82979563386353,14.571512027573954,10.571223869224447,1,busy,0
18.462646957813924,73.75003141947617,route_5,18.431769736584847,73.96139224313882,18.616715114950075,73.86330375403355,22.557424457715054,20.88288109271763,7,available,0
18.462646957813924,73.75003141947617,route_6,18.67826540463728,73.72096512473394,18.635913870368796,73.72321747318321,24.170635184541183,19.472656758671807,1,available,0
18.462646957813924,73.75003141947617,route_7,18.48171712665482,73.76327581278754,18.582646840333684,73.98496711376072,2.539229197682098,28.135711467375103,3,offline,0
18.462646957813924,73.75003141947617,route_8,18.462018133622998,73.99743939448328,18.407198691898518,73.95179965975407,26.094693725185927,22.159308810619425,3,available,0
18.462646957813924,73.75003141947617,route_9,18.549459685890337,73.70258117726151,18.610627112704925,73.96214979226147,10.87276188849753,27.764206128736884,3,busy,0
18.462646957813924,73.75003141947617,route_10,18.439797083860952,73.76732376630396,18.665889926544153,73.70933023255468,3.127699013882102,23.00321245138078,3,offline,0
18.462646957813924,73.75003141947617,route_11,18.497604458866828,73.7819760813979,18.461176023724313,73.76985624446678,5.143842745558603,2.0973554028286574,5,busy,0
18.462646957813924,73.75003141947617,route_12,18.452053246881384,73.73083884114426,18.49490139783674,73.95247713709313,2.3421247175261213,21.64944292120601,7,available,0
18.462646957813924,73.75003141947617,route_13,18.61434052948725,73.95910897281446,18.595381819679304,73.79004004237743,27.755436919576326,15.350371380672222,4,busy,0
18.462646957813924,73.75003141947617,route_14,18.498697930986943,73.95439593981811,18.410949644255314,73.80825612427586,21.922050738080348,8.412431498990232,2,busy,0
18.547188649599644,73.8348346370027,route_0,18.614850109927637,73.86302144126736,18.619617102629167,73.82669921131617,8.088924611393841,8.09919312408924,7,offline,0
18.547188649599644,73.8348346370027,route_1,18.490846892322832,73.97446070300018,18.433331378744178,73.95982508422698,15.999357518434598,18.276184854454623,7,offline,0
18.547188649599644,73.8348346370027,route_2,18.45104358908976,73.76409496144304,18.416815889015137,73.86571283980354,13.036008327448924,14.858031927490416,1,available,0
18.547188649599644,73.8348346370027,route_3,18.4684825752409,73.901965564234,18.530653191461774,73.70973295381015,11.256038366313637,13.316365435290415,8,busy,0
18.547188649599644,73.8348346370027,route_4,18.408602136415862,73.87587082059603,18.520230326309324,73.82979563386353,16.006290147417708,3.0443401627900264,5,busy,0
18.547188649599644,73.8348346370027,route_5,18.431769736584847,73.96139224313882,18.616715114950075,73.86330375403355,18.515710089199253,8.292874751562286,1,available,0
18.547188649599644,73.8348346370027,route_6,18.67826540463728,73.72096512473394,18.635913870368796,73.72321747318321,18.879087411063907,15.353039220704755,7,available,0
18.547188649599644,73.8348346370027,route_7,18.48171712665482,73.76327581278754,18.582646840333684,73.98496711376072,10.484712980830798,16.309038307991425,7,offline,0
18.547188649599644,73.8348346370027,route_8,18.462018133622998,73.99743939448328,18.407198691898518,73.95179965975407,19.587663623616002,19.86124933464479,2,available,0
18.547188649599644,73.8348346370027,route_9,18.549459685890337,73.70258117726151,18.610627112704925,73.96214979226147,13.94431180905211,15.160135507365116,4,busy,0
18.547188649599644,73.8348346370027,route_10,18.439797083860952,73.76732376630396,18.665889926544153,73.70933023255468,13.902521017475728,18.685310563319163,5,offline,0
18.547188649599644,73.8348346370027,route_11,18.497604458866828,73.7819760813979,18.461176023724313,73.76985624446678,7.839559439914257,11.7651784028832,6,busy,1
18.547188649599644,73.8348346370027,route_12,18.452053246881384,73.73083884114426,18.49490139783674,73.95247713709313,15.236958917589398,13.698761094141332,3,available,0
18.547188649599644,73.8348346370027,route_13,18.61434052948725,73.95910897281446,18.595381819679304,73.79004004237743,15.077232110823031,7.142149566133861,5,busy,0
18.547188649599644,73.8348346370027,route_14,18.498697930986943,73.95439593981811,18.410949644255314,73.80825612427586,13.710638163694624,15.406222639115358,4,busy,0
18.66944731077978,73.83385124051694,route_0,18.614850109927637,73.86302144126736,18.619617102629167,73.82669921131617,6.8045568405459935,5.591870253903181,6,offline,1
18.66944731077978,73.83385124051694,route_1,18.490846892322832,73.97446070300018,18.433331378744178,73.95982508422698,24.779720074773987,29.42230601521217,2,offline,0
18.66944731077978,73.83385124051694,route_2,18.45104358908976,73.76409496144304,18.416815889015137,73.86571283980354,25.37416573008943,28.29143461636409,3,available,0
18.66944731077978,73.83385124051694,route_3,18.4684825752409,73.901965564234,18.530653191461774,73.70973295381015,23.47132176037036,20.23071677653328,6,busy,0
18.66944731077978,73.83385124051694,route_4,18.408602136415862,73.87587082059603,18.520230326309324,73.82979563386353,29.34100024034216,16.5976760018971,9,busy,0
18.66944731077978,73.83385124051694,route_5,18.431769736584847,73.96139224313882,18.616715114950075,73.86330375403355,29.651932724131342,6.634051938978218,7,available,0
18.66944731077978,73.83385124051694,route_6,18.67826540463728,73.72096512473394,18.635913870368796,73.72321747318321,11.93191902564563,12.237651770609835,3,available,0
18.66944731077978,73.83385124051694,route_7,18.48171712665482,73.76327581278754,18.582646840333684,73.98496711376072,22.160470745606414,18.62002786017457,4,offline,0
18.66944731077978,73.83385124051694,route_8,18.462018133622998,73.99743939448328,18.407198691898518,73.95179965975407,28.798206575328148,31.701254098000554,6,available,0
18.66944731077978,73.83385124051694,route_9,18.549459685890337,73.70258117726151,18.610627112704925,73.96214979226147,19.21905513661342,15.016980651836034,1,busy,0
18.66944731077978,73.83385124051694,route_10,18.439797083860952,73.76732376630396,18.665889926544153,73.70933023255468,26.481433481897152,13.123637743815355,1,offline,0
18.66944731077978,73.83385124051694,route_11,18.497604458866828,73.7819760813979,18.461176023724313,73.76985624446678,19.874888870403996,24.121134703925577,6,busy,0
18.66944731077978,73.83385124051694,route_12,18.452053246881384,73.73083884114426,18.49490139783674,73.95247713709313,26.500002818341724,23.08717996250555,7,available,0
18.66944731077978,73.83385124051694,route_13,18.61434052948725,73.95910897281446,18.595381819679304,73.79004004237743,14.550458566056085,9.441220873861473,8,busy,0
18.66944731077978,73.83385124051694,route_14,18.498697930986943,73.95439593981811,18.410949644255314,73.80825612427586,22.84521044878983,28.870005741895913,2,busy,0
18.50868316897184,73.89233594507485,route_0,18.614850109927637,73.86302144126736,18.619617102629167,73.82669921131617,12.202943121362459,14.143125830533245,6,offline,0
18.50868316897184,73.89233594507485,route_1,18.490846892322832,73.97446070300018,18.433331378744178,73.95982508422698,8.884172732814637,10.99395414505269,1,offline,0
18.50868316897184,73.89233594507485,route_2,18.45104358908976,73.76409496144304,18.416815889015137,73.86571283980354,14.966254925222172,10.594082395641438,6,available,0
18.50868316897184,73.89233594507485,route_3,18.4684825752409,73.901965564234,18.530653191461774,73.70973295381015,4.583999479786392,19.407419118576342,8,busy,1
18.50868316897184,73.89233594507485,route_4,18.408602136415862,73.87587082059603,18.520230326309324,73.82979563386353,11.26319313078293,6.7180839392634395,4,busy,0
18.50868316897184,73.89233594507485,route_5,18.431769736584847,73.96139224313882,18.616715114950075,73.86330375403355,11.23333343522076,12.39629021135021,4,available,0
18.50868316897184,73.89233594507485,route_6,18.67826540463728,73.72096512473394,18.635913870368796,73.72321747318321,26.110769969602888,22.75758905545326,9,available,0
18.50868316897184,73.89233594507485,route_7,18.48171712665482,73.76327581278754,18.582646840333684,73.98496711376072,13.936015502092568,12.767157782120746,3,offline,0
18.50868316897184,73.89233594507485,route_8,18.462018133622998,73.99743939448328,18.407198691898518,73.95179965975407,12.238439500181745,12.910389977857179,6,available,0
18.50868316897184,73.89233594507485,route_9,18.549459685890337,73.70258117726151,18.610627112704925,73.96214979226147,20.513380508312096,13.514991348556505,4,busy,0
18.50868316897184,73.89233594507485,route_10,18.439797083860952,73.76732376630396,18.665889926544153,73.70933023255468,15.2479402198002,26.030611624083928,8,offline,0
18.50868316897184,73.89233594507485,route_11,18.497604458866828,73.7819760813979,18.461176023724313,73.76985624446678,11.702121281720926,13.954948186222131,5,busy,0
18.50868316897184,73.89233594507485,route_12,18.452053246881384,73.73083884114426,18.49490139783674,73.95247713709313,18.158410325241118,6.524279381686025,7,available,0
18.50868316897184,73.89233594507485,route_13,18.61434052948725,73.95910897281446,18.595381819679304,73.79004004237743,13.695641759017782,14.46465840066554,5,busy,0
18.50868316897184,73.89233594507485,route_14,18.498697930986943,73.95439593981811,18.410949644255314,73.80825612427586,6.637533046876833,14.026644911864173,6,busy,0
18.47769464802408,73.89389026065146,route_0,18.614850109927637,73.86302144126736,18.619617102629167,73.82669921131617,15.594311292730469,17.297786627995844,9,offline,0
18.47769464802408,73.89389026065146,route_1,18.490846892322832,73.97446070300018,18.433331378744178,73.95982508422698,8.621774696240575,8.52642782372672,1,offline,0
18.47769464802408,73.89389026065146,route_2,18.45104358908976,73.76409496144304,18.416815889015137,73.86571283980354,14.006686838349161,7.393159267673234,1,available,0
18.47769464802408,73.89389026065146,route_3,18.4684825752409,73.901965564234,18.530653191461774,73.70973295381015,1.33213977953276,20.291931514397636,3,busy,1
18.47769464802408,73.89389026065146,route_4,18.408602136415862,73.87587082059603,18.520230326309324,73.82979563386353,7.914374517567723,8.249310786342141,7,busy,0
18.47769464802408,73.89389026065146,route_5,18.431769736584847,73.96139224313882,18.616715114950075,73.86330375403355,8.761862904601713,15.791076501225499,1,available,0
18.47769464802408,73.89389026065146,route_6,18.67826540463728,73.72096512473394,18.635913870368796,73.72321747318321,28.80280097168445,25.163562337621943,8,available,0
18.47769464802408,73.89389026065146,route_7,18.48171712665482,73.76327581278754,18.582646840333684,73.98496711376072,13.782025085296388,15.112762534203132,1,offline,0
18.47769464802408,73.89389026065146,route_8,18.462018133622998,73.99743939448328,18.407198691898518,73.95179965975407,11.059290430880466,9.937843754771553,7,available,0
18.47769464802408,73.89389026065146,route_9,18.549459685890337,73.70258117726151,18.610627112704925,73.96214979226147,21.692779403394614,16.439981923894326,5,busy,0
18.47769464802408,73.89389026065146,route_10,18.439797083860952,73.76732376630396,18.665889926544153,73.70933023255468,13.998818429221696,28.57182136515689,3,offline,0
18.47769464802408,73.89389026065146,route_11,18.497604458866828,73.7819760813979,18.461176023724313,73.76985624446678,12.007911535290875,13.209890507157109,5,busy,0
18.47769464802408,73.89389026065146,route_12,18.452053246881384,73.73083884114426,18.49490139783674,73.95247713709313,17.431850669329467,6.4678793715182845,6,available,0
18.47769464802408,73.89389026065146,route_13,18.61434052948725,73.95910897281446,18.595381819679304,73.79004004237743,16.677484541982214,17.062225110583796,7,busy,0
18.47769464802408,73.89389026065146,route_14,18.498697930986943,73.95439593981811,18.410949644255314,73.80825612427586,6.794671892190999,11.690844022751122,8,busy,0
18.598853148485375,73.8940502699483,route_0,18.614850109927637,73.86302144126736,18.619617102629167,73.82669921131617,3.722410325634451,7.463638131487325,7,offline,1
18.598853148485375,73.8940502699483,route_1,18.490846892322832,73.97446070300018,18.433331378744178,73.95982508422698,14.7000965229882,19.668450508859113,3,offline,0
18.598853148485375,73.8940502699483,route_2,18.45104358908976,73.76409496144304,18.416815889015137,73.86571283980354,21.39780106607398,20.460971784394136,1,available,0
18.598853148485375,73.8940502699483,route_3,18.4684825752409,73.901965564234,18.530653191461774,73.70973295381015,14.520545274686745,20.85623616662881,6,busy,0
18.598853148485375,73.8940502699483,route_4,18.408602136415862,73.87587082059603,18.520230326309324,73.82979563386353,21.2416224405089,11.059249395070788,6,busy,0
18.598853148485375,73.8940502699483,route_5,18.431769736584847,73.96139224313882,18.616715114950075,73.86330375403355,19.889439452072377,3.800435956943306,9,available,0
18.598853148485375,73.8940502699483,route_6,18.67826540463728,73.72096512473394,18.635913870368796,73.72321747318321,20.262126024034238,18.46738627153184,6,available,0
18.598853148485375,73.8940502699483,route_7,18.48171712665482,73.76327581278754,18.582646840333684,73.98496711376072,18.96637738255246,9.749959263458736,9,offline,0
18.598853148485375,73.8940502699483,route_8,18.462018133622998,73.99743939448328,18.407198691898518,73.95179965975407,18.716944459740297,22.163951870451502,5,available,0
18.598853148485375,73.8940502699483,route_9,18.549459685890337,73.70258117726151,18.610627112704925,73.96214979226147,20.91542718819214,7.295046774462824,7,busy,0
18.598853148485375,73.8940502699483,route_10,18.439797083860952,73.76732376630396,18.665889926544153,73.70933023255468,22.166101847461466,20.84197516495155,2,offline,0
18.598853148485375,73.8940502699483,route_11,18.497604458866828,73.7819760813979,18.461176023724313,73.76985624446678,16.31988310354485,20.144805426063588,1,busy,0
18.598853148485375,73.8940502699483,route_12,18.452053246881384,73.73083884114426,18.49490139783674,73.95247713709313,23.718444998608405,13.097555293017608,7,available,0
18.598853148485375,73.8940502699483,route_13,18.61434052948725,73.95910897281446,18.595381819679304,73.79004004237743,7.069052289313679,10.968309320011961,8,busy,0
18.598853148485375,73.8940502699483,route_14,18.498697930986943,73.95439593981811,18.410949644255314,73.80825612427586,12.82562701200228,22.768336280859867,4,busy,0
18.526289225718497,73.82451486332583,route_0,18.614850109927637,73.86302144126736,18.619617102629167,73.82669921131617,10.651172904331222,10.380140163115538,4,offline,0
18.526289225718497,73.82451486332583,route_1,18.490846892322832,73.97446070300018,18.433331378744178,73.95982508422698,16.29458097983648,17.62027933916916,3,offline,0
18.526289225718497,73.82451486332583,route_2,18.45104358908976,73.76409496144304,18.416815889015137,73.86571283980354,10.516804843211,12.925091655965105,5,available,0
18.526289225718497,73.82451486332583,route_3,18.4684825752409,73.901965564234,18.530653191461774,73.70973295381015,10.39326451535215,12.111323027385568,8,busy,0
18.526289225718497,73.82451486332583,route_4,18.408602136415862,73.87587082059603,18.520230326309324,73.82979563386353,14.162865355933537,0.8740112469685486,7,busy,0
18.526289225718497,73.82451486332583,route_5,18.431769736584847,73.96139224313882,18.616715114950075,73.86330375403355,17.856100100024843,10.854358106949503,6,available,0
18.526289225718497,73.82451486332583,route_6,18.67826540463728,73.72096512473394,18.635913870368796,73.72321747318321,20.11619882593887,16.204288937382252,8,available,0
18.526289225718497,73.82451486332583,route_7,18.48171712665482,73.76327581278754,18.582646840333684,73.98496711376072,8.14016331203291,18.037687495154145,8,offline,0
18.526289225718497,73.82451486332583,route_8,18.462018133622998,73.99743939448328,18.407198691898518,73.95179965975407,19.58571873720424,18.85678000932986,5,available,0
18.526289225718497,73.82451486332583,route_9,18.549459685890337,73.70258117726151,18.610627112704925,73.96214979226147,13.110559700218044,17.274747759471826,7,busy,0
18.526289225718497,73.82451486332583,route_10,18.439797083860952,73.76732376630396,18.665889926544153,73.70933023255468,11.352223338813397,19.705869521406242,3,offline,0
18.526289225718497,73.82451486332583,route_11,18.497604458866828,73.7819760813979,18.461176023724313,73.76985624446678,5.503808846386138,9.25439456462023,1,busy,1
18.526289225718497,73.82451486332583,route_12,18.452053246881384,73.73083884114426,18.49490139783674,73.95247713709313,12.87350461555801,13.936725923355398,7,available,0
18.526289225718497,73.82451486332583,route_13,18.61434052948725,73.95910897281446,18.595381819679304,73.79004004237743,17.23746729430443,8.498869771563093,7,busy,0
18.526289225718497,73.82451486332583,route_14,18.498697930986943,73.95439593981811,18.410949644255314,73.80825612427586,14.034253452708588,12.939304841416812,5,busy,0
18.549291588085385,73.71721562927908,route_0,18.614850109927637,73.86302144126736,18.619617102629167,73.82669921131617,17.008990359271838,13.939264630966845,8,offline,0
18.549291588085385,73.71721562927908,route_1,18.490846892322832,73.97446070300018,18.433331378744178,73.95982508422698,27.890690514906826,28.649770418253457,4,offline,0
18.549291588085385,73.71721562927908,route_2,18.45104358908976,73.76409496144304,18.416815889015137,73.86571283980354,11.991056952180623,21.499750097080085,9,available,0
18.549291588085385,73.71721562927908,route_3,18.4684825752409,73.901965564234,18.530653191461774,73.70973295381015,21.453100363859257,2.217549937565365,4,busy,0
18.549291588085385,73.71721562927908,route_4,18.408602136415862,73.87587082059603,18.520230326309324,73.82979563386353,22.90621383109776,12.301048845001429,3,busy,0
18.549291588085385,73.71721562927908,route_5,18.431769736584847,73.96139224313882,18.616715114950075,73.86330375403355,28.875719158348318,17.125567976547938,9,available,0
18.549291588085385,73.71721562927908,route_6,18.67826540463728,73.72096512473394,18.635913870368796,73.72321747318321,14.346675970935282,9.652705994341074,4,available,0
18.549291588085385,73.71721562927908,route_7,18.48171712665482,73.76327581278754,18.582646840333684,73.98496711376072,8.946805540600748,28.465829069173868,5,offline,0
18.549291588085385,73.71721562927908,route_8,18.462018133622998,73.99743939448328,18.407198691898518,73.95179965975407,31.101045636094792,29.354634132397926,3,available,0
18.549291588085385,73.71721562927908,route_9,18.549459685890337,73.70258117726151,18.610627112704925,73.96214979226147,1.5428527885039875,26.701625641005045,9,busy,1
18.549291588085385,73.71721562927908,route_10,18.439797083860952,73.76732376630396,18.665889926544153,73.70933023255468,13.272417253919967,12.991746648130059,9,offline,0
18.549291588085385,73.71721562927908,route_11,18.497604458866828,73.7819760813979,18.461176023724313,73.76985624446678,8.9248658000458,11.261054529194267,9,busy,0
18.549291588085385,73.71721562927908,route_12,18.452053246881384,73.73083884114426,18.49490139783674,73.95247713709313,10.907423013072927,25.531490017232255,4,available,0
18.549291588085385,73.71721562927908,route_13,18.61434052948725,73.95910897281446,18.595381819679304,73.79004004237743,26.50132304265669,9.229654618355113,6,busy,0
18.549291588085385,73.71721562927908,route_14,18.498697930986943,73.95439593981811,18.410949644255314,73.80825612427586,25.63186354160544,18.133331719050865,8,busy,0
18.506648449049244,73.96974631905685,route_0,18.614850109927637,73.86302144126736,18.619617102629167,73.82669921131617,16.471765620862737,19.625380340313995,7,offline,0
18.506648449049244,73.96974631905685,route_1,18.490846892322832,73.97446070300018,18.433331378744178,73.95982508422698,1.8260265446586683,8.219362035953687,1,offline,1
18.506648449049244,73.96974631905685,route_2,18.45104358908976,73.76409496144304,18.416815889015137,73.86571283980354,22.552475927463103,14.83838563556635,2,available,0
18.506648449049244,73.96974631905685,route_3,18.4684825752409,73.901965564234,18.530653191461774,73.70973295381015,8.312820568762957,27.544735480734868,8,busy,0
18.506648449049244,73.96974631905685,route_4,18.408602136415862,73.87587082059603,18.520230326309324,73.82979563386353,14.727486219976415,14.833550322546937,8,busy,0
18.506648449049244,73.96974631905685,route_5,18.431769736584847,73.96139224313882,18.616715114950075,73.86330375403355,8.372622112131916,16.603678897577403,6,available,0
18.506648449049244,73.96974631905685,route_6,18.67826540463728,73.72096512473394,18.635913870368796,73.72321747318321,32.42866724708182,29.695768536002284,3,available,0
18.506648449049244,73.96974631905685,route_7,18.48171712665482,73.76327581278754,18.582646840333684,73.98496711376072,21.948579825983,8.601625806760675,4,offline,0
18.506648449049244,73.96974631905685,route_8,18.462018133622998,73.99743939448328,18.407198691898518,73.95179965975407,5.75822659494894,11.219151670073618,4,available,0
18.506648449049244,73.96974631905685,route_9,18.549459685890337,73.70258117726151,18.610627112704925,73.96214979226147,28.56704244715078,11.589597091700801,1,busy,0
18.506648449049244,73.96974631905685,route_10,18.439797083860952,73.76732376630396,18.665889926544153,73.70933023255468,22.60570131671331,32.66270817952381,7,offline,0
18.506648449049244,73.96974631905685,route_11,18.497604458866828,73.7819760813979,18.461176023724313,73.76985624446678,19.825417691558098,21.67806693839721,7,busy,0
18.506648449049244,73.96974631905685,route_12,18.452053246881384,73.73083884114426,18.49490139783674,73.95247713709313,25.916568059900303,2.2410385133632067,3,available,0
18.506648449049244,73.96974631905685,route_13,18.61434052948725,73.95910897281446,18.595381819679304,73.79004004237743,12.027196487939975,21.35960312993776,1,busy,0
18.506648449049244,73.96974631905685,route_14,18.498697930986943,73.95439593981811,18.410949644255314,73.80825612427586,1.844341711052252,20.083820063526787,6,busy,0
18.66854921578421,73.89025460013244,route_0,18.614850109927637,73.86302144126736,18.619617102629167,73.82669921131617,6.6246993225164506,8.628053418085555,1,offline,1
18.66854921578421,73.89025460013244,route_1,18.490846892322832,73.97446070300018,18.433331378744178,73.95982508422698,21.66130984788565,27.163801960573757,1,offline,0
18.66854921578421,73.89025460013244,route_2,18.45104358908976,73.76409496144304,18.416815889015137,73.86571283980354,27.60064014031058,28.11078421093305,8,available,0
18.66854921578421,73.89025460013244,route_3,18.4684825752409,73.901965564234,18.530653191461774,73.70973295381015,22.280616682616717,24.43460023173771,8,busy,0
18.66854921578421,73.89025460013244,route_4,18.408602136415862,73.87587082059603,18.520230326309324,73.82979563386353,28.944546120015655,17.68038591480382,6,busy,0
18.66854921578421,73.89025460013244,route_5,18.431769736584847,73.96139224313882,18.616715114950075,73.86330375403355,27.37584295442834,6.425200338771083,8,available,0
18.66854921578421,73.89025460013244,route_6,18.67826540463728,73.72096512473394,18.635913870368796,73.72321747318321,17.865905429485945,17.968397585895,7,available,0
18.66854921578421,73.89025460013244,route_7,18.48171712665482,73.76327581278754,18.582646840333684,73.98496711376072,24.712735666236927,13.814438774233519,6,offline,0
18.66854921578421,73.89025460013244,route_8,18.462018133622998,73.99743939448328,18.407198691898518,73.95179965975407,25.593938686103407,29.776375940242538,1,available,0
18.66854921578421,73.89025460013244,route_9,18.549459685890337,73.70258117726151,18.610627112704925,73.96214979226147,23.80117535419822,9.943006993763252,4,busy,0
18.66854921578421,73.89025460013244,route_10,18.439797083860952,73.76732376630396,18.665889926544153,73.70933023255468,28.546876746201825,19.06183490785433,1,offline,0
18.66854921578421,73.89025460013244,route_11,18.497604458866828,73.7819760813979,18.461176023724313,73.76985624446678,22.170958930033805,26.320576323638683,5,busy,0
18.66854921578421,73.89025460013244,route_12,18.452053246881384,73.73083884114426,18.49490139783674,73.95247713709313,29.358209937343496,20.392091409773396,5,available,0
18.66854921578421,73.89025460013244,route_13,18.61434052948725,73.95910897281446,18.595381819679304,73.79004004237743,9.43199933373912,13.330093441680514,9,busy,0
18.66854921578421,73.89025460013244,route_14,18.498697930986943,73.95439593981811,18.410949644255314,73.80825612427586,20.060048041518993,29.91980543738152,9,busy,0
18.512792875795682,73.88945242304227,route_0,18.614850109927637,73.86302144126736,18.619617102629167,73.82669921131617,11.685243231167554,13.59589501451148,3,offline,0
18.512792875795682,73.88945242304227,route_1,18.490846892322832,73.97446070300018,18.433331378744178,73.95982508422698,9.290151152180858,11.539242717353929,4,offline,0
18.512792875795682,73.88945242304227,route_2,18.45104358908976,73.76409496144304,18.416815889015137,73.86571283980354,14.896915943641742,10.961934334325065,9,available,0
18.512792875795682,73.88945242304227,route_3,18.4684825752409,73.901965564234,18.530653191461774,73.70973295381015,5.100723667848315,19.052580708099327,7,busy,1
18.512792875795682,73.88945242304227,route_4,18.408602136415862,73.87587082059603,18.520230326309324,73.82979563386353,11.673706195386613,6.344261934189227,3,busy,0
18.512792875795682,73.88945242304227,route_5,18.431769736584847,73.96139224313882,18.616715114950075,73.86330375403355,11.778543722786402,11.879801255231506,1,available,0
18.512792875795682,73.88945242304227,route_6,18.67826540463728,73.72096512473394,18.635913870368796,73.72321747318321,25.570575883578957,22.235912078211143,9,available,0
18.512792875795682,73.88945242304227,route_7,18.48171712665482,73.76327581278754,18.582646840333684,73.98496711376072,13.746761114119167,12.716890491465245,4,offline,0
18.512792875795682,73.88945242304227,route_8,18.462018133622998,73.99743939448328,18.407198691898518,73.95179965975407,12.710668191842013,13.45760472024232,9,available,0
18.512792875795682,73.88945242304227,route_9,18.549459685890337,73.70258117726151,18.610627112704925,73.96214979226147,20.11920858740313,13.306700623790308,7,busy,0
18.512792875795682,73.88945242304227,route_10,18.439797083860952,73.76732376630396,18.665889926544153,73.70933023255468,15.224281471464552,25.498730474266992,5,offline,0
18.512792875795682,73.88945242304227,route_11,18.497604458866828,73.7819760813979,18.461176023724313,73.76985624446678,11.4580551326755,13.85678662167457,4,busy,0
18.512792875795682,73.88945242304227,route_12,18.452053246881384,73.73083884114426,18.49490139783674,73.95247713709313,18.03937421502951,6.937117695994967,2,available,0
18.512792875795682,73.88945242304227,route_13,18.61434052948725,73.95910897281446,18.595381819679304,73.79004004237743,13.46891490146979,13.934062728888637,3,busy,0
18.512792875795682,73.88945242304227,route_14,18.498697930986943,73.95439593981811,18.410949644255314,73.80825612427586,7.025046688400104,14.198045061432763,8,busy,0
18.64749095640585,73.74648128405546,route_0,18.614850109927637,73.86302144126736,18.619617102629167,73.82669921131617,12.804730128464328,9.002622218139093,3,offline,0
18.64749095640585,73.74648128405546,route_1,18.490846892322832,73.97446070300018,18.433331378744178,73.95982508422698,29.679088410637945,32.75589747489909,4,offline,0
18.64749095640585,73.74648128405546,route_2,18.45104358908976,73.76409496144304,18.416815889015137,73.86571283980354,21.9227256673007,28.56454761547887,5,available,0
18.64749095640585,73.74648128405546,route_3,18.4684825752409,73.901965564234,18.530653191461774,73.70973295381015,25.784413915595955,13.556787305735499,7,busy,0
18.64749095640585,73.74648128405546,route_4,18.408602136415862,73.87587082059603,18.520230326309324,73.82979563386353,29.861369790858863,16.653850745558618,4,busy,0
18.64749095640585,73.74648128405546,route_5,18.431769736584847,73.96139224313882,18.616715114950075,73.86330375403355,32.995652911868746,12.776092174401064,2,available,0
18.64749095640585,73.74648128405546,route_6,18.67826540463728,73.72096512473394,18.635913870368796,73.72321747318321,4.351504218791832,2.7685882704892313,4,available,1
18.64749095640585,73.74648128405546,route_7,18.48171712665482,73.76327581278754,18.582646840333684,73.98496711376072,18.518021586973216,26.14498911789335,2,offline,0
18.64749095640585,73.74648128405546,route_8,18.462018133622998,73.99743939448328,18.407198691898518,73.95179965975407,33.54381317089493,34.38773710994705,9,available,0
18.64749095640585,73.74648128405546,route_9,18.549459685890337,73.70258117726151,18.610627112704925,73.96214979226147,11.841771079888687,23.09151524012383,1,busy,0
18.64749095640585,73.74648128405546,route_10,18.439797083860952,73.76732376630396,18.665889926544153,73.70933023255468,23.198794656543612,4.41638647252131,7,offline,0
18.64749095640585,73.74648128405546,route_11,18.497604458866828,73.7819760813979,18.461176023724313,73.76985624446678,17.081376741063128,20.863297130421163,4,busy,0
18.64749095640585,73.74648128405546,route_12,18.452053246881384,73.73083884114426,18.49490139783674,73.95247713709313,21.794154686664815,27.556082829397766,7,available,0
18.64749095640585,73.74648128405546,route_13,18.61434052948725,73.95910897281446,18.595381819679304,73.79004004237743,22.705346068618216,7.391970300352164,4,busy,0
18.64749095640585,73.74648128405546,route_14,18.498697930986943,73.95439593981811,18.410949644255314,73.80825612427586,27.45912433930265,27.096569648775866,4,busy,0
18.680781311860386,73.73192546597046,route_0,18.614850109927637,73.86302144126736,18.619617102629167,73.82669921131617,15.63701165327596,12.081198618954486,8,offline,0
18.680781311860386,73.73192546597046,route_1,18.490846892322832,73.97446070300018,18.433331378744178,73.95982508422698,33.1582375658782,36.5270131660287,4,offline,0
18.680781311860386,73.73192546597046,route_2,18.45104358908976,73.76409496144304,18.416815889015137,73.86571283980354,25.76974146872744,32.564258602004486,8,available,0
18.680781311860386,73.73192546597046,route_3,18.4684825752409,73.901965564234,18.530653191461774,73.70973295381015,29.639351831927907,16.856514501312297,5,busy,0
18.680781311860386,73.73192546597046,route_4,18.408602136415862,73.87587082059603,18.520230326309324,73.82979563386353,33.85622058321011,20.617786463063965,4,busy,0
18.680781311860386,73.73192546597046,route_5,18.431769736584847,73.96139224313882,18.616715114950075,73.86330375403355,36.76654351477509,15.567237276946873,3,available,0
18.680781311860386,73.73192546597046,route_6,18.67826540463728,73.72096512473394,18.635913870368796,73.72321747318321,1.1879477175204067,5.072676977774644,5,available,1
18.680781311860386,73.73192546597046,route_7,18.48171712665482,73.76327581278754,18.582646840333684,73.98496711376072,22.38019865118522,28.808902904835882,9,offline,0
18.680781311860386,73.73192546597046,route_8,18.462018133622998,73.99743939448328,18.407198691898518,73.95179965975407,37.08047229571946,38.24558926058648,6,available,0
18.680781311860386,73.73192546597046,route_9,18.549459685890337,73.70258117726151,18.610627112704925,73.96214979226147,14.926118795419146,25.479647509404348,3,busy,0
18.680781311860386,73.73192546597046,route_10,18.439797083860952,73.76732376630396,18.665889926544153,73.70933023255468,27.05477499972135,2.899527698206346,4,offline,0
18.680781311860386,73.73192546597046,route_11,18.497604458866828,73.7819760813979,18.461176023724313,73.76985624446678,21.04031735955633,24.744130360140186,4,busy,0
18.680781311860386,73.73192546597046,route_12,18.452053246881384,73.73083884114426,18.49490139783674,73.95247713709313,25.433658316438724,31.10515108538512,3,available,0
18.680781311860386,73.73192546597046,route_13,18.61434052948725,73.95910897281446,18.595381819679304,73.79004004237743,25.049725653914102,11.298973847293745,4,busy,0
18.680781311860386,73.73192546597046,route_14,18.498697930986943,73.95439593981811,18.410949644255314,73.80825612427586,30.978832153495716,31.06422147303174,9,busy,0
18.530380073515623,73.87681922425843,route_0,18.614850109927637,73.86302144126736,18.619617102629167,73.82669921131617,9.504566517836052,11.241342254318583,7,offline,0
18.530380073515623,73.87681922425843,route_1,18.490846892322832,73.97446070300018,18.433331378744178,73.95982508422698,11.19472658399149,13.895377575947283,7,offline,0
18.530380073515623,73.87681922425843,route_2,18.45104358908976,73.76409496144304,18.416815889015137,73.86571283980354,14.803101535306004,12.681970565578716,7,available,0
18.530380073515623,73.87681922425843,route_3,18.4684825752409,73.901965564234,18.530653191461774,73.70973295381015,7.375817860011355,17.61592639857704,6,busy,1
18.530380073515623,73.87681922425843,route_4,18.408602136415862,73.87587082059603,18.520230326309324,73.82979563386353,13.541458214681464,5.084681412969681,9,busy,0
18.530380073515623,73.87681922425843,route_5,18.431769736584847,73.96139224313882,18.616715114950075,73.86330375403355,14.134390201991424,9.705141673737705,8,available,0
18.530380073515623,73.87681922425843,route_6,18.67826540463728,73.72096512473394,18.635913870368796,73.72321747318321,23.2416684058485,19.99493170875103,9,available,0
18.530380073515623,73.87681922425843,route_7,18.48171712665482,73.76327581278754,18.582646840333684,73.98496711376072,13.13859320969523,12.796237433442073,1,offline,0
18.530380073515623,73.87681922425843,route_8,18.462018133622998,73.99743939448328,18.407198691898518,73.95179965975407,14.817870240432613,15.816091870117733,1,available,0
18.530380073515623,73.87681922425843,route_9,18.549459685890337,73.70258117726151,18.610627112704925,73.96214979226147,18.49101183077785,12.669583525489617,2,busy,0
18.530380073515623,73.87681922425843,route_10,18.439797083860952,73.76732376630396,18.665889926544153,73.70933023255468,15.322847298970693,23.208085686486253,9,offline,0
18.530380073515623,73.87681922425843,route_11,18.497604458866828,73.7819760813979,18.461176023724313,73.76985624446678,10.643672593562055,13.654298441356898,8,busy,0
18.530380073515623,73.87681922425843,route_12,18.452053246881384,73.73083884114426,18.49490139783674,73.95247713709313,17.687250487130843,8.899609059199355,7,available,0
18.530380073515623,73.87681922425843,route_13,18.61434052948725,73.95910897281446,18.595381819679304,73.79004004237743,12.743357652082995,11.658336467694516,9,busy,0
18.530380073515623,73.87681922425843,route_14,18.498697930986943,73.95439593981811,18.410949644255314,73.80825612427586,8.906057534682112,15.1211504701165,4,busy,0
18.683983010581873,73.72712637419194,route_0,18.614850109927637,73.86302144126736,18.619617102629167,73.82669921131617,16.250595125370317,12.699422152257638,4,offline,0
18.683983010581873,73.72712637419194,route_1,18.490846892322832,73.97446070300018,18.433331378744178,73.95982508422698,33.774771520830086,37.12805108085678,2,offline,0
18.683983010581873,73.72712637419194,route_2,18.45104358908976,73.76409496144304,18.416815889015137,73.86571283980354,26.193162816623886,33.105576309425565,3,available,0
18.683983010581873,73.72712637419194,route_3,18.4684825752409,73.901965564234,18.530653191461774,73.70973295381015,30.229253362820533,17.147744156566308,2,busy,0
18.683983010581873,73.72712637419194,route_4,18.408602136415862,73.87587082059603,18.520230326309324,73.82979563386353,34.402410843754495,21.180601725292718,2,busy,0
18.683983010581873,73.72712637419194,route_5,18.431769736584847,73.96139224313882,18.616715114950075,73.86330375403355,37.36762057148953,16.179827909171596,2,available,0
18.683983010581873,73.72712637419194,route_6,18.67826540463728,73.72096512473394,18.635913870368796,73.72321747318321,0.9085210207978931,5.360884439772683,1,available,1
18.683983010581873,73.72712637419194,route_7,18.48171712665482,73.76327581278754,18.582646840333684,73.98496711376072,22.81137807150869,29.411827916078757,3,offline,0
18.683983010581873,73.72712637419194,route_8,18.462018133622998,73.99743939448328,18.407198691898518,73.95179965975407,37.695658609853304,38.835705737664945,6,available,0
18.683983010581873,73.72712637419194,route_9,18.549459685890337,73.70258117726151,18.610627112704925,73.96214979226147,15.1802835444156,26.070417988674997,5,busy,0
18.683983010581873,73.72712637419194,route_10,18.439797083860952,73.76732376630396,18.665889926544153,73.70933023255468,27.480866528798185,2.749892852473633,6,offline,0
18.683983010581873,73.72712637419194,route_11,18.497604458866828,73.7819760813979,18.461176023724313,73.76985624446678,21.515478435272552,25.18106479577872,8,busy,0
18.683983010581873,73.72712637419194,route_12,18.452053246881384,73.73083884114426,18.49490139783674,73.95247713709313,25.792381754909062,31.71960952766771,3,available,0
18.683983010581873,73.72712637419194,route_13,18.61434052948725,73.95910897281446,18.595381819679304,73.79004004237743,25.638346059402092,11.87443133607638,6,busy,0
18.683983010581873,73.72712637419194,route_14,18.498697930986943,73.95439593981811,18.410949644255314,73.80825612427586,31.594216587035632,31.54160490903799,1,busy,0
18.501497586080877,73.80326734681574,route_0,18.614850109927637,73.86302144126736,18.619617102629167,73.82669921131617,14.090494212438468,13.364521280120202,7,offline,0
18.501497586080877,73.80326734681574,route_1,18.490846892322832,73.97446070300018,18.433331378744178,73.95982508422698,18.091338506059085,18.168577400716963,5,offline,0
18.501497586080877,73.80326734681574,route_2,18.45104358908976,73.76409496144304,18.416815889015137,73.86571283980354,6.967202276431186,11.491066576842266,5,available,0
18.501497586080877,73.80326734681574,route_3,18.4684825752409,73.901965564234,18.530653191461774,73.70973295381015,11.036948747187692,10.381353212947594,2,busy,0
18.501497586080877,73.80326734681574,route_4,18.408602136415862,73.87587082059603,18.520230326309324,73.82979563386353,12.858572363035812,3.4875701639549,4,busy,0
18.501497586080877,73.80326734681574,route_5,18.431769736584847,73.96139224313882,18.616715114950075,73.86330375403355,18.391519879529646,14.289439684186851,4,available,0
18.501497586080877,73.80326734681574,route_6,18.67826540463728,73.72096512473394,18.635913870368796,73.72321747318321,21.484550647557192,17.16365437861453,7,available,0
18.501497586080877,73.80326734681574,route_7,18.48171712665482,73.76327581278754,18.582646840333684,73.98496711376072,4.756371134291501,21.174208778980372,7,offline,0
18.501497586080877,73.80326734681574,route_8,18.462018133622998,73.99743939448328,18.407198691898518,73.95179965975407,20.94265050415728,18.85187048692695,4,available,0
18.501497586080877,73.80326734681574,route_9,18.549459685890337,73.70258117726151,18.610627112704925,73.96214979226147,11.880003358966302,20.68237731592722,2,busy,0
18.501497586080877,73.80326734681574,route_10,18.439797083860952,73.76732376630396,18.665889926544153,73.70933023255468,7.838426328109035,20.78863571712036,6,offline,0
18.501497586080877,73.80326734681574,route_11,18.497604458866828,73.7819760813979,18.461176023724313,73.76985624446678,2.28649727088863,5.702421318763076,2,busy,1
18.501497586080877,73.80326734681574,route_12,18.452053246881384,73.73083884114426,18.49490139783674,73.95247713709313,9.411415258711777,15.751241464284544,4,available,0
18.501497586080877,73.80326734681574,route_13,18.61434052948725,73.95910897281446,18.595381819679304,73.79004004237743,20.671524442523946,10.532164986333523,5,busy,0
18.501497586080877,73.80326734681574,route_14,18.498697930986943,73.95439593981811,18.410949644255314,73.80825612427586,15.939356403125004,10.082212271069473,1,busy,0
18.654023278128022,73.96754054647626,route_0,18.614850109927637,73.86302144126736,18.619617102629167,73.82669921131617,11.842874888967334,15.324866238099252,8,offline,0
18.654023278128022,73.96754054647626,route_1,18.490846892322832,73.97446070300018,18.433331378744178,73.95982508422698,18.15904168529237,24.553295652213425,7,offline,0
18.654023278128022,73.96754054647626,route_2,18.45104358908976,73.76409496144304,18.416815889015137,73.86571283980354,31.13471624500988,28.47727605518956,7,available,0
18.654023278128022,73.96754054647626,route_3,18.4684825752409,73.901965564234,18.530653191461774,73.70973295381015,21.758353814737546,30.437459815858997,2,busy,0
18.654023278128022,73.96754054647626,route_4,18.408602136415862,73.87587082059603,18.520230326309324,73.82979563386353,28.950432939930813,20.786758936557476,6,busy,0
18.654023278128022,73.96754054647626,route_5,18.431769736584847,73.96139224313882,18.616715114950075,73.86330375403355,24.721964640682888,11.740291923393539,8,available,0
18.654023278128022,73.96754054647626,route_6,18.67826540463728,73.72096512473394,18.635913870368796,73.72321747318321,26.115230017459826,25.82031512341635,1,available,0
18.654023278128022,73.96754054647626,route_7,18.48171712665482,73.76327581278754,18.582646840333684,73.98496711376072,28.82132688295172,8.146367433340393,1,offline,0
18.654023278128022,73.96754054647626,route_8,18.462018133622998,73.99743939448328,18.407198691898518,73.95179965975407,21.58137586892176,27.495770336825412,3,available,0
18.654023278128022,73.96754054647626,route_9,18.549459685890337,73.70258117726151,18.610627112704925,73.96214979226147,30.246968858718326,4.858748859964427,8,busy,0
18.654023278128022,73.96754054647626,route_10,18.439797083860952,73.76732376630396,18.665889926544153,73.70933023255468,31.8265760934223,27.23440395097412,5,offline,0
18.654023278128022,73.96754054647626,route_11,18.497604458866828,73.7819760813979,18.461176023724313,73.76985624446678,26.1737388797431,29.90106928259784,9,busy,0
18.654023278128022,73.96754054647626,route_12,18.452053246881384,73.73083884114426,18.49490139783674,73.95247713709313,33.57042206615046,17.764640022448692,5,available,0
18.654023278128022,73.96754054647626,route_13,18.61434052948725,73.95910897281446,18.595381819679304,73.79004004237743,4.501065447596356,19.80759607243155,1,busy,1
18.654023278128022,73.96754054647626,route_14,18.498697930986943,73.95439593981811,18.410949644255314,73.80825612427586,17.326870458106868,31.820628115639828,7,busy,0
18.529707865355682,73.9471240421791,route_0,18.614850109927637,73.86302144126736,18.619617102629167,73.82669921131617,12.96978988895252,16.15747079224886,5,offline,0
18.529707865355682,73.9471240421791,route_1,18.490846892322832,73.97446070300018,18.433331378744178,73.95982508422698,5.194300995953226,10.799960412423454,2,offline,0
18.529707865355682,73.9471240421791,route_2,18.45104358908976,73.76409496144304,18.416815889015137,73.86571283980354,21.190809642769107,15.208498691755205,1,available,0
18.529707865355682,73.9471240421791,route_3,18.4684825752409,73.901965564234,18.530653191461774,73.70973295381015,8.308071878778158,25.02840398934183,1,busy,0
18.529707865355682,73.9471240421791,route_4,18.408602136415862,73.87587082059603,18.520230326309324,73.82979563386353,15.421295058407276,12.41514084589369,2,busy,0
18.529707865355682,73.9471240421791,route_5,18.431769736584847,73.96139224313882,18.616715114950075,73.86330375403355,10.993688198124644,13.101816129916902,1,available,0
18.529707865355682,73.9471240421791,route_6,18.67826540463728,73.72096512473394,18.635913870368796,73.72321747318321,28.998536145311018,26.38919034183863,4,available,0
18.529707865355682,73.9471240421791,route_7,18.48171712665482,73.76327581278754,18.582646840333684,73.98496711376072,20.106973678173926,7.110913410989045,1,offline,0
18.529707865355682,73.9471240421791,route_8,18.462018133622998,73.99743939448328,18.407198691898518,73.95179965975407,9.208895987948814,13.631321228115628,6,available,0
18.529707865355682,73.9471240421791,route_9,18.549459685890337,73.70258117726151,18.610627112704925,73.96214979226147,25.87416137015237,9.136136586168739,8,busy,0
18.529707865355682,73.9471240421791,route_10,18.439797083860952,73.76732376630396,18.665889926544153,73.70933023255468,21.43565472947562,29.2803974868329,3,offline,0
18.529707865355682,73.9471240421791,route_11,18.497604458866828,73.7819760813979,18.461176023724313,73.76985624446678,17.775394826142858,20.18675125223156,3,busy,0
18.529707865355682,73.9471240421791,route_12,18.452053246881384,73.73083884114426,18.49490139783674,73.95247713709313,24.38800343217807,3.9112441839364576,6,available,0
18.529707865355682,73.9471240421791,route_13,18.61434052948725,73.95910897281446,18.595381819679304,73.79004004237743,9.49513243851004,18.097069009907788,4,busy,0
18.529707865355682,73.9471240421791,route_14,18.498697930986943,73.95439593981811,18.410949644255314,73.80825612427586,3.5323681159025466,19.720169925308447,7,busy,1
18.695052873743084,73.84268125975395,route_0,18.614850109927637,73.86302144126736,18.619617102629167,73.82669921131617,9.171981379462702,8.55539350627445,3,offline,1
18.695052873743084,73.84268125975395,route_1,18.490846892322832,73.97446070300018,18.433331378744178,73.95982508422698,26.617301870372412,31.61338280256205,1,offline,0
18.695052873743084,73.84268125975395,route_2,18.45104358908976,73.76409496144304,18.416815889015137,73.86571283980354,28.368827886474126,31.03365596441056,7,available,0
18.695052873743084,73.84268125975395,route_3,18.4684825752409,73.901965564234,18.530653191461774,73.70973295381015,25.95677321038033,23.03155415631479,4,busy,0
18.695052873743084,73.84268125975395,route_4,18.408602136415862,73.87587082059603,18.520230326309324,73.82979563386353,32.04344979244723,19.486750487280936,9,busy,0
18.695052873743084,73.84268125975395,route_5,18.431769736584847,73.96139224313882,18.616715114950075,73.86330375403355,31.83789278234528,8.977621051277383,5,available,0
18.695052873743084,73.84268125975395,route_6,18.67826540463728,73.72096512473394,18.635913870368796,73.72321747318321,12.955939075756168,14.199560837907143,6,available,0
18.695052873743084,73.84268125975395,route_7,18.48171712665482,73.76327581278754,18.582646840333684,73.98496711376072,25.154806063725946,19.518562106318978,9,offline,0
18.695052873743084,73.84268125975395,route_8,18.462018133622998,73.99743939448328,18.407198691898518,73.95179965975407,30.618828692090368,34.01213019062254,8,available,0
18.695052873743084,73.84268125975395,route_9,18.549459685890337,73.70258117726151,18.610627112704925,73.96214979226147,21.909612293617897,15.701901359075546,8,busy,0
18.695052873743084,73.84268125975395,route_10,18.439797083860952,73.76732376630396,18.665889926544153,73.70933023255468,29.473679141428455,14.416258958015712,6,offline,0
18.695052873743084,73.84268125975395,route_11,18.497604458866828,73.7819760813979,18.461176023724313,73.76985624446678,22.868400585561258,27.115043951006776,2,busy,0
18.695052873743084,73.84268125975395,route_12,18.452053246881384,73.73083884114426,18.49490139783674,73.95247713709313,29.47996138717945,25.084240227717082,6,available,0
18.695052873743084,73.84268125975395,route_13,18.61434052948725,73.95910897281446,18.595381819679304,73.79004004237743,15.19876333397846,12.393209382299847,1,busy,0
18.695052873743084,73.84268125975395,route_14,18.498697930986943,73.95439593981811,18.410949644255314,73.80825612427586,24.805731270798667,31.798590686706557,5,busy,0
18.41005987519176,73.9951670922685,route_0,18.614850109927637,73.86302144126736,18.619617102629167,73.82669921131617,26.696288826223935,29.300166546012186,8,offline,0
18.41005987519176,73.9951670922685,route_1,18.490846892322832,73.97446070300018,18.433331378744178,73.95982508422698,9.244807665161064,4.538453224477342,5,offline,0
18.41005987519176,73.9951670922685,route_2,18.45104358908976,73.76409496144304,18.416815889015137,73.86571283980354,24.798465731409014,13.678322605609772,5,available,0
18.41005987519176,73.9951670922685,route_3,18.4684825752409,73.901965564234,18.530653191461774,73.70973295381015,11.783876736752307,32.955340972168635,3,busy,0
18.41005987519176,73.9951670922685,route_4,18.408602136415862,73.87587082059603,18.520230326309324,73.82979563386353,12.587334728226214,21.314013966276008,9,busy,0
18.41005987519176,73.9951670922685,route_5,18.431769736584847,73.96139224313882,18.616715114950075,73.86330375403355,4.3039073971357,26.85793753102395,9,available,1
18.41005987519176,73.9951670922685,route_6,18.67826540463728,73.72096512473394,18.635913870368796,73.72321747318321,41.53333198481399,38.116108059712886,6,available,0
18.41005987519176,73.9951670922685,route_7,18.48171712665482,73.76327581278754,18.582646840333684,73.98496711376072,25.725419998689944,19.22091361733399,3,offline,0
18.41005987519176,73.9951670922685,route_8,18.462018133622998,73.99743939448328,18.407198691898518,73.95179965975407,5.78246503671597,4.586524778202496,1,available,0
18.41005987519176,73.9951670922685,route_9,18.549459685890337,73.70258117726151,18.610627112704925,73.96214979226147,34.5309738973606,22.572154110778218,9,busy,0
18.41005987519176,73.9951670922685,route_10,18.439797083860952,73.76732376630396,18.665889926544153,73.70933023255468,24.262687934818285,41.44050335286451,8,offline,0
18.41005987519176,73.9951670922685,route_11,18.497604458866828,73.7819760813979,18.461176023724313,73.76985624446678,24.503389372410286,24.437845952041336,8,busy,0
18.41005987519176,73.9951670922685,route_12,18.452053246881384,73.73083884114426,18.49490139783674,73.95247713709313,28.272555492064534,10.45346922556871,6,available,0
18.41005987519176,73.9951670922685,route_13,18.61434052948725,73.95910897281446,18.595381819679304,73.79004004237743,23.03096301395844,29.874760086814646,9,busy,0
18.41005987519176,73.9951670922685,route_14,18.498697930986943,73.95439593981811,18.410949644255314,73.80825612427586,10.753431533144816,19.720057541182683,5,busy,0
18.680894895131196,73.90439048598074,route_0,18.614850109927637,73.86302144126736,18.619617102629167,73.82669921131617,8.53984034168388,10.650146860365417,5,offline,1
18.680894895131196,73.90439048598074,route_1,18.490846892322832,73.97446070300018,18.433331378744178,73.95982508422698,22.385641203226754,28.1412022016416,8,offline,0
18.680894895131196,73.90439048598074,route_2,18.45104358908976,73.76409496144304,18.416815889015137,73.86571283980354,29.528283967643656,29.6459716147088,8,available,0
18.680894895131196,73.90439048598074,route_3,18.4684825752409,73.901965564234,18.530653191461774,73.70973295381015,23.620555228833283,26.455721420175173,5,busy,0
18.680894895131196,73.90439048598074,route_4,18.408602136415862,73.87587082059603,18.520230326309324,73.82979563386353,30.426484020756636,19.518230322089266,3,busy,0
18.680894895131196,73.90439048598074,route_5,18.431769736584847,73.96139224313882,18.616715114950075,73.86330375403355,28.34565160491863,8.346697562054656,6,available,0
18.680894895131196,73.90439048598074,route_6,18.67826540463728,73.72096512473394,18.635913870368796,73.72321747318321,19.32381263020505,19.731186741599913,4,available,0
18.680894895131196,73.90439048598074,route_7,18.48171712665482,73.76327581278754,18.582646840333684,73.98496711376072,26.678244573902735,13.835870263201736,2,offline,0
18.680894895131196,73.90439048598074,route_8,18.462018133622998,73.99743939448328,18.407198691898518,73.95179965975407,26.23985815391233,30.8412913203532,2,available,0
18.680894895131196,73.90439048598074,route_9,18.549459685890337,73.70258117726151,18.610627112704925,73.96214979226147,25.804003628343636,9.903644320417108,5,busy,0
18.680894895131196,73.90439048598074,route_10,18.439797083860952,73.76732376630396,18.665889926544153,73.70933023255468,30.45440766247095,20.615571010210886,1,offline,0
18.680894895131196,73.90439048598074,route_11,18.497604458866828,73.7819760813979,18.461176023724313,73.76985624446678,24.121310519795102,28.248763281784807,6,busy,0
18.680894895131196,73.90439048598074,route_12,18.452053246881384,73.73083884114426,18.49490139783674,73.95247713709313,31.339416417188936,21.29345254039183,3,available,0
18.680894895131196,73.90439048598074,route_13,18.61434052948725,73.95910897281446,18.595381819679304,73.79004004237743,9.380980045289693,15.348505180165617,7,busy,0
18.680894895131196,73.90439048598074,route_14,18.498697930986943,73.95439593981811,18.410949644255314,73.80825612427586,20.933652896142814,31.681244334171968,3,busy,0
18.423685048449524,73.90869820319097,route_0,18.614850109927637,73.86302144126736,18.619617102629167,73.82669921131617,21.795329591225883,23.439377785602723,6,offline,0
18.423685048449524,73.90869820319097,route_1,18.490846892322832,73.97446070300018,18.433331378744178,73.95982508422698,10.192358407031689,5.499137320523506,4,offline,0
18.423685048449524,73.90869820319097,route_2,18.45104358908976,73.76409496144304,18.416815889015137,73.86571283980354,15.554197809696353,4.598736330855962,3,available,0
18.423685048449524,73.90869820319097,route_3,18.4684825752409,73.901965564234,18.530653191461774,73.70973295381015,5.031627196933778,24.120099347619096,9,busy,0
18.423685048449524,73.90869820319097,route_4,18.408602136415862,73.87587082059603,18.520230326309324,73.82979563386353,3.8480187911376857,13.582917883303718,1,busy,1
18.423685048449524,73.90869820319097,route_5,18.431769736584847,73.96139224313882,18.616715114950075,73.86330375403355,5.631084729987155,21.991127029473034,2,available,0
18.423685048449524,73.90869820319097,route_6,18.67826540463728,73.72096512473394,18.635913870368796,73.72321747318321,34.539851581532176,30.648187636878408,3,available,0
18.423685048449524,73.90869820319097,route_7,18.48171712665482,73.76327581278754,18.582646840333684,73.98496711376072,16.640903252585744,19.419338941899987,6,offline,0
18.423685048449524,73.90869820319097,route_8,18.462018133622998,73.99743939448328,18.407198691898518,73.95179965975407,10.285544068551149,4.902853090742942,6,available,0
18.423685048449524,73.90869820319097,route_9,18.549459685890337,73.70258117726151,18.610627112704925,73.96214979226147,25.847031863184025,21.537465062577365,5,busy,0
18.423685048449524,73.90869820319097,route_10,18.439797083860952,73.76732376630396,18.665889926544153,73.70933023255468,15.020918531456648,34.16238992907165,8,offline,0
18.423685048449524,73.90869820319097,route_11,18.497604458866828,73.7819760813979,18.461176023724313,73.76985624446678,15.690860574314991,15.227389682352207,6,busy,0
18.423685048449524,73.90869820319097,route_12,18.452053246881384,73.73083884114426,18.49490139783674,73.95247713709313,19.025169747948382,9.166816133181023,9,available,0
18.423685048449524,73.90869820319097,route_13,18.61434052948725,73.95910897281446,18.595381819679304,73.79004004237743,21.856066245165106,22.82627245493765,9,busy,0
18.423685048449524,73.90869820319097,route_14,18.498697930986943,73.95439593981811,18.410949644255314,73.80825612427586,9.633494102743835,10.690802259702224,5,busy,0
18.47703893741162,73.86754166246601,route_0,18.614850109927637,73.86302144126736,18.619617102629167,73.82669921131617,15.3313105965962,16.42821468639468,6,offline,0
18.47703893741162,73.86754166246601,route_1,18.490846892322832,73.97446070300018,18.433331378744178,73.95982508422698,11.379593655921028,10.879587674722675,3,offline,0
18.47703893741162,73.86754166246601,route_2,18.45104358908976,73.76409496144304,18.416815889015137,73.86571283980354,11.287020789572036,6.699275416920659,8,available,0
18.47703893741162,73.86754166246601,route_3,18.4684825752409,73.901965564234,18.530653191461774,73.70973295381015,3.753131385816894,17.676047859978457,7,busy,1
18.47703893741162,73.86754166246601,route_4,18.408602136415862,73.87587082059603,18.520230326309324,73.82979563386353,7.660376101889566,6.237659562464068,4,busy,0
18.47703893741162,73.86754166246601,route_5,18.431769736584847,73.96139224313882,18.616715114950075,73.86330375403355,11.10538577802263,15.537706540367545,8,available,0
18.47703893741162,73.86754166246601,route_6,18.67826540463728,73.72096512473394,18.635913870368796,73.72321747318321,27.190755278591585,23.314150017954184,6,available,0
18.47703893741162,73.86754166246601,route_7,18.48171712665482,73.76327581278754,18.582646840333684,73.98496711376072,11.008327270268415,17.063677406426397,6,offline,0
18.47703893741162,73.86754166246601,route_8,18.462018133622998,73.99743939448328,18.407198691898518,73.95179965975407,13.801430531189633,11.80269835810576,1,available,0
18.47703893741162,73.86754166246601,route_9,18.549459685890337,73.70258117726151,18.610627112704925,73.96214979226147,19.167235242855835,17.892086826436955,9,busy,0
18.47703893741162,73.86754166246601,route_10,18.439797083860952,73.76732376630396,18.665889926544153,73.70933023255468,11.352642218289661,26.815398562925633,7,offline,0
18.47703893741162,73.86754166246601,route_11,18.497604458866828,73.7819760813979,18.461176023724313,73.76985624446678,9.308710310566152,10.45256703473705,6,busy,0
18.47703893741162,73.86754166246601,route_12,18.452053246881384,73.73083884114426,18.49490139783674,73.95247713709313,14.683365941883148,9.174652682049954,6,available,0
18.47703893741162,73.86754166246601,route_13,18.61434052948725,73.95910897281446,18.595381819679304,73.79004004237743,18.062960894151427,15.489457990027272,6,busy,0
18.47703893741162,73.86754166246601,route_14,18.498697930986943,73.95439593981811,18.410949644255314,73.80825612427586,9.470665233816304,9.649489523058637,5,busy,0
18.479462998780072,73.82753178327111,route_0,18.614850109927637,73.86302144126736,18.619617102629167,73.82669921131617,15.51228990257798,15.584672440678375,7,offline,0
18.479462998780072,73.82753178327111,route_1,18.490846892322832,73.97446070300018,18.433331378744178,73.95982508422698,15.546436732167553,14.86670652733961,4,offline,0
18.479462998780072,73.82753178327111,route_2,18.45104358908976,73.76409496144304,18.416815889015137,73.86571283980354,7.399428823903337,8.046451301519992,7,available,0
18.479462998780072,73.82753178327111,route_3,18.4684825752409,73.901965564234,18.530653191461774,73.70973295381015,7.944527267961529,13.663471118906495,6,busy,0
18.479462998780072,73.82753178327111,route_4,18.408602136415862,73.87587082059603,18.520230326309324,73.82979563386353,9.385296709824745,4.539401320946717,3,busy,0
18.479462998780072,73.82753178327111,route_5,18.431769736584847,73.96139224313882,18.616715114950075,73.86330375403355,15.082199537483232,15.720734268116733,7,available,0
18.479462998780072,73.82753178327111,route_6,18.67826540463728,73.72096512473394,18.635913870368796,73.72321747318321,24.795725095259908,20.580426245704366,5,available,0
18.479462998780072,73.82753178327111,route_7,18.48171712665482,73.76327581278754,18.582646840333684,73.98496711376072,6.781115125772559,20.17787818554341,7,offline,0
18.479462998780072,73.82753178327111,route_8,18.462018133622998,73.99743939448328,18.407198691898518,73.95179965975407,18.024292404894567,15.375096616293037,5,available,0
18.479462998780072,73.82753178327111,route_9,18.549459685890337,73.70258117726151,18.610627112704925,73.96214979226147,15.302093737660831,20.349848878210167,7,busy,0
18.479462998780072,73.82753178327111,route_10,18.439797083860952,73.76732376630396,18.665889926544153,73.70933023255468,7.731807849626434,24.185654337285865,6,offline,0
18.479462998780072,73.82753178327111,route_11,18.497604458866828,73.7819760813979,18.461176023724313,73.76985624446678,5.2104479961418635,6.413741543414422,6,busy,1
18.479462998780072,73.82753178327111,route_12,18.452053246881384,73.73083884114426,18.49490139783674,73.95247713709313,10.6438859822312,13.287677988500898,5,available,0
18.479462998780072,73.82753178327111,route_13,18.61434052948725,73.95910897281446,18.595381819679304,73.79004004237743,20.428686890211225,13.482002226044857,4,busy,0
18.479462998780072,73.82753178327111,route_14,18.498697930986943,73.95439593981811,18.410949644255314,73.80825612427586,13.548411549415285,7.884995017930668,9,busy,0
18.678283526045846,73.85224831184063,route_0,18.614850109927637,73.86302144126736,18.619617102629167,73.82669921131617,7.144214840563905,7.05694547209177,6,offline,1
18.678283526045846,73.85224831184063,route_1,18.490846892322832,73.97446070300018,18.433331378744178,73.95982508422698,24.50108341844949,29.503836405621026,3,offline,0
18.678283526045846,73.85224831184063,route_2,18.45104358908976,73.76409496144304,18.416815889015137,73.86571283980354,26.92233338051825,29.108503036300856,2,available,0
18.678283526045846,73.85224831184063,route_3,18.4684825752409,73.901965564234,18.530653191461774,73.70973295381015,23.910132483256834,22.249565293127358,8,busy,0
18.678283526045846,73.85224831184063,route_4,18.408602136415862,73.87587082059603,18.520230326309324,73.82979563386353,30.09043107686858,17.733291221323817,2,busy,0
18.678283526045846,73.85224831184063,route_5,18.431769736584847,73.96139224313882,18.616715114950075,73.86330375403355,29.72778486799423,6.944473805171657,9,available,0
18.678283526045846,73.85224831184063,route_6,18.67826540463728,73.72096512473394,18.635913870368796,73.72321747318321,13.829172243205086,14.386886152369769,5,available,0
18.678283526045846,73.85224831184063,route_7,18.48171712665482,73.76327581278754,18.582646840333684,73.98496711376072,23.783960590227927,17.5684445244401,4,offline,0
18.678283526045846,73.85224831184063,route_8,18.462018133622998,73.99743939448328,18.407198691898518,73.95179965975407,28.50434915326187,31.91801389317712,2,available,0
18.678283526045846,73.85224831184063,route_9,18.549459685890337,73.70258117726151,18.610627112704925,73.96214979226147,21.30584458077652,13.808449921590864,7,busy,0
18.678283526045846,73.85224831184063,route_10,18.439797083860952,73.76732376630396,18.665889926544153,73.70933023255468,27.988744184496706,15.118265081557253,2,offline,0
18.678283526045846,73.85224831184063,route_11,18.497604458866828,73.7819760813979,18.461176023724313,73.76985624446678,21.412270954162956,25.65584178198825,6,busy,0
18.678283526045846,73.85224831184063,route_12,18.452053246881384,73.73083884114426,18.49490139783674,73.95247713709313,28.223845740971736,22.96497516341205,9,available,0
18.678283526045846,73.85224831184063,route_13,18.61434052948725,73.95910897281446,18.595381819679304,73.79004004237743,13.315835800151973,11.310964289162214,9,busy,0
18.678283526045846,73.85224831184063,route_14,18.498697930986943,73.95439593981811,18.410949644255314,73.80825612427586,22.686180331353054,30.085770532981,3,busy,0
18.592862720584133,73.7103363400782,route_0,18.614850109927637,73.86302144126736,18.619617102629167,73.82669921131617,16.27534903208055,12.618393985798278,5,offline,0
18.592862720584133,73.7103363400782,route_1,18.490846892322832,73.97446070300018,18.433331378744178,73.95982508422698,30.066749065264197,31.728441194345663,6,offline,0
18.592862720584133,73.7103363400782,route_2,18.45104358908976,73.76409496144304,18.416815889015137,73.86571283980354,16.7572696043829,25.52703163870571,4,available,0
18.592862720584133,73.7103363400782,route_3,18.4684825752409,73.901965564234,18.530653191461774,73.70973295381015,24.48387332205828,6.917676428464233,4,busy,0
18.592862720584133,73.7103363400782,route_4,18.408602136415862,73.87587082059603,18.520230326309324,73.82979563386353,26.916184228141503,14.960040597933489,5,busy,0
18.592862720584133,73.7103363400782,route_5,18.431769736584847,73.96139224313882,18.616715114950075,73.86330375403355,31.96267034086505,16.337059293441833,8,available,0
18.592862720584133,73.7103363400782,route_6,18.67826540463728,73.72096512473394,18.635913870368796,73.72321747318321,9.562152057917219,4.975795468296527,1,available,0
18.592862720584133,73.7103363400782,route_7,18.48171712665482,73.76327581278754,18.582646840333684,73.98496711376072,13.560612350534868,28.96688429472741,6,offline,0
18.592862720584133,73.7103363400782,route_8,18.462018133622998,73.99743939448328,18.407198691898518,73.95179965975407,33.58484145950187,32.77994507165108,2,available,0
18.592862720584133,73.7103363400782,route_9,18.549459685890337,73.70258117726151,18.610627112704925,73.96214979226147,4.894933603783736,26.611013715171783,4,busy,1
18.592862720584133,73.7103363400782,route_10,18.439797083860952,73.76732376630396,18.665889926544153,73.70933023255468,18.049620006013324,8.120946792041988,9,offline,0
18.592862720584133,73.7103363400782,route_11,18.497604458866828,73.7819760813979,18.461176023724313,73.76985624446678,13.00896045000804,15.930907027079579,3,busy,0
18.592862720584133,73.7103363400782,route_12,18.452053246881384,73.73083884114426,18.49490139783674,73.95247713709313,15.805817674689225,27.75383734354561,2,available,0
18.592862720584133,73.7103363400782,route_13,18.61434052948725,73.95910897281446,18.595381819679304,73.79004004237743,26.325406954135392,8.404696102760239,9,busy,0
18.592862720584133,73.7103363400782,route_14,18.498697930986943,73.95439593981811,18.410949644255314,73.80825612427586,27.777875198351566,22.710751807070153,3,busy,0
18.53950628328387,73.80773305439375,route_0,18.614850109927637,73.86302144126736,18.619617102629167,73.82669921131617,10.205276814459122,9.1294626028338,8,offline,0
18.53950628328387,73.80773305439375,route_1,18.490846892322832,73.97446070300018,18.433331378744178,73.95982508422698,18.39348030067787,19.915816985114013,7,offline,0
18.53950628328387,73.80773305439375,route_2,18.45104358908976,73.76409496144304,18.416815889015137,73.86571283980354,10.859764689277023,14.950197586607894,6,available,0
18.53950628328387,73.80773305439375,route_3,18.4684825752409,73.901965564234,18.530653191461774,73.70973295381015,12.69265812825702,10.378663564918014,8,busy,0
18.53950628328387,73.80773305439375,route_4,18.408602136415862,73.87587082059603,18.520230326309324,73.82979563386353,16.233114944944965,3.163020324248424,4,busy,0
18.53950628328387,73.80773305439375,route_5,18.431769736584847,73.96139224313882,18.616715114950075,73.86330375403355,20.151956156257626,10.392919607883128,1,available,0
18.53950628328387,73.80773305439375,route_6,18.67826540463728,73.72096512473394,18.635913870368796,73.72321747318321,17.935202857723944,13.937807775341298,1,available,0
18.53950628328387,73.80773305439375,route_7,18.48171712665482,73.76327581278754,18.582646840333684,73.98496711376072,7.953989519617915,19.288462338068157,1,offline,0
18.53950628328387,73.80773305439375,route_8,18.462018133622998,73.99743939448328,18.407198691898518,73.95179965975407,21.7809287037697,21.14943884867102,7,available,0
18.53950628328387,73.80773305439375,route_9,18.549459685890337,73.70258117726151,18.610627112704925,73.96214979226147,11.140366838721144,18.09546419643004,7,busy,0
18.53950628328387,73.80773305439375,route_10,18.439797083860952,73.76732376630396,18.665889926544153,73.70933023255468,11.877891227293166,17.465232424519996,5,offline,0
18.53950628328387,73.80773305439375,route_11,18.497604458866828,73.7819760813979,18.461176023724313,73.76985624446678,5.3929658332837915,9.58203066778835,6,busy,1
18.53950628328387,73.80773305439375,route_12,18.452053246881384,73.73083884114426,18.49490139783674,73.95247713709313,12.661439843407084,16.047272214095823,9,available,0
18.53950628328387,73.80773305439375,route_13,18.61434052948725,73.95910897281446,18.595381819679304,73.79004004237743,17.994754435298642,6.486943018692877,3,busy,0
18.53950628328387,73.80773305439375,route_14,18.498697930986943,73.95439593981811,18.410949644255314,73.80825612427586,16.115719907533702,14.29495248936799,2,busy,0
18.41758971874603,73.7209988142331,route_0,18.614850109927637,73.86302144126736,18.619617102629167,73.82669921131617,26.55855898005411,25.07699769452988,8,offline,0
18.41758971874603,73.7209988142331,route_1,18.490846892322832,73.97446070300018,18.433331378744178,73.95982508422698,27.947835659895997,25.255608154059136,1,offline,0
18.41758971874603,73.7209988142331,route_2,18.45104358908976,73.76409496144304,18.416815889015137,73.86571283980354,5.874127909881246,15.267521921943352,3,available,0
18.41758971874603,73.7209988142331,route_3,18.4684825752409,73.901965564234,18.530653191461774,73.70973295381015,19.910218386669595,12.628104029722047,8,busy,0
18.41758971874603,73.7209988142331,route_4,18.408602136415862,73.87587082059603,18.520230326309324,73.82979563386353,16.369866894800435,16.184096085925635,4,busy,0
18.41758971874603,73.7209988142331,route_5,18.431769736584847,73.96139224313882,18.616715114950075,73.86330375403355,25.409288557145622,26.746727541854998,9,available,0
18.41758971874603,73.7209988142331,route_6,18.67826540463728,73.72096512473394,18.635913870368796,73.72321747318321,28.98581398827437,24.27766496464285,5,available,0
18.41758971874603,73.7209988142331,route_7,18.48171712665482,73.76327581278754,18.582646840333684,73.98496711376072,8.410232550743974,33.34133034545365,3,offline,0
18.41758971874603,73.7209988142331,route_8,18.462018133622998,73.99743939448328,18.407198691898518,73.95179965975407,29.576060295165995,24.37748598478,8,available,0
18.41758971874603,73.7209988142331,route_9,18.549459685890337,73.70258117726151,18.610627112704925,73.96214979226147,14.79135115300951,33.27562394757472,9,busy,0
18.41758971874603,73.7209988142331,route_10,18.439797083860952,73.76732376630396,18.665889926544153,73.70933023255468,5.475386150826034,27.63711382810145,5,offline,0
18.41758971874603,73.7209988142331,route_11,18.497604458866828,73.7819760813979,18.461176023724313,73.76985624446678,10.978425492254148,7.074653119055917,5,busy,0
18.41758971874603,73.7209988142331,route_12,18.452053246881384,73.73083884114426,18.49490139783674,73.95247713709313,3.970263732075028,25.88457308636523,1,available,1
18.41758971874603,73.7209988142331,route_13,18.61434052948725,73.95910897281446,18.595381819679304,73.79004004237743,33.30086969832207,21.06739580468956,4,busy,0
18.41758971874603,73.7209988142331,route_14,18.498697930986943,73.95439593981811,18.410949644255314,73.80825612427586,26.21750999755677,9.235334633598235,3,busy,0
18.503363024119025,73.8483956021823,route_0,18.614850109927637,73.86302144126736,18.619617102629167,73.82669921131617,12.49230088705502,13.127617184709015,3,offline,0
18.503363024119025,73.8483956021823,route_1,18.490846892322832,73.97446070300018,18.433331378744178,73.95982508422698,13.366288036284564,14.098078303103541,5,offline,0
18.503363024119025,73.8483956021823,route_2,18.45104358908976,73.76409496144304,18.416815889015137,73.86571283980354,10.624855981646899,9.795399326246955,6,available,0
18.503363024119025,73.8483956021823,route_3,18.4684825752409,73.901965564234,18.530653191461774,73.70973295381015,6.852602104347501,14.931948907685426,1,busy,1
18.503363024119025,73.8483956021823,route_4,18.408602136415862,73.87587082059603,18.520230326309324,73.82979563386353,10.928180671748528,2.7136800328197395,3,busy,0
18.503363024119025,73.8483956021823,route_5,18.431769736584847,73.96139224313882,18.616715114950075,73.86330375403355,14.331921243447265,12.70176688600394,5,available,0
18.503363024119025,73.8483956021823,route_6,18.67826540463728,73.72096512473394,18.635913870368796,73.72321747318321,23.634847209896492,19.782122748483,6,available,0
18.503363024119025,73.8483956021823,route_7,18.48171712665482,73.76327581278754,18.582646840333684,73.98496711376072,9.293268480074119,16.882363768532706,1,offline,0
18.503363024119025,73.8483956021823,route_8,18.462018133622998,73.99743939448328,18.407198691898518,73.95179965975407,16.3766105576612,15.274013376124795,3,available,0
18.503363024119025,73.8483956021823,route_9,18.549459685890337,73.70258117726151,18.610627112704925,73.96214979226147,16.205551014061932,16.912967239170705,4,busy,0
18.503363024119025,73.8483956021823,route_10,18.439797083860952,73.76732376630396,18.665889926544153,73.70933023255468,11.093600104079497,23.268669265980648,5,offline,0
18.503363024119025,73.8483956021823,route_11,18.497604458866828,73.7819760813979,18.461176023724313,73.76985624446678,7.033047304397388,9.518876843270442,8,busy,0
18.503363024119025,73.8483956021823,route_12,18.452053246881384,73.73083884114426,18.49490139783674,73.95247713709313,13.647622618699371,11.015582609261708,1,available,0
18.503363024119025,73.8483956021823,route_13,18.61434052948725,73.95910897281446,18.595381819679304,73.79004004237743,16.984731924175218,11.938939126290299,6,busy,0
18.503363024119025,73.8483956021823,route_14,18.498697930986943,73.95439593981811,18.410949644255314,73.80825612427586,11.18956919464369,11.113885573712418,3,busy,0
18.65522337153688,73.85962477619626,route_0,18.614850109927637,73.86302144126736,18.619617102629167,73.82669921131617,4.503544936148394,5.264091016984876,5,offline,1
18.65522337153688,73.85962477619626,route_1,18.490846892322832,73.97446070300018,18.433331378744178,73.95982508422698,21.922340277214065,26.839380146404583,7,offline,0
18.65522337153688,73.85962477619626,route_2,18.45104358908976,73.76409496144304,18.416815889015137,73.86571283980354,24.83692384864622,26.517471425650385,6,available,0
18.65522337153688,73.85962477619626,route_3,18.4684825752409,73.901965564234,18.530653191461774,73.70973295381015,21.23887186793931,21.01001945993899,8,busy,0
18.65522337153688,73.85962477619626,route_4,18.408602136415862,73.87587082059603,18.520230326309324,73.82979563386353,27.476467766361584,15.336232734985837,8,busy,0
18.65522337153688,73.85962477619626,route_5,18.431769736584847,73.96139224313882,18.616715114950075,73.86330375403355,27.064183716343084,4.299432886457073,1,available,0
18.65522337153688,73.85962477619626,route_6,18.67826540463728,73.72096512473394,18.635913870368796,73.72321747318321,14.830194696395976,14.53121258894501,8,available,0
18.65522337153688,73.85962477619626,route_7,18.48171712665482,73.76327581278754,18.582646840333684,73.98496711376072,21.80277006260947,15.47831062599303,8,offline,0
18.65522337153688,73.85962477619626,route_8,18.462018133622998,73.99743939448328,18.407198691898518,73.95179965975407,25.934212649791363,29.241143208096812,9,available,0
18.65522337153688,73.85962477619626,route_9,18.549459685890337,73.70258117726151,18.610627112704925,73.96214979226147,20.303039587815448,11.886510883130153,9,busy,0
18.65522337153688,73.85962477619626,route_10,18.439797083860952,73.76732376630396,18.665889926544153,73.70933023255468,25.85513593178199,15.877815091555348,4,offline,0
18.65522337153688,73.85962477619626,route_11,18.497604458866828,73.7819760813979,18.461176023724313,73.76985624446678,19.343169614323223,23.560859857182148,9,busy,0
18.65522337153688,73.85962477619626,route_12,18.452053246881384,73.73083884114426,18.49490139783674,73.95247713709313,26.356866736922445,20.3367714015346,6,available,0
18.65522337153688,73.85962477619626,route_13,18.61434052948725,73.95910897281446,18.595381819679304,73.79004004237743,11.425511965496499,9.901436958414275,1,busy,0
18.65522337153688,73.85962477619626,route_14,18.498697930986943,73.95439593981811,18.410949644255314,73.80825612427586,20.067595130805362,27.696644193772563,5,busy,0
18.50223729169633,73.76930293723959,route_0,18.614850109927637,73.86302144126736,18.619617102629167,73.82669921131617,15.949820161835799,14.386130817205448,4,offline,0
18.50223729169633,73.76930293723959,route_1,18.490846892322832,73.97446070300018,18.433331378744178,73.95982508422698,21.671114718474488,21.50532455795444,9,offline,0
18.50223729169633,73.76930293723959,route_2,18.45104358908976,73.76409496144304,18.416815889015137,73.86571283980354,5.718916302177289,13.914836662610849,2,available,0
18.50223729169633,73.76930293723959,route_3,18.4684825752409,73.901965564234,18.530653191461774,73.70973295381015,14.485038873332314,7.0309614071631685,7,busy,0
18.50223729169633,73.76930293723959,route_4,18.408602136415862,73.87587082059603,18.520230326309324,73.82979563386353,15.321573779765345,6.68488737188423,8,busy,0
18.50223729169633,73.76930293723959,route_5,18.431769736584847,73.96139224313882,18.616715114950075,73.86330375403355,21.72196344454807,16.131372032715092,4,available,0
18.50223729169633,73.76930293723959,route_6,18.67826540463728,73.72096512473394,18.635913870368796,73.72321747318321,20.22555033073517,15.637785388079614,6,available,0
18.50223729169633,73.76930293723959,route_7,18.48171712665482,73.76327581278754,18.582646840333684,73.98496711376072,2.3686060818584007,24.430800247640818,2,offline,0
18.50223729169633,73.76930293723959,route_8,18.462018133622998,73.99743939448328,18.407198691898518,73.95179965975407,24.471335419316766,21.959231220763876,3,available,0
18.50223729169633,73.76930293723959,route_9,18.549459685890337,73.70258117726151,18.610627112704925,73.96214979226147,8.77828943785053,23.632992544512405,6,busy,0
18.50223729169633,73.76930293723959,route_10,18.439797083860952,73.76732376630396,18.665889926544153,73.70933023255468,6.946171363331648,19.263890878762,8,offline,0
18.50223729169633,73.76930293723959,route_11,18.497604458866828,73.7819760813979,18.461176023724313,73.76985624446678,1.4322209723821917,4.5661775380745455,2,busy,1
18.50223729169633,73.76930293723959,route_12,18.452053246881384,73.73083884114426,18.49490139783674,73.95247713709313,6.89885608802538,19.332872721508767,9,available,0
18.50223729169633,73.76930293723959,route_13,18.61434052948725,73.95910897281446,18.595381819679304,73.79004004237743,23.573364202603223,10.5853912211138,9,busy,0
18.50223729169633,73.76930293723959,route_14,18.498697930986943,73.95439593981811,18.410949644255314,73.80825612427586,19.521744500066493,10.950699592142385,8,busy,0
18.41158570573048,73.75705418347682,route_0,18.614850109927637,73.86302144126736,18.619617102629167,73.82669921131617,25.21290390347082,24.26963665441715,3,offline,0
18.41158570573048,73.75705418347682,route_1,18.490846892322832,73.97446070300018,18.433331378744178,73.95982508422698,24.567109735835437,21.527831893792484,9,offline,0
18.41158570573048,73.75705418347682,route_2,18.45104358908976,73.76409496144304,18.416815889015137,73.86571283980354,4.449939473683228,11.478393143810893,7,available,0
18.41158570573048,73.75705418347682,route_3,18.4684825752409,73.901965564234,18.530653191461774,73.70973295381015,16.543589150087264,14.149127397850433,5,busy,0
18.41158570573048,73.75705418347682,route_4,18.408602136415862,73.87587082059603,18.520230326309324,73.82979563386353,12.540021104866113,14.310973529823674,2,busy,0
18.41158570573048,73.75705418347682,route_5,18.431769736584847,73.96139224313882,18.616715114950075,73.86330375403355,21.673551341436657,25.412055988008326,9,available,0
18.41158570573048,73.75705418347682,route_6,18.67826540463728,73.72096512473394,18.635913870368796,73.72321747318321,29.89649531395877,25.19797932833247,7,available,0
18.41158570573048,73.75705418347682,route_7,18.48171712665482,73.76327581278754,18.582646840333684,73.98496711376072,7.825823775403849,30.64986187180698,2,offline,0
18.41158570573048,73.75705418347682,route_8,18.462018133622998,73.99743939448328,18.407198691898518,73.95179965975407,25.970346038500956,20.55230211982062,6,available,0
18.41158570573048,73.75705418347682,route_9,18.549459685890337,73.70258117726151,18.610627112704925,73.96214979226147,16.371878430367108,30.943693750891008,3,busy,0
18.41158570573048,73.75705418347682,route_10,18.439797083860952,73.76732376630396,18.665889926544153,73.70933023255468,3.3187726932671366,28.721451257015378,8,offline,1
18.41158570573048,73.75705418347682,route_11,18.497604458866828,73.7819760813979,18.461176023724313,73.76985624446678,9.919490441734096,5.677152408429613,8,busy,0
18.41158570573048,73.75705418347682,route_12,18.452053246881384,73.73083884114426,18.49490139783674,73.95247713709313,5.281658503045769,22.598926871577422,7,available,0
18.41158570573048,73.75705418347682,route_13,18.61434052948725,73.95910897281446,18.595381819679304,73.79004004237743,31.019114522898537,20.73106726385505,1,busy,0
18.41158570573048,73.75705418347682,route_14,18.498697930986943,73.95439593981811,18.410949644255314,73.80825612427586,22.95836786988465,5.402436383436813,6,busy,0
